{
  "rows": [
    {
      "dmu": -0.020202707317519466,
      "dz_dmu_inf": 0.8871202335949533,
      "dz_dmu_rms": 0.38563092091619383,
      "final_dominant": "interval_R",
      "final_full": 7.558226920621971e-06,
      "final_square": 7.558226920621971e-06,
      "initial_dominant": "interval_R",
      "initial_full": 0.000110321265174977,
      "initial_interval_E": 3.1879346534039315e-05,
      "initial_interval_R": 0.000110321265174977,
      "initial_square": 0.000110321265174977,
      "local_norm_max": "nan",
      "polish_message": "The maximum number of function evaluations is exceeded.",
      "polish_nfev": 180,
      "polish_success": false,
      "predictor": "tangent",
      "ratio": 0.00098,
      "tangent_condition": 52330995541.45289,
      "tangent_damping": 0.0,
      "tangent_linear_residual": 0.005514837413552157,
      "tangent_maxiter": 2000,
      "tangent_method": "lsmr",
      "tangent_test_square": 1.324391051564157e-06,
      "valid_fraction": 1.0
    },
    {
      "dmu": -0.05129329438755058,
      "dz_dmu_inf": 0.8871202335949533,
      "dz_dmu_rms": 0.38563092091619383,
      "final_dominant": "interval_R",
      "final_full": 1.565070546466926e-05,
      "final_square": 1.565070546466926e-05,
      "initial_dominant": "interval_R",
      "initial_full": 0.0002781491871693695,
      "initial_interval_E": 0.00020153421403026816,
      "initial_interval_R": 0.0002781491871693695,
      "initial_square": 0.0002781491871693695,
      "local_norm_max": "nan",
      "polish_message": "The maximum number of function evaluations is exceeded.",
      "polish_nfev": 180,
      "polish_success": false,
      "predictor": "tangent",
      "ratio": 0.00095,
      "tangent_condition": 52330995541.45289,
      "tangent_damping": 0.0,
      "tangent_linear_residual": 0.005514837413552157,
      "tangent_maxiter": 2000,
      "tangent_method": "lsmr",
      "tangent_test_square": 1.324391051564157e-06,
      "valid_fraction": 1.0
    },
    {
      "dmu": -0.1053605156578264,
      "dz_dmu_inf": 0.8871202335949533,
      "dz_dmu_rms": 0.38563092091619383,
      "final_dominant": "interval_R",
      "final_full": 4.888129576802209e-05,
      "final_square": 4.888129576802209e-05,
      "initial_dominant": "interval_E",
      "initial_full": 0.0008252010016141584,
      "initial_interval_E": 0.0008252010016141584,
      "initial_interval_R": 0.0005618395584507072,
      "initial_square": 0.0008252010016141584,
      "local_norm_max": "nan",
      "polish_message": "The maximum number of function evaluations is exceeded.",
      "polish_nfev": 180,
      "polish_success": false,
      "predictor": "tangent",
      "ratio": 0.0009,
      "tangent_condition": 52330995541.45289,
      "tangent_damping": 0.0,
      "tangent_linear_residual": 0.005514837413552157,
      "tangent_maxiter": 2000,
      "tangent_method": "lsmr",
      "tangent_test_square": 1.324391051564157e-06,
      "valid_fraction": 1.0
    },
    {
      "dmu": 0.01980262729617973,
      "dz_dmu_inf": 0.8871202335949533,
      "dz_dmu_rms": 0.38563092091619383,
      "final_dominant": "interval_R",
      "final_full": 1.2670832817576385e-05,
      "final_square": 1.2670832817576385e-05,
      "initial_dominant": "interval_R",
      "initial_full": 0.00011025785612999392,
      "initial_interval_E": 3.1065725925607e-05,
      "initial_interval_R": 0.00011025785612999392,
      "initial_square": 0.00011025785612999392,
      "local_norm_max": "nan",
      "polish_message": "The maximum number of function evaluations is exceeded.",
      "polish_nfev": 180,
      "polish_success": false,
      "predictor": "tangent",
      "ratio": 0.00102,
      "tangent_condition": 52330995541.45289,
      "tangent_damping": 0.0,
      "tangent_linear_residual": 0.005514837413552157,
      "tangent_maxiter": 2000,
      "tangent_method": "lsmr",
      "tangent_test_square": 1.324391051564157e-06,
      "valid_fraction": 1.0
    },
    {
      "dmu": 0.048790164169431834,
      "dz_dmu_inf": 0.8871202335949533,
      "dz_dmu_rms": 0.38563092091619383,
      "final_dominant": "interval_R",
      "final_full": 3.5622389182281934e-05,
      "final_square": 3.5622389182281934e-05,
      "initial_dominant": "interval_R",
      "initial_full": 0.00027309985684478334,
      "initial_interval_E": 0.00019215976520406435,
      "initial_interval_R": 0.00027309985684478334,
      "initial_square": 0.00027309985684478334,
      "local_norm_max": "nan",
      "polish_message": "The maximum number of function evaluations is exceeded.",
      "polish_nfev": 180,
      "polish_success": false,
      "predictor": "tangent",
      "ratio": 0.00105,
      "tangent_condition": 52330995541.45289,
      "tangent_damping": 0.0,
      "tangent_linear_residual": 0.005514837413552157,
      "tangent_maxiter": 2000,
      "tangent_method": "lsmr",
      "tangent_test_square": 1.324391051564157e-06,
      "valid_fraction": 1.0
    },
    {
      "dmu": 0.09531017980432493,
      "dz_dmu_inf": 0.8871202335949533,
      "dz_dmu_rms": 0.38563092091619383,
      "final_dominant": "interval_R",
      "final_full": 6.590595812400918e-05,
      "final_square": 6.590595812400918e-05,
      "initial_dominant": "C2",
      "initial_full": 0.0009405917888237537,
      "initial_interval_E": 0.000753715519929003,
      "initial_interval_R": 0.000539212538095379,
      "initial_square": 0.0009405917888237537,
      "local_norm_max": "nan",
      "polish_message": "The maximum number of function evaluations is exceeded.",
      "polish_nfev": 180,
      "polish_success": false,
      "predictor": "tangent",
      "ratio": 0.0011,
      "tangent_condition": 52330995541.45289,
      "tangent_damping": 0.0,
      "tangent_linear_residual": 0.005514837413552157,
      "tangent_maxiter": 2000,
      "tangent_method": "lsmr",
      "tangent_test_square": 1.324391051564157e-06,
      "valid_fraction": 1.0
    }
  ],
  "tangent": {
    "dz_dmu_inf": 0.8871202335949533,
    "dz_dmu_rms": 0.38563092091619383,
    "tangent_condition": 52330995541.45289,
    "tangent_damping": 0.0,
    "tangent_linear_residual": 0.005514837413552157,
    "tangent_maxiter": 2000,
    "tangent_method": "lsmr",
    "tangent_test_square": 1.324391051564157e-06
  }
}
