{
  "cases": [
    {
      "N": 768,
      "case": "fs080_to0805",
      "current_fraction": 0.8,
      "current_full": 3.463894618490823e-08,
      "current_path": "outputs/checkpoints/standard_slim_stream_residual_remesh_fs080_N640_N768_N896_s12/N768_s12_mass_0p8_torque_0p005_mdot_2_N768.npz",
      "previous_fraction": 0.7,
      "previous_on_current_grid_full": 0.004897200430501853,
      "previous_path": "outputs/checkpoints/standard_slim_stream_residual_remesh_fs070_N640_N768_N896_s12/N768_s12_mass_0p7_torque_0p005_mdot_2_N768.npz",
      "tangent_dz_df_inf": 7.183682042077101,
      "tangent_dz_df_rms": 1.7387108092435164,
      "tangent_jacobian_build_elapsed_s": 3.607536666095257,
      "tangent_jacobian_nnz": 9217,
      "tangent_jacobian_shape": [
        1538,
        1538
      ],
      "tangent_linear_damping": 0.0,
      "tangent_linear_residual_max": 0.00021194734698685644,
      "tangent_linear_scaled_residual_max": 2.3919863689769727e-07,
      "tangent_linear_solve_elapsed_s": 0.7845287921372801,
      "tangent_source_fd_step": 1e-05,
      "tangent_tangent_method": "equilibrated_lsmr",
      "target_fraction": 0.805
    },
    {
      "N": 768,
      "case": "fs0805_to0808585",
      "current_fraction": 0.805,
      "current_full": 9.605869011412296e-08,
      "current_path": "outputs/checkpoints/standard_slim_stream_residual_remesh_fs0805_N640_N768_N896_s12/N768_s12_mass_0p805_torque_0p005_mdot_2_N768.npz",
      "previous_fraction": 0.8,
      "previous_on_current_grid_full": 0.01267468014300693,
      "previous_path": "outputs/checkpoints/standard_slim_stream_residual_remesh_fs080_N640_N768_N896_s12/N768_s12_mass_0p8_torque_0p005_mdot_2_N768.npz",
      "tangent_dz_df_inf": 7.887974209780097,
      "tangent_dz_df_rms": 2.045455481000921,
      "tangent_jacobian_build_elapsed_s": 3.651806457899511,
      "tangent_jacobian_nnz": 9217,
      "tangent_jacobian_shape": [
        1538,
        1538
      ],
      "tangent_linear_damping": 0.0,
      "tangent_linear_residual_max": 1.316228193237734e-05,
      "tangent_linear_scaled_residual_max": 5.175691430991947e-09,
      "tangent_linear_solve_elapsed_s": 0.795494084013626,
      "tangent_source_fd_step": 1e-05,
      "tangent_tangent_method": "equilibrated_lsmr",
      "target_fraction": 0.808585
    },
    {
      "N": 768,
      "case": "fs0808585_to081",
      "current_fraction": 0.8085850000000003,
      "current_full": 3.164654585504885e-08,
      "current_path": "outputs/checkpoints/standard_slim_stream_residual_remesh_fs0808585_N768_N896_s12/N768_s12_mass_0p808585_torque_0p005_mdot_2_N768.npz",
      "previous_fraction": 0.805,
      "previous_on_current_grid_full": 0.04746458303163552,
      "previous_path": "outputs/checkpoints/standard_slim_stream_residual_remesh_fs0805_N640_N768_N896_s12/N768_s12_mass_0p805_torque_0p005_mdot_2_N768.npz",
      "tangent_dz_df_inf": 8.02877059835397,
      "tangent_dz_df_rms": 2.2478389504569547,
      "tangent_jacobian_build_elapsed_s": 3.6256696251221,
      "tangent_jacobian_nnz": 9217,
      "tangent_jacobian_shape": [
        1538,
        1538
      ],
      "tangent_linear_damping": 0.0,
      "tangent_linear_residual_max": 1.1659043109624179e-05,
      "tangent_linear_scaled_residual_max": 2.3590447569563425e-09,
      "tangent_linear_solve_elapsed_s": 0.7885013341438025,
      "tangent_source_fd_step": 1e-05,
      "tangent_tangent_method": "equilibrated_lsmr",
      "target_fraction": 0.81
    }
  ],
  "rows": [
    {
      "N": 768,
      "R_out_rg": 300.0,
      "case": "fs080_to0805",
      "final_Lrad_LEdd": "nan",
      "final_Rson_rg": "nan",
      "final_dominant": "-",
      "final_f_adv_global": "nan",
      "final_f_adv_inner": "nan",
      "final_full": "nan",
      "final_interval_E": "nan",
      "final_max_H_R": "nan",
      "final_outer_omega": "nan",
      "final_peak_E_rg": "nan",
      "final_square": "nan",
      "initial_dominant": "interval_E",
      "initial_full": 0.09993683166799568,
      "initial_interval_E": 0.09993683166799568,
      "initial_interval_R": 0.055521311505913475,
      "initial_outer_omega": 0.027048842505335492,
      "initial_peak_E_rg": 251.57060192722196,
      "initial_square": 0.09993683166799568,
      "polish_iterations": 0,
      "polish_message": "-",
      "polish_nfev": 0,
      "polish_pivot": "-",
      "polish_success": false,
      "predictor": "current",
      "ratio": 2.0,
      "seed_damping": "nan",
      "seed_detail": "current",
      "target_fraction": 0.805
    },
    {
      "N": 768,
      "R_out_rg": 300.0,
      "case": "fs080_to0805",
      "final_Lrad_LEdd": "nan",
      "final_Rson_rg": "nan",
      "final_dominant": "-",
      "final_f_adv_global": "nan",
      "final_f_adv_inner": "nan",
      "final_full": "nan",
      "final_interval_E": "nan",
      "final_max_H_R": "nan",
      "final_outer_omega": "nan",
      "final_peak_E_rg": "nan",
      "final_square": "nan",
      "initial_dominant": "interval_E",
      "initial_full": 0.030631077474903526,
      "initial_interval_E": 0.030631077474903526,
      "initial_interval_R": 0.014444388722531626,
      "initial_outer_omega": 0.007174856685143358,
      "initial_peak_E_rg": 261.80996896392816,
      "initial_square": 0.030631077474903526,
      "polish_iterations": 0,
      "polish_message": "-",
      "polish_nfev": 0,
      "polish_pivot": "-",
      "polish_success": false,
      "predictor": "secant",
      "ratio": 2.0,
      "seed_damping": 1.0,
      "seed_detail": "secant:1",
      "target_fraction": 0.805
    },
    {
      "N": 768,
      "R_out_rg": 300.0,
      "case": "fs080_to0805",
      "dz_df_inf": 7.183682042077101,
      "dz_df_rms": 1.7387108092435164,
      "final_Lrad_LEdd": 0.8673788418492805,
      "final_Mdot_center_over_inner": 0.5974999999999999,
      "final_Mdot_inner_over_param": 1.0,
      "final_Mdot_outer_over_inner": 0.19802975791319177,
      "final_Rinj_mass_rg": 240.0,
      "final_Rinj_torque_rg": 240.0,
      "final_Rson_rg": 4.659919694484173,
      "final_dMdot_dlnR_center_over_inner": -5.03125,
      "final_dMdot_dlnR_outer_over_inner": -0.07545887227039783,
      "final_dominant": "outer_omega",
      "final_f_adv_global": 0.20393064981534384,
      "final_f_adv_inner": 0.09473979534700204,
      "final_f_adv_inner_pos": 0.2675544457939306,
      "final_f_adv_pos": 0.27314432662735766,
      "final_full": 1.3967412515710539e-06,
      "final_interval_E": 6.7873260831106035e-09,
      "final_mass_budget_error_over_inner": 3.19347375796019e-05,
      "final_max_H_R": 0.22689931995673057,
      "final_outer_omega": 1.3967412515710539e-06,
      "final_peak_E_rg": 280.0035483243975,
      "final_relative_mass_budget_error": 3.19347375796019e-05,
      "final_source_fraction": 0.805,
      "final_square": 1.3967412515710539e-06,
      "final_stream_l_outer_over_lKinj": 0.004981181627868374,
      "final_stream_source_integral_over_inner": 0.8020021768243878,
      "final_torque_fraction": 0.005,
      "final_wind_sink_integral_over_inner": 0.0,
      "initial_dominant": "interval_E",
      "initial_full": 0.004280822460987278,
      "initial_interval_E": 0.004280822460987278,
      "initial_interval_R": 0.0009565791676192438,
      "initial_outer_omega": 0.00047241338770412974,
      "initial_peak_E_rg": 269.4519050386259,
      "initial_square": 0.004280822460987278,
      "jacobian_build_elapsed_s": 3.607536666095257,
      "jacobian_nnz": 9217,
      "jacobian_shape": [
        1538,
        1538
      ],
      "linear_damping": 0.0,
      "linear_residual_max": 0.00021194734698685644,
      "linear_scaled_residual_max": 2.3919863689769727e-07,
      "linear_solve_elapsed_s": 0.7845287921372801,
      "polish_elapsed_s": 41.4346283338964,
      "polish_iterations": 9,
      "polish_message": "square Newton polish converged",
      "polish_nfev": 10,
      "polish_pivot": "C2",
      "polish_success": true,
      "predictor": "tangent",
      "ratio": 2.0,