path,file_type,bytes,sha256,git_status,scientific_category,proposed_action,reason,replacement_or_archive
outputs/tables/transonic_desingularized_barrier_flow_long_trace.json,json,37615192,732cdbdd2154f5563e8942ecb536eea0d04f2777257ccb53b17e84cbdeb9cc98,tracked,generated_scientific_artifact,ARCHIVE,Bulk generated output; decisive cases will be copied into results/canonical.,IMBH_legacy_steady_dae_artifacts_pre-cleanup-p0-2026-07-11.tar.gz:outputs/tables/transonic_desingularized_barrier_flow_long_trace.json
outputs/tables/transonic_desingularized_barrier_flow_trace.json,json,18810692,8d0e3ed1dc77dca3c8207db99f238da7fbf5d3a0a32ff5266cdf294bb131ff35,tracked,generated_scientific_artifact,ARCHIVE,Bulk generated output; decisive cases will be copied into results/canonical.,IMBH_legacy_steady_dae_artifacts_pre-cleanup-p0-2026-07-11.tar.gz:outputs/tables/transonic_desingularized_barrier_flow_trace.json
outputs/tables/transonic_desingularized_barrier_flow_ds5e4_trace.json,json,18808374,22d3d6ebcf1b790fd88b54437828c9f662814cdde8783e749cf28bd18ff5dff5,tracked,generated_scientific_artifact,ARCHIVE,Bulk generated output; decisive cases will be copied into results/canonical.,IMBH_legacy_steady_dae_artifacts_pre-cleanup-p0-2026-07-11.tar.gz:outputs/tables/transonic_desingularized_barrier_flow_ds5e4_trace.json
outputs/tables/standard_slim_stream_residual_remesh_fs0805_N640_N768_N896_s12_profiles.json,json,15134144,e9c020b737cfca09ad4b34c469646884ea138b6ee3254cc8fc18378791b31334,tracked,generated_scientific_artifact,ARCHIVE,Bulk generated output; decisive cases will be copied into results/canonical.,IMBH_legacy_steady_dae_artifacts_pre-cleanup-p0-2026-07-11.tar.gz:outputs/tables/standard_slim_stream_residual_remesh_fs0805_N640_N768_N896_s12_profiles.json
outputs/tables/standard_slim_stream_residual_remesh_fs070_N640_N768_N896_s12_profiles.json,json,15079466,6a01074c16aeab57d3fd67dde86116c5fcccd1290e705c2edf79cd8081e5c35d,tracked,generated_scientific_artifact,ARCHIVE,Bulk generated output; decisive cases will be copied into results/canonical.,IMBH_legacy_steady_dae_artifacts_pre-cleanup-p0-2026-07-11.tar.gz:outputs/tables/standard_slim_stream_residual_remesh_fs070_N640_N768_N896_s12_profiles.json
outputs/tables/standard_slim_stream_residual_remesh_fs080_N640_N768_N896_s12_profiles.json,json,15017081,637431789f8794de2f2e3f72815f2f49f32362a204fd21d97681c8ed204e51c2,tracked,generated_scientific_artifact,ARCHIVE,Bulk generated output; decisive cases will be copied into results/canonical.,IMBH_legacy_steady_dae_artifacts_pre-cleanup-p0-2026-07-11.tar.gz:outputs/tables/standard_slim_stream_residual_remesh_fs080_N640_N768_N896_s12_profiles.json
outputs/tables/transonic_branch_barrier_audit_points.json,json,13792328,335e075697955452da1316a864a631bfd4005559e38c5e731b9b42e33253b63a,tracked,generated_scientific_artifact,ARCHIVE,Bulk generated output; decisive cases will be copied into results/canonical.,IMBH_legacy_steady_dae_artifacts_pre-cleanup-p0-2026-07-11.tar.gz:outputs/tables/transonic_branch_barrier_audit_points.json
outputs/tables/standard_slim_stream_residual_remesh_fs0808585_N768_N896_s12_profiles.json,json,10939028,8df8793938631b47a91f34f8c0dfcf8dd0497cf968abe209e5f06d2d5584bb06,tracked,generated_scientific_artifact,ARCHIVE,Bulk generated output; decisive cases will be copied into results/canonical.,IMBH_legacy_steady_dae_artifacts_pre-cleanup-p0-2026-07-11.tar.gz:outputs/tables/standard_slim_stream_residual_remesh_fs0808585_N768_N896_s12_profiles.json
Literature/Hirose_2009_ApJ_691_16.pdf,pdf,9128891,122b77aafc56e684760fa837050cce9d6f415b08d108926674b3c91932013d4c,tracked,reference_full_text,DELETE,Do not distribute full-paper PDFs in the source tree; replace with bibliography.,IMBH_legacy_steady_dae_artifacts_pre-cleanup-p0-2026-07-11.tar.gz:Literature/Hirose_2009_ApJ_691_16.pdf
outputs/tables/m5_eta_endpoint_validity_audit_98p125_N164_profiles.json,json,6385940,7b8ceaa15e89b5fcc930f5648ff09427f89e349ec231cdea647ff2f323fa7007,tracked,generated_scientific_artifact,ARCHIVE,Bulk generated output; decisive cases will be copied into results/canonical.,IMBH_legacy_steady_dae_artifacts_pre-cleanup-p0-2026-07-11.tar.gz:outputs/tables/m5_eta_endpoint_validity_audit_98p125_N164_profiles.json
outputs/tables/high_mdot_stream_source_compact_full_residual_remesh_N896_s12_profiles.json,json,5081304,91335f8fbbdac3d678eafff36208d89f978ba2ae3be316ded9b1cbcbc53dca66,tracked,generated_scientific_artifact,ARCHIVE,Bulk generated output; decisive cases will be copied into results/canonical.,IMBH_legacy_steady_dae_artifacts_pre-cleanup-p0-2026-07-11.tar.gz:outputs/tables/high_mdot_stream_source_compact_full_residual_remesh_N896_s12_profiles.json
outputs/tables/high_mdot_stream_source_compact_full_residual_remesh_N640_s12_profiles.json,json,4354723,09c25a34229198679271cd891b4e821d73c8d799ca58f2e1040575251884234c,tracked,generated_scientific_artifact,ARCHIVE,Bulk generated output; decisive cases will be copied into results/canonical.,IMBH_legacy_steady_dae_artifacts_pre-cleanup-p0-2026-07-11.tar.gz:outputs/tables/high_mdot_stream_source_compact_full_residual_remesh_N640_s12_profiles.json
outputs/tables/standard_slim_stream_residual_remesh_fs0808585_N640_s12_profiles.json,json,4211310,d1bdaeb8af8f9e66c551a4bb5d51ab1e2d258491bd2f1f074f859019b5926c30,tracked,generated_scientific_artifact,ARCHIVE,Bulk generated output; decisive cases will be copied into results/canonical.,IMBH_legacy_steady_dae_artifacts_pre-cleanup-p0-2026-07-11.tar.gz:outputs/tables/standard_slim_stream_residual_remesh_fs0808585_N640_s12_profiles.json
outputs/tables/slim_benchmark_outer_entropy_adaptive_rescue_residual_profile.json,json,4118011,151135051ae5f040695b7700e16d9a34a729abc9a04911d2217c1502b59c646e,tracked,generated_scientific_artifact,ARCHIVE,Bulk generated output; decisive cases will be copied into results/canonical.,IMBH_legacy_steady_dae_artifacts_pre-cleanup-p0-2026-07-11.tar.gz:outputs/tables/slim_benchmark_outer_entropy_adaptive_rescue_residual_profile.json
Literature/2211.00704v1.pdf,pdf,3972599,45bb4e904e5fc88df2bec4e64963103553f88f01e4c166923137ac33aa53e61f,tracked,reference_full_text,DELETE,Do not distribute full-paper PDFs in the source tree; replace with bibliography.,IMBH_legacy_steady_dae_artifacts_pre-cleanup-p0-2026-07-11.tar.gz:Literature/2211.00704v1.pdf
outputs/tables/m5_wind_shen_slope_profiles.json,json,3729632,781df81c9544ef88dc30c412d4f984a9577392a94e6add8272aee7ab7d37d316,tracked,generated_scientific_artifact,ARCHIVE,Bulk generated output; decisive cases will be copied into results/canonical.,IMBH_legacy_steady_dae_artifacts_pre-cleanup-p0-2026-07-11.tar.gz:outputs/tables/m5_wind_shen_slope_profiles.json
outputs/tables/high_mdot_stream_compact_outer_buffer_ladder_validation_profile.json,json,3727854,8f6b9fbf2b0ca46852c4844ded6b54e879a83200b5f7e86dca07edf9a5d7476b,tracked,generated_scientific_artifact,ARCHIVE,Bulk generated output; decisive cases will be copied into results/canonical.,IMBH_legacy_steady_dae_artifacts_pre-cleanup-p0-2026-07-11.tar.gz:outputs/tables/high_mdot_stream_compact_outer_buffer_ladder_validation_profile.json
Literature/Zhu_2016_ApJ_832_193.pdf,pdf,3677450,db994f69c8f0bfa8872ae26ff3d3a2d1b1acaa5b1713a1400bf881602fb8ac24,tracked,reference_full_text,DELETE,Do not distribute full-paper PDFs in the source tree; replace with bibliography.,IMBH_legacy_steady_dae_artifacts_pre-cleanup-p0-2026-07-11.tar.gz:Literature/Zhu_2016_ApJ_832_193.pdf
outputs/tables/m5_eta_phase_critical_classification_98p125_N164_profiles.json,json,3655742,697b98493e7d126637a242b1de595c452fc85f9dfd0202d5c6bb909802a5890c,tracked,generated_scientific_artifact,ARCHIVE,Bulk generated output; decisive cases will be copied into results/canonical.,IMBH_legacy_steady_dae_artifacts_pre-cleanup-p0-2026-07-11.tar.gz:outputs/tables/m5_eta_phase_critical_classification_98p125_N164_profiles.json
outputs/tables/slim_benchmark_outer_entropy_staged_residual_profile.json,json,3430957,cb011ba4ff7a072b5aa639d51541b9fdbf918305aa5ce4f02e537f3d1e99f1d5,tracked,generated_scientific_artifact,ARCHIVE,Bulk generated output; decisive cases will be copied into results/canonical.,IMBH_legacy_steady_dae_artifacts_pre-cleanup-p0-2026-07-11.tar.gz:outputs/tables/slim_benchmark_outer_entropy_staged_residual_profile.json
outputs/tables/slim_benchmark_high_mdot_no_wind_certified_to5_residual_profile.json,json,3386727,1119ded6406e9fa39f390b954fc46ee1034b1f95ee537c8df908cbcf1221b45e,tracked,generated_scientific_artifact,ARCHIVE,Bulk generated output; decisive cases will be copied into results/canonical.,IMBH_legacy_steady_dae_artifacts_pre-cleanup-p0-2026-07-11.tar.gz:outputs/tables/slim_benchmark_high_mdot_no_wind_certified_to5_residual_profile.json
outputs/tables/m5_eta_reduced_ladder_98p149_to98p125_N164_profiles.json,json,3331546,a03924367546100c97b905cb8bda856b7a71ba242996b2622158f6f197fa7226,tracked,generated_scientific_artifact,ARCHIVE,Bulk generated output; decisive cases will be copied into results/canonical.,IMBH_legacy_steady_dae_artifacts_pre-cleanup-p0-2026-07-11.tar.gz:outputs/tables/m5_eta_reduced_ladder_98p149_to98p125_N164_profiles.json
outputs/tables/slim_benchmark_high_rate_residual_profile.json,json,3295695,e58de9f3a1bb3d3e933ec7f478de3a26748c8762b5a6976cf3ca2f569c956feb,tracked,generated_scientific_artifact,ARCHIVE,Bulk generated output; decisive cases will be copied into results/canonical.,IMBH_legacy_steady_dae_artifacts_pre-cleanup-p0-2026-07-11.tar.gz:outputs/tables/slim_benchmark_high_rate_residual_profile.json
outputs/tables/slim_benchmark_high_mdot_no_wind_N640_to5_residual_profile.json,json,3252160,f1c4c093304adc15a809e97b779e30fddd8edbd5c39d6a72638a0501fca5520f,tracked,generated_scientific_artifact,ARCHIVE,Bulk generated output; decisive cases will be copied into results/canonical.,IMBH_legacy_steady_dae_artifacts_pre-cleanup-p0-2026-07-11.tar.gz:outputs/tables/slim_benchmark_high_mdot_no_wind_N640_to5_residual_profile.json
outputs/tables/high_mdot_stream_outer_buffer_interval_profile_no_seed_ladder_0897_to090.json,json,2803791,a4f3f57a7a821585dcf4eb10d02716e5004630a731585ee5c451ceed501028c8,tracked,generated_scientific_artifact,ARCHIVE,Bulk generated output; decisive cases will be copied into results/canonical.,IMBH_legacy_steady_dae_artifacts_pre-cleanup-p0-2026-07-11.tar.gz:outputs/tables/high_mdot_stream_outer_buffer_interval_profile_no_seed_ladder_0897_to090.json
outputs/tables/slim_benchmark_high_rate_residual_profile_N640_grid060_0p93_1_certify.json,json,2758607,0d5ed7bee4bd068fd7b4eed132ce3a7506f5f3ffe12e8febd57b0d4f71cee0c3,tracked,generated_scientific_artifact,ARCHIVE,Bulk generated output; decisive cases will be copied into results/canonical.,IMBH_legacy_steady_dae_artifacts_pre-cleanup-p0-2026-07-11.tar.gz:outputs/tables/slim_benchmark_high_rate_residual_profile_N640_grid060_0p93_1_certify.json
outputs/tables/high_mdot_stream_source_m2_adaptive_front_residual_localization.json,json,2457375,c1925de340f798e25dde268ea6c423454cd113b4061111b1a4533d31da5de007,tracked,generated_scientific_artifact,ARCHIVE,Bulk generated output; decisive cases will be copied into results/canonical.,IMBH_legacy_steady_dae_artifacts_pre-cleanup-p0-2026-07-11.tar.gz:outputs/tables/high_mdot_stream_source_m2_adaptive_front_residual_localization.json
outputs/tables/slim_benchmark_outer_entropy_adaptive_continuation_residual_profile.json,json,2053174,16819d52db5a0c6ac9468e68942bdf556e6c079dc83afd56e1cef7e065501615,tracked,generated_scientific_artifact,ARCHIVE,Bulk generated output; decisive cases will be copied into results/canonical.,IMBH_legacy_steady_dae_artifacts_pre-cleanup-p0-2026-07-11.tar.gz:outputs/tables/slim_benchmark_outer_entropy_adaptive_continuation_residual_profile.json
outputs/tables/high_mdot_stream_compact_outer_buffer_interval_profile_r300_305_310_335.json,json,1876641,56655a2b112b5a8464df2150dbaea20e12ae8351482d5760a3ff943768ff6e7d,tracked,generated_scientific_artifact,ARCHIVE,Bulk generated output; decisive cases will be copied into results/canonical.,IMBH_legacy_steady_dae_artifacts_pre-cleanup-p0-2026-07-11.tar.gz:outputs/tables/high_mdot_stream_compact_outer_buffer_interval_profile_r300_305_310_335.json
outputs/tables/high_mdot_stream_compact_outer_closure_interval_profile_rout310_from305.json,json,1872509,888adc5037890e016f01b89d7d1913616283ddf68d55044efbecfc2f5041e45e,tracked,generated_scientific_artifact,ARCHIVE,Bulk generated output; decisive cases will be copied into results/canonical.,IMBH_legacy_steady_dae_artifacts_pre-cleanup-p0-2026-07-11.tar.gz:outputs/tables/high_mdot_stream_compact_outer_closure_interval_profile_rout310_from305.json
outputs/tables/high_mdot_stream_outer_buffer_interval_profile_0895_to0897.json,json,1867057,b893fdfaa4f493579113870f06f879fc7783ef07959f9007351d337621ab03b4,tracked,generated_scientific_artifact,ARCHIVE,Bulk generated output; decisive cases will be copied into results/canonical.,IMBH_legacy_steady_dae_artifacts_pre-cleanup-p0-2026-07-11.tar.gz:outputs/tables/high_mdot_stream_outer_buffer_interval_profile_0895_to0897.json
outputs/tables/high_mdot_stream_compact_interval_profile_fs08338_to08365.json,json,1864932,6491a57cda9074e75e1ff5e769843111bf2993ba71529e0c54e13de249c0520b,tracked,generated_scientific_artifact,ARCHIVE,Bulk generated output; decisive cases will be copied into results/canonical.,IMBH_legacy_steady_dae_artifacts_pre-cleanup-p0-2026-07-11.tar.gz:outputs/tables/high_mdot_stream_compact_interval_profile_fs08338_to08365.json
outputs/tables/m5_eta_independent_outer_manifold_98p125_N164_profiles.json,json,1858675,3bfae471583c3288ff546cb27fd399bde9e532fc763eec5ea4bd811351ffc29b,tracked,generated_scientific_artifact,ARCHIVE,Bulk generated output; decisive cases will be copied into results/canonical.,IMBH_legacy_steady_dae_artifacts_pre-cleanup-p0-2026-07-11.tar.gz:outputs/tables/m5_eta_independent_outer_manifold_98p125_N164_profiles.json
Literature/Tanigawa_2012_ApJ_747_47.pdf,pdf,1702663,fa423fcf37f594f1ea3fc7e2dd165a1c6567c8b705518062180c3a629aa2e75b,tracked,reference_full_text,DELETE,Do not distribute full-paper PDFs in the source tree; replace with bibliography.,IMBH_legacy_steady_dae_artifacts_pre-cleanup-p0-2026-07-11.tar.gz:Literature/Tanigawa_2012_ApJ_747_47.pdf
outputs/tables/high_mdot_stream_source_m2_fs0805_residual_localization.json,json,1627266,4e91bacd7980b929e90fa97e220308ee6514033ba8612883c087ff3530c41c80,tracked,generated_scientific_artifact,ARCHIVE,Bulk generated output; decisive cases will be copied into results/canonical.,IMBH_legacy_steady_dae_artifacts_pre-cleanup-p0-2026-07-11.tar.gz:outputs/tables/high_mdot_stream_source_m2_fs0805_residual_localization.json
outputs/tables/source_fraction_interval_E_diagnostics_fs049.json,json,1604133,fdf4759db0c7a0940a77b1fccc2c5307d4f5478deb00d8ad4b85aae9e6bd7643,tracked,generated_scientific_artifact,ARCHIVE,Bulk generated output; decisive cases will be copied into results/canonical.,IMBH_legacy_steady_dae_artifacts_pre-cleanup-p0-2026-07-11.tar.gz:outputs/tables/source_fraction_interval_E_diagnostics_fs049.json
outputs/tables/m5_eta_reduced_ladder_98p149_to98p125_N164.json,json,1539104,ca0d816dc5e87c6e0f1d7e54e73a3fa9efbcb64172b4747ab0d8a926615419c8,tracked,generated_scientific_artifact,ARCHIVE,Bulk generated output; decisive cases will be copied into results/canonical.,IMBH_legacy_steady_dae_artifacts_pre-cleanup-p0-2026-07-11.tar.gz:outputs/tables/m5_eta_reduced_ladder_98p149_to98p125_N164.json
scripts/run_mdot5_local_mdot_eta_continuation.py,py,1469321,aa3d7551378ddf3a02bb7bf71732cb3883bd35e7cfa6ed35f1621777bea983b0,tracked,scientific_runner,KEEP,Retain pending dependency audit; archive candidates require parity evidence.,scripts/ or legacy tag
Literature/Shen_2014_ApJ_784_87.pdf,pdf,1398304,541ba714598d2e70acf465947c4f6e5aa5a8eb3ca8dcbc59e89548782b0ba86c,tracked,reference_full_text,DELETE,Do not distribute full-paper PDFs in the source tree; replace with bibliography.,IMBH_legacy_steady_dae_artifacts_pre-cleanup-p0-2026-07-11.tar.gz:Literature/Shen_2014_ApJ_784_87.pdf
outputs/tables/high_mdot_stream_outer_buffer_interval_profile_088_089_090_repolished.json,json,1392712,06fbe06234fc6e29f5f409933363bff9d50c57fe8d5411fe11ad2bf1b4fa61cd,tracked,generated_scientific_artifact,ARCHIVE,Bulk generated output; decisive cases will be copied into results/canonical.,IMBH_legacy_steady_dae_artifacts_pre-cleanup-p0-2026-07-11.tar.gz:outputs/tables/high_mdot_stream_outer_buffer_interval_profile_088_089_090_repolished.json
outputs/tables/m5_eta_micro_ladder_tangent_innerrelax_eval_N164_profiles.json,json,1332925,10b0bb2868db8d626d940e589d1c26462baf27b8a6cedcd8dfacb033f2e1524d,tracked,generated_scientific_artifact,ARCHIVE,Bulk generated output; decisive cases will be copied into results/canonical.,IMBH_legacy_steady_dae_artifacts_pre-cleanup-p0-2026-07-11.tar.gz:outputs/tables/m5_eta_micro_ladder_tangent_innerrelax_eval_N164_profiles.json
outputs/tables/m5_eta_micro_ladder_tangent_inner_massband85_eval_N164_profiles.json,json,1331493,58dfa717562eb0d0066fa12830b8b6034468abd56ef7a02abc0d06ff5c9fc3d2,tracked,generated_scientific_artifact,ARCHIVE,Bulk generated output; decisive cases will be copied into results/canonical.,IMBH_legacy_steady_dae_artifacts_pre-cleanup-p0-2026-07-11.tar.gz:outputs/tables/m5_eta_micro_ladder_tangent_inner_massband85_eval_N164_profiles.json
outputs/tables/m5_eta_micro_ladder_tangent_inner_massband_eval_N164_profiles.json,json,1331263,84a344e239c2fa489d7ca39043551a1dc94f3ac003f9e503024d9e36cbcf5f58,tracked,generated_scientific_artifact,ARCHIVE,Bulk generated output; decisive cases will be copied into results/canonical.,IMBH_legacy_steady_dae_artifacts_pre-cleanup-p0-2026-07-11.tar.gz:outputs/tables/m5_eta_micro_ladder_tangent_inner_massband_eval_N164_profiles.json
outputs/tables/m5_eta_micro_ladder_tangent_masspred02_inner_eval_N164_profiles.json,json,1327055,9994a3e44ab425e621a4c5103eda2f9c35a6d1d61a70ad287506c835a92367e0,tracked,generated_scientific_artifact,ARCHIVE,Bulk generated output; decisive cases will be copied into results/canonical.,IMBH_legacy_steady_dae_artifacts_pre-cleanup-p0-2026-07-11.tar.gz:outputs/tables/m5_eta_micro_ladder_tangent_masspred02_inner_eval_N164_profiles.json
outputs/tables/m5_eta_phase_critical_arc_ds00025_98p125_N164.json,json,1254588,4d099a8a0794ae7f638a1f74da5e5847f5fd4f69d262837a87881b335f32c1bc,tracked,generated_scientific_artifact,ARCHIVE,Bulk generated output; decisive cases will be copied into results/canonical.,IMBH_legacy_steady_dae_artifacts_pre-cleanup-p0-2026-07-11.tar.gz:outputs/tables/m5_eta_phase_critical_arc_ds00025_98p125_N164.json
Literature/Jiang_2013_ApJ_778_65.pdf,pdf,1247222,8748d2c3abd855828ebe80614a73590ac99dfffc295a8aec5c0cc73252ea5e1a,tracked,reference_full_text,DELETE,Do not distribute full-paper PDFs in the source tree; replace with bibliography.,IMBH_legacy_steady_dae_artifacts_pre-cleanup-p0-2026-07-11.tar.gz:Literature/Jiang_2013_ApJ_778_65.pdf
outputs/tables/m5_energy_wind_powerlaw_slope_profiles.json,json,1216294,da7cf8982b868782355021109af62df8e36ec498147fc72e18d4f7bb93ec398d,tracked,generated_scientific_artifact,ARCHIVE,Bulk generated output; decisive cases will be copied into results/canonical.,IMBH_legacy_steady_dae_artifacts_pre-cleanup-p0-2026-07-11.tar.gz:outputs/tables/m5_energy_wind_powerlaw_slope_profiles.json
outputs/tables/m5_energy_wind_powerlaw_mass_coupled_adaptive_0p05_to_0p10.json,json,1017208,6f7b15492fdc5abdf7b2b48e0bbc76bd021d0af981a387fe9b7e2bd8be403ed8,tracked,generated_scientific_artifact,ARCHIVE,Bulk generated output; decisive cases will be copied into results/canonical.,IMBH_legacy_steady_dae_artifacts_pre-cleanup-p0-2026-07-11.tar.gz:outputs/tables/m5_energy_wind_powerlaw_mass_coupled_adaptive_0p05_to_0p10.json
Literature/1988ApJ...332..646A,pdf,1010673,0519e48a0db0b2e4b0eda7db06e323386eb3371d68e7efb6bdbae895e0a731dc,tracked,reference_full_text,DELETE,Do not distribute full-paper PDFs in the source tree; replace with bibliography.,IMBH_legacy_steady_dae_artifacts_pre-cleanup-p0-2026-07-11.tar.gz:Literature/1988ApJ...332..646A
outputs/tables/m5_source_plus_buffer_identity_nowind_nosource_R220_260_N640_profiles.json,json,998168,d9f7955000c9ebf8aa879f81760b83bda2f38c77d879dcc0260d583ac43a986a,tracked,generated_scientific_artifact,ARCHIVE,Bulk generated output; decisive cases will be copied into results/canonical.,IMBH_legacy_steady_dae_artifacts_pre-cleanup-p0-2026-07-11.tar.gz:outputs/tables/m5_source_plus_buffer_identity_nowind_nosource_R220_260_N640_profiles.json
Literature/2602.16776v2.pdf,pdf,955609,b08cb46723fa1ca1410f80ba25f4f6634131c0097c8e26a0eb0060cb8f4d358d,tracked,reference_full_text,DELETE,Do not distribute full-paper PDFs in the source tree; replace with bibliography.,IMBH_legacy_steady_dae_artifacts_pre-cleanup-p0-2026-07-11.tar.gz:Literature/2602.16776v2.pdf
outputs/tables/high_mdot_stream_compact_outer_buffer_weighted_profile_rout310_335.json,json,943641,6238d532ef8c721760bd04974db62b451e9d33f5ae157a5e03463dccec844d39,tracked,generated_scientific_artifact,ARCHIVE,Bulk generated output; decisive cases will be copied into results/canonical.,IMBH_legacy_steady_dae_artifacts_pre-cleanup-p0-2026-07-11.tar.gz:outputs/tables/high_mdot_stream_compact_outer_buffer_weighted_profile_rout310_335.json
outputs/tables/high_mdot_stream_compact_interval_profile_integrated_fs08625_to08635_remesh.json,json,939368,27bc1bfc5488b9305e0371923c26db00581b208d3f996cf59ebbc85591574b03,tracked,generated_scientific_artifact,ARCHIVE,Bulk generated output; decisive cases will be copied into results/canonical.,IMBH_legacy_steady_dae_artifacts_pre-cleanup-p0-2026-07-11.tar.gz:outputs/tables/high_mdot_stream_compact_interval_profile_integrated_fs08625_to08635_remesh.json
outputs/tables/high_mdot_stream_compact_interval_profile_integrated_fs0850_to08625.json,json,930095,e48bae77a115a066292b29983c9ece232e0c8410a901c68832d6f32d1249bc67,tracked,generated_scientific_artifact,ARCHIVE,Bulk generated output; decisive cases will be copied into results/canonical.,IMBH_legacy_steady_dae_artifacts_pre-cleanup-p0-2026-07-11.tar.gz:outputs/tables/high_mdot_stream_compact_interval_profile_integrated_fs0850_to08625.json
Literature/2603.02517v2.pdf,pdf,845319,0328a9c00c13f5de83ab23f71fa0253ea37bda336a0804b27f062c602192c285,tracked,reference_full_text,DELETE,Do not distribute full-paper PDFs in the source tree; replace with bibliography.,IMBH_legacy_steady_dae_artifacts_pre-cleanup-p0-2026-07-11.tar.gz:Literature/2603.02517v2.pdf
outputs/tables/m5_local_mdot_eta90_source_element_consistency_audit_N251_profiles.json,json,843900,cb6381c518025e52c2018f779e90726170bf751f3f9f1cc25e984e6730df5036,tracked,generated_scientific_artifact,ARCHIVE,Bulk generated output; decisive cases will be copied into results/canonical.,IMBH_legacy_steady_dae_artifacts_pre-cleanup-p0-2026-07-11.tar.gz:outputs/tables/m5_local_mdot_eta90_source_element_consistency_audit_N251_profiles.json
outputs/tables/m5_energy_wind_powerlaw_mass_coupled_adaptive_0p03_to_0p05.json,json,782587,df2f72a03f9a30fdc7633cf60be8da8a5c36f19acac7ca7e48a46d2c99cc21a8,tracked,generated_scientific_artifact,ARCHIVE,Bulk generated output; decisive cases will be copied into results/canonical.,IMBH_legacy_steady_dae_artifacts_pre-cleanup-p0-2026-07-11.tar.gz:outputs/tables/m5_energy_wind_powerlaw_mass_coupled_adaptive_0p03_to_0p05.json
Literature/Pan_2022_ApJL_928_L18.pdf,pdf,693501,8ebd6255bfb19742381479cf84f4f09b9e2a345df62522445bf9c34a67521e3f,tracked,reference_full_text,DELETE,Do not distribute full-paper PDFs in the source tree; replace with bibliography.,IMBH_legacy_steady_dae_artifacts_pre-cleanup-p0-2026-07-11.tar.gz:Literature/Pan_2022_ApJL_928_L18.pdf
outputs/tables/slim_benchmark_mdot_residual_profiles.json,json,691241,47e07080ac402cd53e84cfd177a845cf4f401252c996216a9a1ad991f94c6f40,tracked,generated_scientific_artifact,ARCHIVE,Bulk generated output; decisive cases will be copied into results/canonical.,IMBH_legacy_steady_dae_artifacts_pre-cleanup-p0-2026-07-11.tar.gz:outputs/tables/slim_benchmark_mdot_residual_profiles.json
outputs/tables/slim_benchmark_adaptive_outer_mesh_mdot1_s16_residual_profile.json,json,675187,c05eb26b6678d5ce46096d9a5f5d4bf89c834f92517b83c5bd4408e2669bb58c,tracked,generated_scientific_artifact,ARCHIVE,Bulk generated output; decisive cases will be copied into results/canonical.,IMBH_legacy_steady_dae_artifacts_pre-cleanup-p0-2026-07-11.tar.gz:outputs/tables/slim_benchmark_adaptive_outer_mesh_mdot1_s16_residual_profile.json
outputs/tables/m5_eta_from99p45_noinner_sbgrows_links_refresh_balanced_ladder_N164_profiles.json,json,666116,289fdd8a971224918ac6ab56f6bfd4d9d1d9ef3eca2b0d8ecbff5dee55ae6f94,tracked,generated_scientific_artifact,ARCHIVE,Bulk generated output; decisive cases will be copied into results/canonical.,IMBH_legacy_steady_dae_artifacts_pre-cleanup-p0-2026-07-11.tar.gz:outputs/tables/m5_eta_from99p45_noinner_sbgrows_links_refresh_balanced_ladder_N164_profiles.json
outputs/tables/m5_eta_adaptive_active_window_dynamic_inner_from98p5625_N164_profiles.json,json,666044,4d2e01766a105eb97a4272d421872ef779474ad4d02080645187520bcb4b941c,tracked,generated_scientific_artifact,ARCHIVE,Bulk generated output; decisive cases will be copied into results/canonical.,IMBH_legacy_steady_dae_artifacts_pre-cleanup-p0-2026-07-11.tar.gz:outputs/tables/m5_eta_adaptive_active_window_dynamic_inner_from98p5625_N164_profiles.json
outputs/tables/m5_eta_from99p35_sonicaware_inneronly_balanced_ladder_N164_profiles.json,json,665866,95b3092eef2b833ca900e0a5c692e5330dfb255e4c2cd67492c32f961619feda,tracked,generated_scientific_artifact,ARCHIVE,Bulk generated output; decisive cases will be copied into results/canonical.,IMBH_legacy_steady_dae_artifacts_pre-cleanup-p0-2026-07-11.tar.gz:outputs/tables/m5_eta_from99p35_sonicaware_inneronly_balanced_ladder_N164_profiles.json
outputs/tables/m5_eta_two_pass_sonic12_from98p21875_to98_N164_profiles.json,json,665786,c00c2c10a55635eb3346ec4f1e29c697d8d9c8f72485046a7e17741b9d8a0bda,tracked,generated_scientific_artifact,ARCHIVE,Bulk generated output; decisive cases will be copied into results/canonical.,IMBH_legacy_steady_dae_artifacts_pre-cleanup-p0-2026-07-11.tar.gz:outputs/tables/m5_eta_two_pass_sonic12_from98p21875_to98_N164_profiles.json
outputs/tables/m5_eta_reduced_ladder_98p154_to98p150_N164_profiles.json,json,665244,cb36cdb2bd24ff32b18fb63b68f66ca1a67bbab7e7228402a889ae166b7f5d9d,tracked,generated_scientific_artifact,ARCHIVE,Bulk generated output; decisive cases will be copied into results/canonical.,IMBH_legacy_steady_dae_artifacts_pre-cleanup-p0-2026-07-11.tar.gz:outputs/tables/m5_eta_reduced_ladder_98p154_to98p150_N164_profiles.json
outputs/tables/m5_energy_wind_powerlaw_mass_coupled_adaptive_0p015_to_0p03.json,json,626111,2084a863713e759ae3434432df604b3efd9a9cc2c0df86dc6cf8ba3a9743b981,tracked,generated_scientific_artifact,ARCHIVE,Bulk generated output; decisive cases will be copied into results/canonical.,IMBH_legacy_steady_dae_artifacts_pre-cleanup-p0-2026-07-11.tar.gz:outputs/tables/m5_energy_wind_powerlaw_mass_coupled_adaptive_0p015_to_0p03.json
Literature/aa55258-25.pdf,pdf,566908,70b2651cfe75cc21c14bd0d1d84feda987ff4ea1f82a51c20f02df73b0466192,tracked,reference_full_text,DELETE,Do not distribute full-paper PDFs in the source tree; replace with bibliography.,IMBH_legacy_steady_dae_artifacts_pre-cleanup-p0-2026-07-11.tar.gz:Literature/aa55258-25.pdf
outputs/tables/slim_benchmark_mdot_residual_profiles_high_side_1e2.json,json,558806,e942f48f334f094ac92c4db5de9630ebcf8d4a8ba7da5f26c4e170f2026d79bc,tracked,generated_scientific_artifact,ARCHIVE,Bulk generated output; decisive cases will be copied into results/canonical.,IMBH_legacy_steady_dae_artifacts_pre-cleanup-p0-2026-07-11.tar.gz:outputs/tables/slim_benchmark_mdot_residual_profiles_high_side_1e2.json
outputs/tables/m5_source_plus_buffer_identity_eta100_N164_seed_profiles.json,json,557900,95f3030ac96e321769c1498aed865862d8e17da98da03c3ac58c328bfdf5faf7,tracked,generated_scientific_artifact,ARCHIVE,Bulk generated output; decisive cases will be copied into results/canonical.,IMBH_legacy_steady_dae_artifacts_pre-cleanup-p0-2026-07-11.tar.gz:outputs/tables/m5_source_plus_buffer_identity_eta100_N164_seed_profiles.json
outputs/tables/m5_eta_phase_critical_arc_ds0005_98p125_N164.json,json,553526,9c79c17301adfb6cb7aa816aef4bd928ece78c4648c2ca910a0c7d77fe094074,tracked,generated_scientific_artifact,ARCHIVE,Bulk generated output; decisive cases will be copied into results/canonical.,IMBH_legacy_steady_dae_artifacts_pre-cleanup-p0-2026-07-11.tar.gz:outputs/tables/m5_eta_phase_critical_arc_ds0005_98p125_N164.json
outputs/tables/m5_source_element_identity_weak_source_fs005_R220_260_N640_profiles.json,json,548768,fe591b8482c553634a4212b6c3ffaf1ceacd1addcfeb5d1a57cf9f24242de7d3,tracked,generated_scientific_artifact,ARCHIVE,Bulk generated output; decisive cases will be copied into results/canonical.,IMBH_legacy_steady_dae_artifacts_pre-cleanup-p0-2026-07-11.tar.gz:outputs/tables/m5_source_element_identity_weak_source_fs005_R220_260_N640_profiles.json
outputs/tables/m5_eta_phase_critical_globalization_98p125_N164_profiles.json,json,546215,b5acf7e3126cbb838e3b5fe02c9b09cf8d43cbca27310b6478d1a9c561f7a847,tracked,generated_scientific_artifact,ARCHIVE,Bulk generated output; decisive cases will be copied into results/canonical.,IMBH_legacy_steady_dae_artifacts_pre-cleanup-p0-2026-07-11.tar.gz:outputs/tables/m5_eta_phase_critical_globalization_98p125_N164_profiles.json
outputs/tables/m5_eta_phase_critical_jacobian_audit_98p125_N164_profiles.json,json,546215,b5acf7e3126cbb838e3b5fe02c9b09cf8d43cbca27310b6478d1a9c561f7a847,tracked,generated_scientific_artifact,ARCHIVE,Bulk generated output; decisive cases will be copied into results/canonical.,IMBH_legacy_steady_dae_artifacts_pre-cleanup-p0-2026-07-11.tar.gz:outputs/tables/m5_eta_phase_critical_jacobian_audit_98p125_N164_profiles.json
outputs/tables/m5_source_element_identity_nowind_nosource_R220_260_N640_profiles.json,json,539342,14031932b64aca3f1eb56b8d9eb36937ed8b5ad19709ec3e54663c4aad86e316,tracked,generated_scientific_artifact,ARCHIVE,Bulk generated output; decisive cases will be copied into results/canonical.,IMBH_legacy_steady_dae_artifacts_pre-cleanup-p0-2026-07-11.tar.gz:outputs/tables/m5_source_element_identity_nowind_nosource_R220_260_N640_profiles.json
outputs/tables/m5_eta_adaptive_tangent_innerrelax_eval_N164_profiles.json,json,534481,a149f6a6abae1fd5ae9285b1cb1b5ef7dd226b3518ec9edcc966ca930ea456e3,tracked,generated_scientific_artifact,ARCHIVE,Bulk generated output; decisive cases will be copied into results/canonical.,IMBH_legacy_steady_dae_artifacts_pre-cleanup-p0-2026-07-11.tar.gz:outputs/tables/m5_eta_adaptive_tangent_innerrelax_eval_N164_profiles.json
outputs/tables/m5_eta_from99p60_active_mass_profile_sbgrows_halfstep_N164_profiles.json,json,533697,f5c57632b7fd1e15505353387fb88affa9fe947a21ddb7cc00bf0b5229962d4c,tracked,generated_scientific_artifact,ARCHIVE,Bulk generated output; decisive cases will be copied into results/canonical.,IMBH_legacy_steady_dae_artifacts_pre-cleanup-p0-2026-07-11.tar.gz:outputs/tables/m5_eta_from99p60_active_mass_profile_sbgrows_halfstep_N164_profiles.json
outputs/tables/m5_eta_from99p55_noinner_active_mass_profile_sbgrows_halfstep_N164_profiles.json,json,533153,9474bada406b179374850c9a75e8c4db3febf1d78c1228f8f08808269af0848f,tracked,generated_scientific_artifact,ARCHIVE,Bulk generated output; decisive cases will be copied into results/canonical.,IMBH_legacy_steady_dae_artifacts_pre-cleanup-p0-2026-07-11.tar.gz:outputs/tables/m5_eta_from99p55_noinner_active_mass_profile_sbgrows_halfstep_N164_profiles.json
outputs/tables/m5_eta_adaptive_active_window_oldonly_halfstep_from98p75_N164_profiles.json,json,533063,bfe778de24d31baa8e5deefcc2911c811d646b9be1c647d22081790fd780ee62,tracked,generated_scientific_artifact,ARCHIVE,Bulk generated output; decisive cases will be copied into results/canonical.,IMBH_legacy_steady_dae_artifacts_pre-cleanup-p0-2026-07-11.tar.gz:outputs/tables/m5_eta_adaptive_active_window_oldonly_halfstep_from98p75_N164_profiles.json
outputs/tables/m5_eta_adaptive_active_window_from98p75_ladder_N164_profiles.json,json,532983,e2b8ff4dc321ab03f264351f7ce769aa1baedd5ec214490f809a3a6462056204,tracked,generated_scientific_artifact,ARCHIVE,Bulk generated output; decisive cases will be copied into results/canonical.,IMBH_legacy_steady_dae_artifacts_pre-cleanup-p0-2026-07-11.tar.gz:outputs/tables/m5_eta_adaptive_active_window_from98p75_ladder_N164_profiles.json
outputs/tables/m5_eta_from99p45_noinner_sbgrows_links_sparse_quarterstep_N164_profiles.json,json,532921,9186c56e339170239f0dc53292662134cc3587afe2b3f1dcde1118ccb7734362,tracked,generated_scientific_artifact,ARCHIVE,Bulk generated output; decisive cases will be copied into results/canonical.,IMBH_legacy_steady_dae_artifacts_pre-cleanup-p0-2026-07-11.tar.gz:outputs/tables/m5_eta_from99p45_noinner_sbgrows_links_sparse_quarterstep_N164_profiles.json
outputs/tables/m5_eta_from99p525_noinner_sbgrows_links_sparse_ladder_N164_profiles.json,json,532873,b63d29bbdbd69faba2d8a5cf46f9de493efed1755582fc764e5020d1a08fe7fd,tracked,generated_scientific_artifact,ARCHIVE,Bulk generated output; decisive cases will be copied into results/canonical.,IMBH_legacy_steady_dae_artifacts_pre-cleanup-p0-2026-07-11.tar.gz:outputs/tables/m5_eta_from99p525_noinner_sbgrows_links_sparse_ladder_N164_profiles.json
outputs/tables/m5_eta_from99p05_sonicforced_inneronly_balanced_ladder_N164_profiles.json,json,532853,b4c6eeab5257dbac371fc2da3e6ce93bf7916efbc2f44063e557f04736f7b151,tracked,generated_scientific_artifact,ARCHIVE,Bulk generated output; decisive cases will be copied into results/canonical.,IMBH_legacy_steady_dae_artifacts_pre-cleanup-p0-2026-07-11.tar.gz:outputs/tables/m5_eta_from99p05_sonicforced_inneronly_balanced_ladder_N164_profiles.json
outputs/tables/m5_eta_adaptive_active_window_expanded_from98p75_ladder_N164_profiles.json,json,532821,8bd32d16a83bc11878fb3631eee3242603498209b5c7808f8b67c9b61be341b5,tracked,generated_scientific_artifact,ARCHIVE,Bulk generated output; decisive cases will be copied into results/canonical.,IMBH_legacy_steady_dae_artifacts_pre-cleanup-p0-2026-07-11.tar.gz:outputs/tables/m5_eta_adaptive_active_window_expanded_from98p75_ladder_N164_profiles.json
outputs/tables/m5_eta_adaptive_tangent_inner_band_selected_eval_N164_profiles.json,json,532749,2d1480b0853cce1240f2a4cc3951d77dd357d788f72d687ead892f8e4290b3d1,tracked,generated_scientific_artifact,ARCHIVE,Bulk generated output; decisive cases will be copied into results/canonical.,IMBH_legacy_steady_dae_artifacts_pre-cleanup-p0-2026-07-11.tar.gz:outputs/tables/m5_eta_adaptive_tangent_inner_band_selected_eval_N164_profiles.json
outputs/tables/m5_eta_from99p10_sonicaware_inneronly_balanced_halfstep_N164_profiles.json,json,532679,cc4f301a99f7cabafd0aae338f2efc8bc9d87fff17e1d19bf28236b4180c824e,tracked,generated_scientific_artifact,ARCHIVE,Bulk generated output; decisive cases will be copied into results/canonical.,IMBH_legacy_steady_dae_artifacts_pre-cleanup-p0-2026-07-11.tar.gz:outputs/tables/m5_eta_from99p10_sonicaware_inneronly_balanced_halfstep_N164_profiles.json
outputs/tables/m5_eta_from98p90_sonicforced_inneronly_balanced_quarter_N164_profiles.json,json,532627,c48455e60bc191d8d4c104e406e6c595f47ecc753fa61ad2bcb26a52ec60737c,tracked,generated_scientific_artifact,ARCHIVE,Bulk generated output; decisive cases will be copied into results/canonical.,IMBH_legacy_steady_dae_artifacts_pre-cleanup-p0-2026-07-11.tar.gz:outputs/tables/m5_eta_from98p90_sonicforced_inneronly_balanced_quarter_N164_profiles.json
outputs/tables/m5_eta_from98p875_sonicforced_inner10_balanced_ladder_N164_profiles.json,json,532613,34c25d385e64d4c562927e6d5bc586046779c651fb5e6be72011c29fdbc8275f,tracked,generated_scientific_artifact,ARCHIVE,Bulk generated output; decisive cases will be copied into results/canonical.,IMBH_legacy_steady_dae_artifacts_pre-cleanup-p0-2026-07-11.tar.gz:outputs/tables/m5_eta_from98p875_sonicforced_inner10_balanced_ladder_N164_profiles.json
outputs/tables/m5_eta_two_pass_sonic12_from98p4375_N164_profiles.json,json,532533,897049b5817135b5d126111676ec47a3f57d1fde29a572fb794d445052699196,tracked,generated_scientific_artifact,ARCHIVE,Bulk generated output; decisive cases will be copied into results/canonical.,IMBH_legacy_steady_dae_artifacts_pre-cleanup-p0-2026-07-11.tar.gz:outputs/tables/m5_eta_two_pass_sonic12_from98p4375_N164_profiles.json
outputs/tables/m5_eta_adaptive_tangent_inner_band_eval_N164_profiles.json,json,532433,1004644589a91bdb1fa84d70b0ec595987d080f5ca821bb22bd9f9d338fc2c86,tracked,generated_scientific_artifact,ARCHIVE,Bulk generated output; decisive cases will be copied into results/canonical.,IMBH_legacy_steady_dae_artifacts_pre-cleanup-p0-2026-07-11.tar.gz:outputs/tables/m5_eta_adaptive_tangent_inner_band_eval_N164_profiles.json
outputs/tables/m5_local_mdot_eta100_cert_N168_nested_state_defect_from_strict_profiles.json,json,525391,945a85e5ea734dcc88dc0b19b84eca00833d69945e6951f0ac9859b250a2c466,tracked,generated_scientific_artifact,ARCHIVE,Bulk generated output; decisive cases will be copied into results/canonical.,IMBH_legacy_steady_dae_artifacts_pre-cleanup-p0-2026-07-11.tar.gz:outputs/tables/m5_local_mdot_eta100_cert_N168_nested_state_defect_from_strict_profiles.json
outputs/tables/m5_source_plus_buffer_massreplace_chi020_eta100_N164_profiles.json,json,506340,4195299ee3babbde6bace86c1e6c51bc6f47e1277fea49e1ab6c78748ca0a3f6,tracked,generated_scientific_artifact,ARCHIVE,Bulk generated output; decisive cases will be copied into results/canonical.,IMBH_legacy_steady_dae_artifacts_pre-cleanup-p0-2026-07-11.tar.gz:outputs/tables/m5_source_plus_buffer_massreplace_chi020_eta100_N164_profiles.json
outputs/tables/m5_source_plus_buffer_massreplace_chi020_from015_eta100_N164_profiles.json,json,506205,4d3d30b136235cef9a5d25dc9fbe021e61d55ddbf7f232ba55b9637fad483dc4,tracked,generated_scientific_artifact,ARCHIVE,Bulk generated output; decisive cases will be copied into results/canonical.,IMBH_legacy_steady_dae_artifacts_pre-cleanup-p0-2026-07-11.tar.gz:outputs/tables/m5_source_plus_buffer_massreplace_chi020_from015_eta100_N164_profiles.json
outputs/tables/m5_source_plus_buffer_massreplace_chi015_eta100_N164_profiles.json,json,506161,28afd948471b4e8c702ffb957fa5fe29358c4726a37cfdb5422e208eedb69033,tracked,generated_scientific_artifact,ARCHIVE,Bulk generated output; decisive cases will be copied into results/canonical.,IMBH_legacy_steady_dae_artifacts_pre-cleanup-p0-2026-07-11.tar.gz:outputs/tables/m5_source_plus_buffer_massreplace_chi015_eta100_N164_profiles.json
outputs/tables/m5_source_plus_buffer_massreplace_chi010_eta100_N164_profiles.json,json,506138,a8118bcb640b9c4c96ae15b3a9cc0268415923326dea6e55dbc8d7028e0a02b8,tracked,generated_scientific_artifact,ARCHIVE,Bulk generated output; decisive cases will be copied into results/canonical.,IMBH_legacy_steady_dae_artifacts_pre-cleanup-p0-2026-07-11.tar.gz:outputs/tables/m5_source_plus_buffer_massreplace_chi010_eta100_N164_profiles.json
outputs/tables/m5_source_plus_buffer_massreplace_chi020_localjac_eta100_N164_profiles.json,json,506049,f9cef24d5b74645141ea1694af64b52a09391d18ea7a4b9ed52aa5d7f13d0dda,tracked,generated_scientific_artifact,ARCHIVE,Bulk generated output; decisive cases will be copied into results/canonical.,IMBH_legacy_steady_dae_artifacts_pre-cleanup-p0-2026-07-11.tar.gz:outputs/tables/m5_source_plus_buffer_massreplace_chi020_localjac_eta100_N164_profiles.json
outputs/tables/m5_source_plus_buffer_massreplace_chi005_eta100_N164_profiles.json,json,505781,4090617378be9cf8fb178eff1b880f30604f22084f1631f6ccb28afb6bf6fe30,tracked,generated_scientific_artifact,ARCHIVE,Bulk generated output; decisive cases will be copied into results/canonical.,IMBH_legacy_steady_dae_artifacts_pre-cleanup-p0-2026-07-11.tar.gz:outputs/tables/m5_source_plus_buffer_massreplace_chi005_eta100_N164_profiles.json
outputs/tables/m5_source_plus_buffer_implicit_relaxed_global_polish_eta100_N164_profiles.json,json,505136,8a6aa9e8461cf687075b868684dcece8908f6a8e987f4e252f787d0498c6e967,tracked,generated_scientific_artifact,ARCHIVE,Bulk generated output; decisive cases will be copied into results/canonical.,IMBH_legacy_steady_dae_artifacts_pre-cleanup-p0-2026-07-11.tar.gz:outputs/tables/m5_source_plus_buffer_implicit_relaxed_global_polish_eta100_N164_profiles.json
outputs/tables/m5_local_mdot_eta100_cert_N160_nested_state_defect_from_strict_profiles.json,json,501175,c6d644b12c59eb9ba8cc12f15f61c7b3a11cfaf5184b956b0715659de3e5bef4,tracked,generated_scientific_artifact,ARCHIVE,Bulk generated output; decisive cases will be copied into results/canonical.,IMBH_legacy_steady_dae_artifacts_pre-cleanup-p0-2026-07-11.tar.gz:outputs/tables/m5_local_mdot_eta100_cert_N160_nested_state_defect_from_strict_profiles.json
outputs/tables/m5_local_mdot_eta90_source_element_consistency_audit_N201_profiles.json,json,488688,02bac78f4acd2486aa2677c987b96f3b1eb28b491e0aee43a9f9431ddb83001f,tracked,generated_scientific_artifact,ARCHIVE,Bulk generated output; decisive cases will be copied into results/canonical.,IMBH_legacy_steady_dae_artifacts_pre-cleanup-p0-2026-07-11.tar.gz:outputs/tables/m5_local_mdot_eta90_source_element_consistency_audit_N201_profiles.json
outputs/tables/m5_source_interface_energy_audit_eta90_N201_seed_fvmass_profiles.json,json,488688,02bac78f4acd2486aa2677c987b96f3b1eb28b491e0aee43a9f9431ddb83001f,tracked,generated_scientific_artifact,ARCHIVE,Bulk generated output; decisive cases will be copied into results/canonical.,IMBH_legacy_steady_dae_artifacts_pre-cleanup-p0-2026-07-11.tar.gz:outputs/tables/m5_source_interface_energy_audit_eta90_N201_seed_fvmass_profiles.json
outputs/tables/m5_source_interface_massonly_eta90_N201_seed_fvmass_profiles.json,json,488688,02bac78f4acd2486aa2677c987b96f3b1eb28b491e0aee43a9f9431ddb83001f,tracked,generated_scientific_artifact,ARCHIVE,Bulk generated output; decisive cases will be copied into results/canonical.,IMBH_legacy_steady_dae_artifacts_pre-cleanup-p0-2026-07-11.tar.gz:outputs/tables/m5_source_interface_massonly_eta90_N201_seed_fvmass_profiles.json
outputs/tables/m5_source_interface_reconcile_eta90_N201_seed_fvmass_profiles.json,json,488688,02bac78f4acd2486aa2677c987b96f3b1eb28b491e0aee43a9f9431ddb83001f,tracked,generated_scientific_artifact,ARCHIVE,Bulk generated output; decisive cases will be copied into results/canonical.,IMBH_legacy_steady_dae_artifacts_pre-cleanup-p0-2026-07-11.tar.gz:outputs/tables/m5_source_interface_reconcile_eta90_N201_seed_fvmass_profiles.json
outputs/tables/m5_source_interface_massonly_eta90_N201_seed_nativeparams_profiles.json,json,487198,9b2f6e5c148b07e60418d761c2ca30c6139ed4f13227ecf947e1bbae64e91110,tracked,generated_scientific_artifact,ARCHIVE,Bulk generated output; decisive cases will be copied into results/canonical.,IMBH_legacy_steady_dae_artifacts_pre-cleanup-p0-2026-07-11.tar.gz:outputs/tables/m5_source_interface_massonly_eta90_N201_seed_nativeparams_profiles.json
outputs/tables/m5_source_interface_massonly_eta90_N201_seed_profiles.json,json,487198,9b2f6e5c148b07e60418d761c2ca30c6139ed4f13227ecf947e1bbae64e91110,tracked,generated_scientific_artifact,ARCHIVE,Bulk generated output; decisive cases will be copied into results/canonical.,IMBH_legacy_steady_dae_artifacts_pre-cleanup-p0-2026-07-11.tar.gz:outputs/tables/m5_source_interface_massonly_eta90_N201_seed_profiles.json
outputs/tables/m5_source_plus_buffer_massreplace_chi000_eta100_N164_profiles.json,json,479852,06360ebae36c14992aff787ef8140345122d6a134c0fb5d91c53cfca7aea69fb,tracked,generated_scientific_artifact,ARCHIVE,Bulk generated output; decisive cases will be copied into results/canonical.,IMBH_legacy_steady_dae_artifacts_pre-cleanup-p0-2026-07-11.tar.gz:outputs/tables/m5_source_plus_buffer_massreplace_chi000_eta100_N164_profiles.json
outputs/tables/m5_source_plus_buffer_implicit_pilot12_eta100_N164_profiles.json,json,479704,ca031cde668b0deea253f16f6e5c06a91bc50a958fbed90d8f964cf63384f1f6,tracked,generated_scientific_artifact,ARCHIVE,Bulk generated output; decisive cases will be copied into results/canonical.,IMBH_legacy_steady_dae_artifacts_pre-cleanup-p0-2026-07-11.tar.gz:outputs/tables/m5_source_plus_buffer_implicit_pilot12_eta100_N164_profiles.json
outputs/tables/m5_source_plus_buffer_implicit_probe_eta100_N164_profiles.json,json,479704,ca031cde668b0deea253f16f6e5c06a91bc50a958fbed90d8f964cf63384f1f6,tracked,generated_scientific_artifact,ARCHIVE,Bulk generated output; decisive cases will be copied into results/canonical.,IMBH_legacy_steady_dae_artifacts_pre-cleanup-p0-2026-07-11.tar.gz:outputs/tables/m5_source_plus_buffer_implicit_probe_eta100_N164_profiles.json
outputs/tables/m5_source_plus_buffer_implicit_probe_sparse_eta100_N164_profiles.json,json,479704,ca031cde668b0deea253f16f6e5c06a91bc50a958fbed90d8f964cf63384f1f6,tracked,generated_scientific_artifact,ARCHIVE,Bulk generated output; decisive cases will be copied into results/canonical.,IMBH_legacy_steady_dae_artifacts_pre-cleanup-p0-2026-07-11.tar.gz:outputs/tables/m5_source_plus_buffer_implicit_probe_sparse_eta100_N164_profiles.json
outputs/tables/m5_source_plus_buffer_implicit_relaxed_scout_eta100_N164_profiles.json,json,479704,ca031cde668b0deea253f16f6e5c06a91bc50a958fbed90d8f964cf63384f1f6,tracked,generated_scientific_artifact,ARCHIVE,Bulk generated output; decisive cases will be copied into results/canonical.,IMBH_legacy_steady_dae_artifacts_pre-cleanup-p0-2026-07-11.tar.gz:outputs/tables/m5_source_plus_buffer_implicit_relaxed_scout_eta100_N164_profiles.json
outputs/tables/m5_source_plus_buffer_implicit_pilot12_prod50_eta100_N164_profiles.json,json,479608,bbdc81903f32e1038aef177b5134fc63583314d50d93093e61c8f66f47790bfe,tracked,generated_scientific_artifact,ARCHIVE,Bulk generated output; decisive cases will be copied into results/canonical.,IMBH_legacy_steady_dae_artifacts_pre-cleanup-p0-2026-07-11.tar.gz:outputs/tables/m5_source_plus_buffer_implicit_pilot12_prod50_eta100_N164_profiles.json
outputs/tables/m5_source_plus_buffer_implicit_relaxed_scout2_eta100_N164_profiles.json,json,479350,7e9dc4b3a3d7924ccb5ab370aec5ad91e1d8aac382538c7a8c45c85496dc83c5,tracked,generated_scientific_artifact,ARCHIVE,Bulk generated output; decisive cases will be copied into results/canonical.,IMBH_legacy_steady_dae_artifacts_pre-cleanup-p0-2026-07-11.tar.gz:outputs/tables/m5_source_plus_buffer_implicit_relaxed_scout2_eta100_N164_profiles.json
outputs/tables/m5_eta_phase_critical_arc_ds00025_98p125_N164_profiles.json,json,473112,a5eccc106b3b251db8dda28803b6ac8d9d45a07f951dc3dfe51972e7c5d1843f,tracked,generated_scientific_artifact,ARCHIVE,Bulk generated output; decisive cases will be copied into results/canonical.,IMBH_legacy_steady_dae_artifacts_pre-cleanup-p0-2026-07-11.tar.gz:outputs/tables/m5_eta_phase_critical_arc_ds00025_98p125_N164_profiles.json
outputs/tables/m5_eta_phase_critical_arc_ds0005_98p125_N164_profiles.json,json,473112,a5eccc106b3b251db8dda28803b6ac8d9d45a07f951dc3dfe51972e7c5d1843f,tracked,generated_scientific_artifact,ARCHIVE,Bulk generated output; decisive cases will be copied into results/canonical.,IMBH_legacy_steady_dae_artifacts_pre-cleanup-p0-2026-07-11.tar.gz:outputs/tables/m5_eta_phase_critical_arc_ds0005_98p125_N164_profiles.json
outputs/tables/m5_eta_phase_critical_arc_ds001_98p125_N164_profiles.json,json,473112,a5eccc106b3b251db8dda28803b6ac8d9d45a07f951dc3dfe51972e7c5d1843f,tracked,generated_scientific_artifact,ARCHIVE,Bulk generated output; decisive cases will be copied into results/canonical.,IMBH_legacy_steady_dae_artifacts_pre-cleanup-p0-2026-07-11.tar.gz:outputs/tables/m5_eta_phase_critical_arc_ds001_98p125_N164_profiles.json
outputs/tables/m5_eta_phase_source_shape_audit_98p125_N164_profiles.json,json,473112,a5eccc106b3b251db8dda28803b6ac8d9d45a07f951dc3dfe51972e7c5d1843f,tracked,generated_scientific_artifact,ARCHIVE,Bulk generated output; decisive cases will be copied into results/canonical.,IMBH_legacy_steady_dae_artifacts_pre-cleanup-p0-2026-07-11.tar.gz:outputs/tables/m5_eta_phase_source_shape_audit_98p125_N164_profiles.json
outputs/tables/m5_eta_micro_ladder_tangent_inner_massband85_eval_N164.json,json,469493,84301f8a889021d3e077563edea6c97096e7b5b109d605767cf977ae4cdea0cc,tracked,generated_scientific_artifact,ARCHIVE,Bulk generated output; decisive cases will be copied into results/canonical.,IMBH_legacy_steady_dae_artifacts_pre-cleanup-p0-2026-07-11.tar.gz:outputs/tables/m5_eta_micro_ladder_tangent_inner_massband85_eval_N164.json
outputs/tables/m5_eta_micro_ladder_tangent_inner_massband_eval_N164.json,json,469374,974869e3a9b3d0d9b2c83df63d140a5ef72d630ad133d9f44e89af83eb4a8467,tracked,generated_scientific_artifact,ARCHIVE,Bulk generated output; decisive cases will be copied into results/canonical.,IMBH_legacy_steady_dae_artifacts_pre-cleanup-p0-2026-07-11.tar.gz:outputs/tables/m5_eta_micro_ladder_tangent_inner_massband_eval_N164.json
outputs/tables/m5_energy_wind_powerlaw_mass_coupled_pilot.json,json,468720,9df81966fa430efe0e5d7b97892d910da6a4ba265a3e1e289a3f2be4f7e22577,tracked,generated_scientific_artifact,ARCHIVE,Bulk generated output; decisive cases will be copied into results/canonical.,IMBH_legacy_steady_dae_artifacts_pre-cleanup-p0-2026-07-11.tar.gz:outputs/tables/m5_energy_wind_powerlaw_mass_coupled_pilot.json
outputs/tables/m5_eta_angular_momentum_ledger_98p125_N164_profiles.json,json,457516,c915868165cbdcf94d475c0df4c5651a61412977dc45c2f396b8f0b6b7a634a1,tracked,generated_scientific_artifact,ARCHIVE,Bulk generated output; decisive cases will be copied into results/canonical.,IMBH_legacy_steady_dae_artifacts_pre-cleanup-p0-2026-07-11.tar.gz:outputs/tables/m5_eta_angular_momentum_ledger_98p125_N164_profiles.json
outputs/tables/m5_local_mdot_eta100_cert_N140_state_defect_from_strict_profiles.json,json,440001,cffa6fc65d9621f5554877ae15b15e33c5b927707d3df84043b6fcbf771b0c34,tracked,generated_scientific_artifact,ARCHIVE,Bulk generated output; decisive cases will be copied into results/canonical.,IMBH_legacy_steady_dae_artifacts_pre-cleanup-p0-2026-07-11.tar.gz:outputs/tables/m5_local_mdot_eta100_cert_N140_state_defect_from_strict_profiles.json
outputs/tables/m5_eta_micro_ladder_tangent_masspred02_inner_eval_N164.json,json,419960,d3207dd3d874422589d59a73416eaa35cd686e6be8e3db480bbab701272092e2,tracked,generated_scientific_artifact,ARCHIVE,Bulk generated output; decisive cases will be copied into results/canonical.,IMBH_legacy_steady_dae_artifacts_pre-cleanup-p0-2026-07-11.tar.gz:outputs/tables/m5_eta_micro_ladder_tangent_masspred02_inner_eval_N164.json
outputs/tables/slim_benchmark_mdot_residual_profiles_pressure_high_side_1e2.json,json,418942,0085547d54a50397c2b4a89d9bd8e6881ddb9f6bf3a5356fc927e1e378d4385d,tracked,generated_scientific_artifact,ARCHIVE,Bulk generated output; decisive cases will be copied into results/canonical.,IMBH_legacy_steady_dae_artifacts_pre-cleanup-p0-2026-07-11.tar.gz:outputs/tables/slim_benchmark_mdot_residual_profiles_pressure_high_side_1e2.json
outputs/figures/transonic_interval_residual_profile.png,png,415443,913006b51cc421ef32a26d9d2854cb928f6a7a7c8006aed8e907e64d8040540d,tracked,generated_scientific_artifact,ARCHIVE,Bulk generated output; decisive cases will be copied into results/canonical.,IMBH_legacy_steady_dae_artifacts_pre-cleanup-p0-2026-07-11.tar.gz:outputs/figures/transonic_interval_residual_profile.png
outputs/tables/m5_eta_micro_ladder_tangent_innerrelax_eval_N164.json,json,410584,d72dd9e5f7b265a77bfcae95b095abdc35d493060dd0670269ec64eebec8fae9,tracked,generated_scientific_artifact,ARCHIVE,Bulk generated output; decisive cases will be copied into results/canonical.,IMBH_legacy_steady_dae_artifacts_pre-cleanup-p0-2026-07-11.tar.gz:outputs/tables/m5_eta_micro_ladder_tangent_innerrelax_eval_N164.json
outputs/figures/high_mdot_stream_compact_outer_buffer_ladder_validation_profile.png,png,408158,65f58078cf51e576c6ff73a9164150beda697c057f7dc0b1b4813bf417d958d9,tracked,generated_scientific_artifact,ARCHIVE,Bulk generated output; decisive cases will be copied into results/canonical.,IMBH_legacy_steady_dae_artifacts_pre-cleanup-p0-2026-07-11.tar.gz:outputs/figures/high_mdot_stream_compact_outer_buffer_ladder_validation_profile.png
outputs/tables/m5_eta_two_pass_sonic12_from98p21875_to98_N164.json,json,406337,2b5b55a6de3efc2f445f63e6ff2ef2e2ff42c6bac7e39c9825308c4f319f0662,tracked,generated_scientific_artifact,ARCHIVE,Bulk generated output; decisive cases will be copied into results/canonical.,IMBH_legacy_steady_dae_artifacts_pre-cleanup-p0-2026-07-11.tar.gz:outputs/tables/m5_eta_two_pass_sonic12_from98p21875_to98_N164.json
outputs/tables/m5_eta_from99p65_active_mass_profile_sbgrows_ladder_N164_profiles.json,json,400566,9b34a87f95307b5128a01a29009a6ea6c24ae02ae5a41c3c2bef9856db20ebb7,tracked,generated_scientific_artifact,ARCHIVE,Bulk generated output; decisive cases will be copied into results/canonical.,IMBH_legacy_steady_dae_artifacts_pre-cleanup-p0-2026-07-11.tar.gz:outputs/tables/m5_eta_from99p65_active_mass_profile_sbgrows_ladder_N164_profiles.json
outputs/tables/m5_eta_smallstep_tangent_eval_massview_N164_profiles.json,json,400428,91912e6ffaba6cea3599a02abca32785767a82e1aeb1bd6aca8dd45eb353e7f3,tracked,generated_scientific_artifact,ARCHIVE,Bulk generated output; decisive cases will be copied into results/canonical.,IMBH_legacy_steady_dae_artifacts_pre-cleanup-p0-2026-07-11.tar.gz:outputs/tables/m5_eta_smallstep_tangent_eval_massview_N164_profiles.json
outputs/tables/m5_eta_smallstep_freezeaux_eval_massview_N164_profiles.json,json,400426,70faf0121fe0776a05a0a8e5dcb0cdb770f38d6af24ee11c7b1e1339a7b59917,tracked,generated_scientific_artifact,ARCHIVE,Bulk generated output; decisive cases will be copied into results/canonical.,IMBH_legacy_steady_dae_artifacts_pre-cleanup-p0-2026-07-11.tar.gz:outputs/tables/m5_eta_smallstep_freezeaux_eval_massview_N164_profiles.json
outputs/tables/m5_eta_from99p65_tangent_inner_blockmass_eval_N164_profiles.json,json,400330,cbbad38f2f4100a20cd4d087d3787b6e142fa09a60a09edfa8f8a810e3153606,tracked,generated_scientific_artifact,ARCHIVE,Bulk generated output; decisive cases will be copied into results/canonical.,IMBH_legacy_steady_dae_artifacts_pre-cleanup-p0-2026-07-11.tar.gz:outputs/tables/m5_eta_from99p65_tangent_inner_blockmass_eval_N164_profiles.json
outputs/tables/m5_eta_from99p65_tangent_inner_sbgmassblock_eval_N164_profiles.json,json,400034,398dcaeb318e73b03cdff4c2983e70cac5257ab5f8ef7852ce95c87eca9053bb,tracked,generated_scientific_artifact,ARCHIVE,Bulk generated output; decisive cases will be copied into results/canonical.,IMBH_legacy_steady_dae_artifacts_pre-cleanup-p0-2026-07-11.tar.gz:outputs/tables/m5_eta_from99p65_tangent_inner_sbgmassblock_eval_N164_profiles.json
outputs/tables/m5_eta_from99p65_active_mass_profile_eval_N164_profiles.json,json,400032,23fe1e5be71d81baf648e65745bfdd65be0764933e53d501d48391fcba46a9da,tracked,generated_scientific_artifact,ARCHIVE,Bulk generated output; decisive cases will be copied into results/canonical.,IMBH_legacy_steady_dae_artifacts_pre-cleanup-p0-2026-07-11.tar.gz:outputs/tables/m5_eta_from99p65_active_mass_profile_eval_N164_profiles.json
outputs/tables/m5_eta_from99p65_tangent_inner_blockmass_sbgselect_eval_N164_profiles.json,json,399956,901bec4559fd63d999f19c8210aebda976eedaa387c141867ff977f1a45ca860,tracked,generated_scientific_artifact,ARCHIVE,Bulk generated output; decisive cases will be copied into results/canonical.,IMBH_legacy_steady_dae_artifacts_pre-cleanup-p0-2026-07-11.tar.gz:outputs/tables/m5_eta_from99p65_tangent_inner_blockmass_sbgselect_eval_N164_profiles.json
outputs/tables/m5_eta_smallstep_tangent_eval_massview_reg1em5_N164_profiles.json,json,399914,ec781c176073a08739daa43f4ad84968e2948fe9a1a485b8fda7a51226b69ef0,tracked,generated_scientific_artifact,ARCHIVE,Bulk generated output; decisive cases will be copied into results/canonical.,IMBH_legacy_steady_dae_artifacts_pre-cleanup-p0-2026-07-11.tar.gz:outputs/tables/m5_eta_smallstep_tangent_eval_massview_reg1em5_N164_profiles.json
outputs/tables/m5_eta_adaptive_active_window_dynamic_inner_from98p5_quarter_N164_profiles.json,json,399750,3de02ae85cf9e433ac387dc684b2d5095725e353fe6be951e8015adcc87dce74,tracked,generated_scientific_artifact,ARCHIVE,Bulk generated output; decisive cases will be copied into results/canonical.,IMBH_legacy_steady_dae_artifacts_pre-cleanup-p0-2026-07-11.tar.gz:outputs/tables/m5_eta_adaptive_active_window_dynamic_inner_from98p5_quarter_N164_profiles.json
outputs/tables/m5_eta_adaptive_active_window_oldonly_quarterstep_from98p6875_N164_profiles.json,json,399646,268a280a2e0a287ce572aa71a4d964b6fe421f3d5fee544d62ce463c94bfe5d5,tracked,generated_scientific_artifact,ARCHIVE,Bulk generated output; decisive cases will be copied into results/canonical.,IMBH_legacy_steady_dae_artifacts_pre-cleanup-p0-2026-07-11.tar.gz:outputs/tables/m5_eta_adaptive_active_window_oldonly_quarterstep_from98p6875_N164_profiles.json
outputs/tables/m5_eta_adaptive_active_window_dynamic_inner_from98p65625_N164_profiles.json,json,399636,8d94b5c6fc72d13639b2d7a668f0d31fad0244e28739591e486cbb938e591992,tracked,generated_scientific_artifact,ARCHIVE,Bulk generated output; decisive cases will be copied into results/canonical.,IMBH_legacy_steady_dae_artifacts_pre-cleanup-p0-2026-07-11.tar.gz:outputs/tables/m5_eta_adaptive_active_window_dynamic_inner_from98p65625_N164_profiles.json
outputs/tables/m5_eta_adaptive_active_window_dense_sonic12_from98p46875_N164_profiles.json,json,399590,daf87725ca9405ac6b46446c18297a8212d26698b54e5a21d56e593109660b92,tracked,generated_scientific_artifact,ARCHIVE,Bulk generated output; decisive cases will be copied into results/canonical.,IMBH_legacy_steady_dae_artifacts_pre-cleanup-p0-2026-07-11.tar.gz:outputs/tables/m5_eta_adaptive_active_window_dense_sonic12_from98p46875_N164_profiles.json
outputs/tables/m5_eta_microstep_tangent_innerrelax_eval_N164_profiles.json,json,399486,8cdb06e299290e42500f6cbee4467bac99ccf3f0fc7ad2cdbb82166abc203df6,tracked,generated_scientific_artifact,ARCHIVE,Bulk generated output; decisive cases will be copied into results/canonical.,IMBH_legacy_steady_dae_artifacts_pre-cleanup-p0-2026-07-11.tar.gz:outputs/tables/m5_eta_microstep_tangent_innerrelax_eval_N164_profiles.json
outputs/tables/m5_eta_microstep_tangent_eval_massview_reg1em5_N164_profiles.json,json,399460,943dc7776b4d44487289f98f85232f68f74eb937e70d0c83da8e4fd04f76244e,tracked,generated_scientific_artifact,ARCHIVE,Bulk generated output; decisive cases will be copied into results/canonical.,IMBH_legacy_steady_dae_artifacts_pre-cleanup-p0-2026-07-11.tar.gz:outputs/tables/m5_eta_microstep_tangent_eval_massview_reg1em5_N164_profiles.json
outputs/tables/m5_eta_smallstep_tangent_innerrelax_eval_N164_profiles.json,json,399342,65f7be528a9fbae1b0a313e3e39ac1ecdd7fdae9c9c83fd7b78e7cbc5428f3ff,tracked,generated_scientific_artifact,ARCHIVE,Bulk generated output; decisive cases will be copied into results/canonical.,IMBH_legacy_steady_dae_artifacts_pre-cleanup-p0-2026-07-11.tar.gz:outputs/tables/m5_eta_smallstep_tangent_innerrelax_eval_N164_profiles.json
outputs/tables/m5_eta_global_flux_production_stage1_20_300_cheap_sourceguards_midpoint_nfev24_98p125_N164_profiles.json,json,381338,e450b99350708465ca54bc214ffc8b536b0ae253465e49d712ce2307998816b1,tracked,generated_scientific_artifact,ARCHIVE,Bulk generated output; decisive cases will be copied into results/canonical.,IMBH_legacy_steady_dae_artifacts_pre-cleanup-p0-2026-07-11.tar.gz:outputs/tables/m5_eta_global_flux_production_stage1_20_300_cheap_sourceguards_midpoint_nfev24_98p125_N164_profiles.json
outputs/tables/m5_eta_global_flux_production_stage1_20_300_cheap_sourceguards_midpoint_98p125_N164_profiles.json,json,381159,b773897ec0932f546fca5d5868e402b475b74ab633639a0d4bb27b36b5302763,tracked,generated_scientific_artifact,ARCHIVE,Bulk generated output; decisive cases will be copied into results/canonical.,IMBH_legacy_steady_dae_artifacts_pre-cleanup-p0-2026-07-11.tar.gz:outputs/tables/m5_eta_global_flux_production_stage1_20_300_cheap_sourceguards_midpoint_98p125_N164_profiles.json
outputs/tables/m5_eta_global_flux_production_stage1_20_300_cheap_sourceguards_midpoint_dyn10_98p125_N164_profiles.json,json,380380,6d6104a83cfc0b8321a452e6f22f18619b4ce766b20020eb04bc134ccce49343,tracked,generated_scientific_artifact,ARCHIVE,Bulk generated output; decisive cases will be copied into results/canonical.,IMBH_legacy_steady_dae_artifacts_pre-cleanup-p0-2026-07-11.tar.gz:outputs/tables/m5_eta_global_flux_production_stage1_20_300_cheap_sourceguards_midpoint_dyn10_98p125_N164_profiles.json
outputs/tables/m5_local_mdot_eta_continuation_zeta0p03_N96_profiles.json,json,371154,16606eb9abe9a636e7d8da0176645f2d548dd85c975d9959af9bdf81ad87c2ea,tracked,generated_scientific_artifact,ARCHIVE,Bulk generated output; decisive cases will be copied into results/canonical.,IMBH_legacy_steady_dae_artifacts_pre-cleanup-p0-2026-07-11.tar.gz:outputs/tables/m5_local_mdot_eta_continuation_zeta0p03_N96_profiles.json
outputs/tables/m5_eta_global_f_hsfv_production_local_source_sparse_massw1000_ftrust002_nfev30_98p125_N164_profiles.json,json,361520,0a82880d0aecfcb02a88ac32340ff8af95f9f4fa4249616a80bf269583efebda,tracked,generated_scientific_artifact,ARCHIVE,Bulk generated output; decisive cases will be copied into results/canonical.,IMBH_legacy_steady_dae_artifacts_pre-cleanup-p0-2026-07-11.tar.gz:outputs/tables/m5_eta_global_f_hsfv_production_local_source_sparse_massw1000_ftrust002_nfev30_98p125_N164_profiles.json
outputs/tables/m5_eta_global_f_hsfv_production_local_source_sparse_nfev20_98p125_N164_profiles.json,json,361448,0084d33ae2a8d5727113d207863649a478d402776dc476cbee2defa9d3c1e871,tracked,generated_scientific_artifact,ARCHIVE,Bulk generated output; decisive cases will be copied into results/canonical.,IMBH_legacy_steady_dae_artifacts_pre-cleanup-p0-2026-07-11.tar.gz:outputs/tables/m5_eta_global_f_hsfv_production_local_source_sparse_nfev20_98p125_N164_profiles.json
outputs/tables/m5_eta_global_flux_production_stage1_20_300_extra_guard_midpoint_nosourceguard_98p125_N164_profiles.json,json,361037,a0a835abbdf4bf9d126d504d97c4f018ed5cc578f1e6339fc90cd89e27682673,tracked,generated_scientific_artifact,ARCHIVE,Bulk generated output; decisive cases will be copied into results/canonical.,IMBH_legacy_steady_dae_artifacts_pre-cleanup-p0-2026-07-11.tar.gz:outputs/tables/m5_eta_global_flux_production_stage1_20_300_extra_guard_midpoint_nosourceguard_98p125_N164_profiles.json
outputs/tables/m5_eta_global_f_hsfv_production_corehalo8_full_outsideguard_pass8_fv102_nfev14_98p125_N164_profiles.json,json,360236,109493f88e7453e96697406cc03933eb7ef3d3f64b0ef97d205ae3f8240998cd,tracked,generated_scientific_artifact,ARCHIVE,Bulk generated output; decisive cases will be copied into results/canonical.,IMBH_legacy_steady_dae_artifacts_pre-cleanup-p0-2026-07-11.tar.gz:outputs/tables/m5_eta_global_f_hsfv_production_corehalo8_full_outsideguard_pass8_fv102_nfev14_98p125_N164_profiles.json
outputs/tables/m5_eta_global_f_hsfv_production_corehalo8_full_outsideguard_nfev2_fromlocal_98p125_N164_profiles.json,json,360222,980130921c24a3e259d49f195317c7a57f2e99dea608ffd693bc39a45d36ce1e,tracked,generated_scientific_artifact,ARCHIVE,Bulk generated output; decisive cases will be copied into results/canonical.,IMBH_legacy_steady_dae_artifacts_pre-cleanup-p0-2026-07-11.tar.gz:outputs/tables/m5_eta_global_f_hsfv_production_corehalo8_full_outsideguard_nfev2_fromlocal_98p125_N164_profiles.json
outputs/tables/m5_eta_global_f_hsfv_production_corehalo8_full_outsideguard_pass4_nfev8_98p125_N164_profiles.json,json,360217,7229c2f5c976324886ee8589aefb13895e83db14f2cbf4c2729893d620d60900,tracked,generated_scientific_artifact,ARCHIVE,Bulk generated output; decisive cases will be copied into results/canonical.,IMBH_legacy_steady_dae_artifacts_pre-cleanup-p0-2026-07-11.tar.gz:outputs/tables/m5_eta_global_f_hsfv_production_corehalo8_full_outsideguard_pass4_nfev8_98p125_N164_profiles.json
outputs/tables/m5_eta_global_f_hsfv_production_corehalo8_full_nfev2_fromlocal_98p125_N164_profiles.json,json,360135,0913acff54d61cf0371099275a6206564640b7c3466d81b2f55f133488987b7e,tracked,generated_scientific_artifact,ARCHIVE,Bulk generated output; decisive cases will be copied into results/canonical.,IMBH_legacy_steady_dae_artifacts_pre-cleanup-p0-2026-07-11.tar.gz:outputs/tables/m5_eta_global_f_hsfv_production_corehalo8_full_nfev2_fromlocal_98p125_N164_profiles.json
outputs/tables/m5_eta_global_f_hsfv_production_corehalo8_full_outsideguard_pass7_fv102_nfev14_98p125_N164_profiles.json,json,360109,eaee5bbd093eaa137536c0f2cdad51e6d1d34e5baf7c9f2728a063bc2532c401,tracked,generated_scientific_artifact,ARCHIVE,Bulk generated output; decisive cases will be copied into results/canonical.,IMBH_legacy_steady_dae_artifacts_pre-cleanup-p0-2026-07-11.tar.gz:outputs/tables/m5_eta_global_f_hsfv_production_corehalo8_full_outsideguard_pass7_fv102_nfev14_98p125_N164_profiles.json
outputs/tables/m5_eta_global_f_hsfv_production_corehalo8_full_outsideguard_pass3_nfev6_98p125_N164_profiles.json,json,360081,397db97f4eb0db2ff1bbd7f677540673348a176db152571d22eb66f09b405edd,tracked,generated_scientific_artifact,ARCHIVE,Bulk generated output; decisive cases will be copied into results/canonical.,IMBH_legacy_steady_dae_artifacts_pre-cleanup-p0-2026-07-11.tar.gz:outputs/tables/m5_eta_global_f_hsfv_production_corehalo8_full_outsideguard_pass3_nfev6_98p125_N164_profiles.json
outputs/tables/m5_eta_global_f_hsfv_production_corehalo8_full_outsideguard_pass5_nfev10_98p125_N164_profiles.json,json,359977,d0e631d388bde993022b0d783bd8dc4a0bc6557ca181a5c3a2dbc3a20a2861cc,tracked,generated_scientific_artifact,ARCHIVE,Bulk generated output; decisive cases will be copied into results/canonical.,IMBH_legacy_steady_dae_artifacts_pre-cleanup-p0-2026-07-11.tar.gz:outputs/tables/m5_eta_global_f_hsfv_production_corehalo8_full_outsideguard_pass5_nfev10_98p125_N164_profiles.json
outputs/tables/m5_eta_global_f_hsfv_production_corehalo8_full_outsideguard_pass6_nfev12_98p125_N164_profiles.json,json,359904,29598e86eb8784066bff1e96deda7767939a5d8c2abe3fc1d50b676348447621,tracked,generated_scientific_artifact,ARCHIVE,Bulk generated output; decisive cases will be copied into results/canonical.,IMBH_legacy_steady_dae_artifacts_pre-cleanup-p0-2026-07-11.tar.gz:outputs/tables/m5_eta_global_f_hsfv_production_corehalo8_full_outsideguard_pass6_nfev12_98p125_N164_profiles.json
outputs/tables/m5_eta_global_f_hsfv_production_corehalo8_full_outsideguard_pass2_nfev4_98p125_N164_profiles.json,json,359813,72d8e5d539ab7ec3d7633c0a64e477f481b7ddb094bd080b6bb60c1e112e9723,tracked,generated_scientific_artifact,ARCHIVE,Bulk generated output; decisive cases will be copied into results/canonical.,IMBH_legacy_steady_dae_artifacts_pre-cleanup-p0-2026-07-11.tar.gz:outputs/tables/m5_eta_global_f_hsfv_production_corehalo8_full_outsideguard_pass2_nfev4_98p125_N164_profiles.json
outputs/tables/m5_eta_global_f_hsfv_production_freezebase_nfev80_98p125_N164_profiles.json,json,357747,ebf141c61cd7f08056595978f16a5a5d26662bbd04afa88351670850d19dba01,tracked,generated_scientific_artifact,ARCHIVE,Bulk generated output; decisive cases will be copied into results/canonical.,IMBH_legacy_steady_dae_artifacts_pre-cleanup-p0-2026-07-11.tar.gz:outputs/tables/m5_eta_global_f_hsfv_production_freezebase_nfev80_98p125_N164_profiles.json
outputs/tables/m5_eta_global_flux_production_stage1_20_300_oldoutside_guard1_nfev2_98p125_N164_profiles.json,json,356788,6ffe81b2e0035dd19f981a1d36ce6f5ecfb39cab82e2778920213ba518211b82,tracked,generated_scientific_artifact,ARCHIVE,Bulk generated output; decisive cases will be copied into results/canonical.,IMBH_legacy_steady_dae_artifacts_pre-cleanup-p0-2026-07-11.tar.gz:outputs/tables/m5_eta_global_flux_production_stage1_20_300_oldoutside_guard1_nfev2_98p125_N164_profiles.json
outputs/tables/m5_eta_global_flux_production_stage1_20_300_oldoutside_noguard_nfev8_98p125_N164_profiles.json,json,356377,c4cc61e353e53d543765a678fc14f002c0bf7245c3351537054953321c0c0a49,tracked,generated_scientific_artifact,ARCHIVE,Bulk generated output; decisive cases will be copied into results/canonical.,IMBH_legacy_steady_dae_artifacts_pre-cleanup-p0-2026-07-11.tar.gz:outputs/tables/m5_eta_global_flux_production_stage1_20_300_oldoutside_noguard_nfev8_98p125_N164_profiles.json
outputs/tables/m5_eta_global_flux_production_guard20_old_source_dynamics_98p125_N164_profiles.json,json,356066,699dde3ec1156c527f453d14a178351918b1c2115c7a8bcc1cf67f94e08842fa,tracked,generated_scientific_artifact,ARCHIVE,Bulk generated output; decisive cases will be copied into results/canonical.,IMBH_legacy_steady_dae_artifacts_pre-cleanup-p0-2026-07-11.tar.gz:outputs/tables/m5_eta_global_flux_production_guard20_old_source_dynamics_98p125_N164_profiles.json
outputs/tables/m5_eta_global_flux_production_guard20_skip_source_98p125_N164_profiles.json,json,353473,4ef7298229ce240d1fa628e75ead518aed11d34ffebe8d110f14a4f90a672973,tracked,generated_scientific_artifact,ARCHIVE,Bulk generated output; decisive cases will be copied into results/canonical.,IMBH_legacy_steady_dae_artifacts_pre-cleanup-p0-2026-07-11.tar.gz:outputs/tables/m5_eta_global_flux_production_guard20_skip_source_98p125_N164_profiles.json
outputs/tables/m5_eta_global_f_hsfv_production_corehalo8_local_source_massw1000_ftrust002_nfev40_98p125_N164_profiles.json,json,349916,7970d3bd9f38a2a3844e5f9bbe4ea9263027c656d40010ef317d02176bf06d7b,tracked,generated_scientific_artifact,ARCHIVE,Bulk generated output; decisive cases will be copied into results/canonical.,IMBH_legacy_steady_dae_artifacts_pre-cleanup-p0-2026-07-11.tar.gz:outputs/tables/m5_eta_global_f_hsfv_production_corehalo8_local_source_massw1000_ftrust002_nfev40_98p125_N164_profiles.json
outputs/tables/m5_eta_global_f_hsfv_production_corehalo8_local_source_massw10000_ftrust0005_nfev60_98p125_N164_profiles.json,json,349901,76e9690e791c129db6473a2ab2a1da0fa258fa0e5cce6c1be7cf7948551a380c,tracked,generated_scientific_artifact,ARCHIVE,Bulk generated output; decisive cases will be copied into results/canonical.,IMBH_legacy_steady_dae_artifacts_pre-cleanup-p0-2026-07-11.tar.gz:outputs/tables/m5_eta_global_f_hsfv_production_corehalo8_local_source_massw10000_ftrust0005_nfev60_98p125_N164_profiles.json
outputs/tables/m5_eta_adaptive_active_window_dynamic_inner_from98p5625_N164.json,json,336860,308389bf57b392f17d5b8e3bb775f3c8721386a3f1a37026610c4f2eacf0e5a0,tracked,generated_scientific_artifact,ARCHIVE,Bulk generated output; decisive cases will be copied into results/canonical.,IMBH_legacy_steady_dae_artifacts_pre-cleanup-p0-2026-07-11.tar.gz:outputs/tables/m5_eta_adaptive_active_window_dynamic_inner_from98p5625_N164.json
outputs/tables/m5_eta_global_f_hsfv_production_evalonly_98p125_N164_profiles.json,json,335613,77dd85d700fb14e36d464c44a35c644610740d657075c7f1d1890b2b2298a8bd,tracked,generated_scientific_artifact,ARCHIVE,Bulk generated output; decisive cases will be copied into results/canonical.,IMBH_legacy_steady_dae_artifacts_pre-cleanup-p0-2026-07-11.tar.gz:outputs/tables/m5_eta_global_f_hsfv_production_evalonly_98p125_N164_profiles.json
outputs/tables/m5_eta_global_f_hsfv_production_corehalo8_evalonly_98p125_N164_profiles.json,json,335601,9230e5627060346dc326ca1bb35c60839731e738975c1e7ef57f0639d5cfbf48,tracked,generated_scientific_artifact,ARCHIVE,Bulk generated output; decisive cases will be copied into results/canonical.,IMBH_legacy_steady_dae_artifacts_pre-cleanup-p0-2026-07-11.tar.gz:outputs/tables/m5_eta_global_f_hsfv_production_corehalo8_evalonly_98p125_N164_profiles.json
outputs/tables/m5_eta_global_f_hsfv_production_corehalo8_full_guarded_nfev2_fromlocal_98p125_N164_profiles.json,json,335363,6e488af60a6e877b82de5ce67e17ec306d704cdb32deafd39307fa5b1ed4365b,tracked,generated_scientific_artifact,ARCHIVE,Bulk generated output; decisive cases will be copied into results/canonical.,IMBH_legacy_steady_dae_artifacts_pre-cleanup-p0-2026-07-11.tar.gz:outputs/tables/m5_eta_global_f_hsfv_production_corehalo8_full_guarded_nfev2_fromlocal_98p125_N164_profiles.json
outputs/tables/m5_eta_global_f_hsfv_production_corehalo8_full_linesearch_exporttrials_nfev2_fromlocal_98p125_N164_profiles.json,json,335363,6e488af60a6e877b82de5ce67e17ec306d704cdb32deafd39307fa5b1ed4365b,tracked,generated_scientific_artifact,ARCHIVE,Bulk generated output; decisive cases will be copied into results/canonical.,IMBH_legacy_steady_dae_artifacts_pre-cleanup-p0-2026-07-11.tar.gz:outputs/tables/m5_eta_global_f_hsfv_production_corehalo8_full_linesearch_exporttrials_nfev2_fromlocal_98p125_N164_profiles.json
outputs/tables/m5_eta_global_f_hsfv_production_corehalo8_full_linesearch_nfev2_fromlocal_98p125_N164_profiles.json,json,335363,6e488af60a6e877b82de5ce67e17ec306d704cdb32deafd39307fa5b1ed4365b,tracked,generated_scientific_artifact,ARCHIVE,Bulk generated output; decisive cases will be copied into results/canonical.,IMBH_legacy_steady_dae_artifacts_pre-cleanup-p0-2026-07-11.tar.gz:outputs/tables/m5_eta_global_f_hsfv_production_corehalo8_full_linesearch_nfev2_fromlocal_98p125_N164_profiles.json
outputs/tables/m5_eta_global_flux_production_diag_98p125_N164_profiles.json,json,330500,2f0338c2e7447ee6844edfad4faf81cee307ac8e2ed3bf45ae1764c65c1c933f,tracked,generated_scientific_artifact,ARCHIVE,Bulk generated output; decisive cases will be copied into results/canonical.,IMBH_legacy_steady_dae_artifacts_pre-cleanup-p0-2026-07-11.tar.gz:outputs/tables/m5_eta_global_flux_production_diag_98p125_N164_profiles.json
outputs/tables/m5_local_mdot_eta90_source_buffer_mid_from_halo4_seed_profiles.json,json,327443,0d01a37e52a4f673bc84be30bd18155b51980a97241add2671ad5a6527edd2ce,tracked,generated_scientific_artifact,ARCHIVE,Bulk generated output; decisive cases will be copied into results/canonical.,IMBH_legacy_steady_dae_artifacts_pre-cleanup-p0-2026-07-11.tar.gz:outputs/tables/m5_local_mdot_eta90_source_buffer_mid_from_halo4_seed_profiles.json
outputs/tables/m5_local_mdot_eta100_to_eta90_N168_localjac_scout_profiles.json,json,325150,181be57205c0fa65d0d33e399a351cd58756fc2b509d230e7172084804971ddb,tracked,generated_scientific_artifact,ARCHIVE,Bulk generated output; decisive cases will be copied into results/canonical.,IMBH_legacy_steady_dae_artifacts_pre-cleanup-p0-2026-07-11.tar.gz:outputs/tables/m5_local_mdot_eta100_to_eta90_N168_localjac_scout_profiles.json
outputs/tables/m5_eta_two_pass_sonic12_from98p4375_N164.json,json,324520,a35431084bb2bf7456745244a49baabdc529d78ab7f9d6e6ec9952dd8f576ddd,tracked,generated_scientific_artifact,ARCHIVE,Bulk generated output; decisive cases will be copied into results/canonical.,IMBH_legacy_steady_dae_artifacts_pre-cleanup-p0-2026-07-11.tar.gz:outputs/tables/m5_eta_two_pass_sonic12_from98p4375_N164.json
outputs/figures/transonic_two_domain_inner_residual_profile.png,png,321786,edc198aa1edb6d1c1d73571e76125f40d5e06c69d3aafe5eaa7c78baf5d85360,tracked,generated_scientific_artifact,ARCHIVE,Bulk generated output; decisive cases will be copied into results/canonical.,IMBH_legacy_steady_dae_artifacts_pre-cleanup-p0-2026-07-11.tar.gz:outputs/figures/transonic_two_domain_inner_residual_profile.png
outputs/tables/m5_eta_two_pass_sonic12_micro_from98p171875_N164.json,json,321763,6dbd5d825470af9cfe8004e4b257d40552d9da9f5e495cb03b0955b810b1780a,tracked,generated_scientific_artifact,ARCHIVE,Bulk generated output; decisive cases will be copied into results/canonical.,IMBH_legacy_steady_dae_artifacts_pre-cleanup-p0-2026-07-11.tar.gz:outputs/tables/m5_eta_two_pass_sonic12_micro_from98p171875_N164.json
outputs/figures/high_mdot_stream_outer_buffer_interval_profile_no_seed_ladder_0897_to090.png,png,310327,3def800f76cf771290fed3fdfe3c9f0acc680fe911567ef6ba472aa3d75cbf11,tracked,generated_scientific_artifact,ARCHIVE,Bulk generated output; decisive cases will be copied into results/canonical.,IMBH_legacy_steady_dae_artifacts_pre-cleanup-p0-2026-07-11.tar.gz:outputs/figures/high_mdot_stream_outer_buffer_interval_profile_no_seed_ladder_0897_to090.png
Note/IMRI_minidisk_limit_cycle_note.pdf,pdf,309026,a87c5ad7aa10b0c45ea08b1a3ba945ac9c0e5ddae61438722c19fea20c1cc20c,tracked,historical_scientific_note,ARCHIVE,Superseded numerical diary; preserve through tag/archive and summarize in milestones.,IMBH_legacy_steady_dae_artifacts_pre-cleanup-p0-2026-07-11.tar.gz:Note/IMRI_minidisk_limit_cycle_note.pdf
outputs/tables/m5_eta_reduced_ladder_98p154_to98p150_N164.json,json,308703,5d34c7b07eac83dfed410677e8dd62bf7ff08850c44596253c410125cabb1c18,tracked,generated_scientific_artifact,ARCHIVE,Bulk generated output; decisive cases will be copied into results/canonical.,IMBH_legacy_steady_dae_artifacts_pre-cleanup-p0-2026-07-11.tar.gz:outputs/tables/m5_eta_reduced_ladder_98p154_to98p150_N164.json
outputs/tables/high_mdot_stream_plateau_autopsy_detail.json,json,292859,880fc3591879b1188007e19a4063be4037e0f16b6172fbca2954b8f4ff0da6de,tracked,generated_scientific_artifact,ARCHIVE,Bulk generated output; decisive cases will be copied into results/canonical.,IMBH_legacy_steady_dae_artifacts_pre-cleanup-p0-2026-07-11.tar.gz:outputs/tables/high_mdot_stream_plateau_autopsy_detail.json
outputs/figures/global_slim_wind_audit.png,png,289217,43a5f768381968aa83065b9ae8e362fa99e34f9d3a63e00060163c1da0dba3f5,tracked,generated_scientific_artifact,ARCHIVE,Bulk generated output; decisive cases will be copied into results/canonical.,IMBH_legacy_steady_dae_artifacts_pre-cleanup-p0-2026-07-11.tar.gz:outputs/figures/global_slim_wind_audit.png
outputs/tables/m5_eta_from99p45_noinner_sbgrows_links_refresh_balanced_ladder_N164.json,json,282756,7b787d797244d0503e40ff0d2f23e819166b3af3938a686112fedbbb9f1aebc2,tracked,generated_scientific_artifact,ARCHIVE,Bulk generated output; decisive cases will be copied into results/canonical.,IMBH_legacy_steady_dae_artifacts_pre-cleanup-p0-2026-07-11.tar.gz:outputs/tables/m5_eta_from99p45_noinner_sbgrows_links_refresh_balanced_ladder_N164.json
outputs/tables/m5_eta_from99p35_sonicaware_inneronly_balanced_ladder_N164.json,json,282411,da1a9956e1e3b8e53deb8c830c36ed58789985aa0609dd305c3116dd6a664b61,tracked,generated_scientific_artifact,ARCHIVE,Bulk generated output; decisive cases will be copied into results/canonical.,IMBH_legacy_steady_dae_artifacts_pre-cleanup-p0-2026-07-11.tar.gz:outputs/tables/m5_eta_from99p35_sonicaware_inneronly_balanced_ladder_N164.json
outputs/figures/high_mdot_stream_outer_buffer_interval_profile_0895_to0897.png,png,277800,fb2cef2373418dd8a4334c052c5b0e216b7e4d05440589fa65b70d1fb80ce9e7,tracked,generated_scientific_artifact,ARCHIVE,Bulk generated output; decisive cases will be copied into results/canonical.,IMBH_legacy_steady_dae_artifacts_pre-cleanup-p0-2026-07-11.tar.gz:outputs/figures/high_mdot_stream_outer_buffer_interval_profile_0895_to0897.png
outputs/tables/slim_benchmark_mdot_residual_profiles_pressure_1e2_3e2.json,json,277753,96086ea3c45311c0e682a5d5c05a1f03f0418a494ec60df98d82786419b33a3f,tracked,generated_scientific_artifact,ARCHIVE,Bulk generated output; decisive cases will be copied into results/canonical.,IMBH_legacy_steady_dae_artifacts_pre-cleanup-p0-2026-07-11.tar.gz:outputs/tables/slim_benchmark_mdot_residual_profiles_pressure_1e2_3e2.json
outputs/figures/high_mdot_stream_compact_outer_closure_interval_profile_rout310_from305.png,png,277344,c0771894e655256d5c6d8d541791a0b6c23e5e8977db44c9c3f4b85aefa103f1,tracked,generated_scientific_artifact,ARCHIVE,Bulk generated output; decisive cases will be copied into results/canonical.,IMBH_legacy_steady_dae_artifacts_pre-cleanup-p0-2026-07-11.tar.gz:outputs/figures/high_mdot_stream_compact_outer_closure_interval_profile_rout310_from305.png
outputs/tables/slim_benchmark_mdot_residual_profiles_pressure_3e2_1e1.json,json,276206,847571b91097fec4f6b951d4ff4797c8d0d79bf08d9c85f1a5a77497a9b481c0,tracked,generated_scientific_artifact,ARCHIVE,Bulk generated output; decisive cases will be copied into results/canonical.,IMBH_legacy_steady_dae_artifacts_pre-cleanup-p0-2026-07-11.tar.gz:outputs/tables/slim_benchmark_mdot_residual_profiles_pressure_3e2_1e1.json
outputs/tables/m5_eta_phase_dae_simpson_k16_fromk12_98p125_N164_profiles.json,json,275780,f05d25d46616290a9c3f4c02f0ae4be126bcb834d06eabfa37786f7030e5ad45,tracked,generated_scientific_artifact,ARCHIVE,Bulk generated output; decisive cases will be copied into results/canonical.,IMBH_legacy_steady_dae_artifacts_pre-cleanup-p0-2026-07-11.tar.gz:outputs/tables/m5_eta_phase_dae_simpson_k16_fromk12_98p125_N164_profiles.json
outputs/tables/m5_eta_phase_dae_simpson_k16_pcseed_eval_98p125_N164_profiles.json,json,275777,cef2ebac2d2c6e9a8f69d9bacd464fac021a27703498e69d8d24228a8fd1e3b4,tracked,generated_scientific_artifact,ARCHIVE,Bulk generated output; decisive cases will be copied into results/canonical.,IMBH_legacy_steady_dae_artifacts_pre-cleanup-p0-2026-07-11.tar.gz:outputs/tables/m5_eta_phase_dae_simpson_k16_pcseed_eval_98p125_N164_profiles.json
outputs/figures/high_mdot_stream_compact_interval_profile_fs08338_to08365.png,png,273732,8e691671f289cecccce7454aec5539f2614e566416c5ad860fcdf58de4267283,tracked,generated_scientific_artifact,ARCHIVE,Bulk generated output; decisive cases will be copied into results/canonical.,IMBH_legacy_steady_dae_artifacts_pre-cleanup-p0-2026-07-11.tar.gz:outputs/figures/high_mdot_stream_compact_interval_profile_fs08338_to08365.png
outputs/tables/m5_local_mdot_eta90_N240_nested_splitrms_from_N200_seed_profiles.json,json,270178,71666099e967238d06483df148ab758d139b2b0e772dd60617bcba548dec8609,tracked,generated_scientific_artifact,ARCHIVE,Bulk generated output; decisive cases will be copied into results/canonical.,IMBH_legacy_steady_dae_artifacts_pre-cleanup-p0-2026-07-11.tar.gz:outputs/tables/m5_local_mdot_eta90_N240_nested_splitrms_from_N200_seed_profiles.json
outputs/tables/m5_eta_phase_dae_simpson_k14_polish_98p125_N164_profiles.json,json,269987,4146ba125781ee55788d8d3cbf6fa8768b2f4b8edc2d6f345315f4afd603eaa0,tracked,generated_scientific_artifact,ARCHIVE,Bulk generated output; decisive cases will be copied into results/canonical.,IMBH_legacy_steady_dae_artifacts_pre-cleanup-p0-2026-07-11.tar.gz:outputs/tables/m5_eta_phase_dae_simpson_k14_polish_98p125_N164_profiles.json
outputs/tables/m5_eta_phase_dae_simpson_k14_fromk13_98p125_N164_profiles.json,json,269966,cf053fc98c3faa78eee6f94666ecbd59ff3fee323af5e8f5b82c724f806a6495,tracked,generated_scientific_artifact,ARCHIVE,Bulk generated output; decisive cases will be copied into results/canonical.,IMBH_legacy_steady_dae_artifacts_pre-cleanup-p0-2026-07-11.tar.gz:outputs/tables/m5_eta_phase_dae_simpson_k14_fromk13_98p125_N164_profiles.json
outputs/tables/m5_eta_adaptive_active_window_expanded_from98p75_ladder_N164.json,json,269822,dc722248234d327713971b0b6793f2de1e9ca3fbea798366312159de51106926,tracked,generated_scientific_artifact,ARCHIVE,Bulk generated output; decisive cases will be copied into results/canonical.,IMBH_legacy_steady_dae_artifacts_pre-cleanup-p0-2026-07-11.tar.gz:outputs/tables/m5_eta_adaptive_active_window_expanded_from98p75_ladder_N164.json
outputs/tables/m5_eta_adaptive_active_window_oldonly_halfstep_from98p75_N164.json,json,269706,8ad2585982b6c1160ef51766b22994b5793ef75dd953ca343f32a6cc82ba3bff,tracked,generated_scientific_artifact,ARCHIVE,Bulk generated output; decisive cases will be copied into results/canonical.,IMBH_legacy_steady_dae_artifacts_pre-cleanup-p0-2026-07-11.tar.gz:outputs/tables/m5_eta_adaptive_active_window_oldonly_halfstep_from98p75_N164.json
outputs/tables/m5_eta_adaptive_active_window_from98p75_ladder_N164.json,json,269288,c021d4df6d2f01fe43a898c8405e2ceba39540373a89474ae50a6cb57d4e3182,tracked,generated_scientific_artifact,ARCHIVE,Bulk generated output; decisive cases will be copied into results/canonical.,IMBH_legacy_steady_dae_artifacts_pre-cleanup-p0-2026-07-11.tar.gz:outputs/tables/m5_eta_adaptive_active_window_from98p75_ladder_N164.json
outputs/tables/m5_eta_phase_dae_simpson_k13_pcseed_eval_98p125_N164_profiles.json,json,267039,893d23adcc21232d2b0aa578331dd153da50a51cd364ff07c86707239c32d041,tracked,generated_scientific_artifact,ARCHIVE,Bulk generated output; decisive cases will be copied into results/canonical.,IMBH_legacy_steady_dae_artifacts_pre-cleanup-p0-2026-07-11.tar.gz:outputs/tables/m5_eta_phase_dae_simpson_k13_pcseed_eval_98p125_N164_profiles.json
outputs/tables/m5_eta_phase_dae_simpson_k13_fromk12_98p125_N164_profiles.json,json,267030,234d86fea3ce5f494c6130b606ae261e4731bc040fc25bef81470d8f39e95267,tracked,generated_scientific_artifact,ARCHIVE,Bulk generated output; decisive cases will be copied into results/canonical.,IMBH_legacy_steady_dae_artifacts_pre-cleanup-p0-2026-07-11.tar.gz:outputs/tables/m5_eta_phase_dae_simpson_k13_fromk12_98p125_N164_profiles.json
outputs/tables/m5_eta_phase_dae_simpson_k13_certified_98p125_N164_profiles.json,json,266997,9fec2d6183f05a7f9272e4e27f0501e54fbf70f8fed9891b831dc12f86612664,tracked,generated_scientific_artifact,ARCHIVE,Bulk generated output; decisive cases will be copied into results/canonical.,IMBH_legacy_steady_dae_artifacts_pre-cleanup-p0-2026-07-11.tar.gz:outputs/tables/m5_eta_phase_dae_simpson_k13_certified_98p125_N164_profiles.json
outputs/tables/m5_eta_from99p60_noinner_active_mass_profile_sbgrows_halfstep_N164_profiles.json,json,266621,a0f07105e009b7bd8d8ae050b6af8d5b2baa2d04d0cb43b1e8c42fcb259c70cd,tracked,generated_scientific_artifact,ARCHIVE,Bulk generated output; decisive cases will be copied into results/canonical.,IMBH_legacy_steady_dae_artifacts_pre-cleanup-p0-2026-07-11.tar.gz:outputs/tables/m5_eta_from99p60_noinner_active_mass_profile_sbgrows_halfstep_N164_profiles.json
outputs/tables/m5_eta_two_pass_sonic12_micro_from98p171875_N164_profiles.json,json,266435,6ef448dde86abc93a6ed80204d7e1c2a60136bd5bd35d4cc2278df556834e397,tracked,generated_scientific_artifact,ARCHIVE,Bulk generated output; decisive cases will be copied into results/canonical.,IMBH_legacy_steady_dae_artifacts_pre-cleanup-p0-2026-07-11.tar.gz:outputs/tables/m5_eta_two_pass_sonic12_micro_from98p171875_N164_profiles.json
outputs/tables/m5_eta_two_pass_sonic12_halfstep_from98p1875_N164_profiles.json,json,266425,9c48d0ff081ae072ccaf665a471eab188cf4597b05c3ca0a6010a731073e670d,tracked,generated_scientific_artifact,ARCHIVE,Bulk generated output; decisive cases will be copied into results/canonical.,IMBH_legacy_steady_dae_artifacts_pre-cleanup-p0-2026-07-11.tar.gz:outputs/tables/m5_eta_two_pass_sonic12_halfstep_from98p1875_N164_profiles.json
outputs/tables/m5_eta_two_pass_sonic12_halfstep_from98p21875_N164_profiles.json,json,266417,ee94cc6dbdc864694033fe4bf5ee6c4ccdba15be281f52f0a92c32dffd802541,tracked,generated_scientific_artifact,ARCHIVE,Bulk generated output; decisive cases will be copied into results/canonical.,IMBH_legacy_steady_dae_artifacts_pre-cleanup-p0-2026-07-11.tar.gz:outputs/tables/m5_eta_two_pass_sonic12_halfstep_from98p21875_N164_profiles.json
outputs/tables/m5_eta_two_pass_sonic12_halfstep_from98p25_N164_profiles.json,json,266347,52bdbeedd6b51d88499d44db8da270724d969eb1e2a3905b1c7ae1ec34d02a6e,tracked,generated_scientific_artifact,ARCHIVE,Bulk generated output; decisive cases will be copied into results/canonical.,IMBH_legacy_steady_dae_artifacts_pre-cleanup-p0-2026-07-11.tar.gz:outputs/tables/m5_eta_two_pass_sonic12_halfstep_from98p25_N164_profiles.json
outputs/tables/m5_eta_reduced_small_steps_from98p15625_N164_profiles.json,json,266147,d79403197a2be3008648d79204e158d720bda045ca5fe9aa18e16fcb8cd693f9,tracked,generated_scientific_artifact,ARCHIVE,Bulk generated output; decisive cases will be copied into results/canonical.,IMBH_legacy_steady_dae_artifacts_pre-cleanup-p0-2026-07-11.tar.gz:outputs/tables/m5_eta_reduced_small_steps_from98p15625_N164_profiles.json
outputs/figures/high_mdot_stream_compact_outer_buffer_interval_profile_r300_305_310_335.png,png,266007,acff6e48b9713ff9c557923239e7d9c5c37c840621f69e08e94f5065f438f9eb,tracked,generated_scientific_artifact,ARCHIVE,Bulk generated output; decisive cases will be copied into results/canonical.,IMBH_legacy_steady_dae_artifacts_pre-cleanup-p0-2026-07-11.tar.gz:outputs/figures/high_mdot_stream_compact_outer_buffer_interval_profile_r300_305_310_335.png
outputs/tables/m5_eta_phase_dae_simpson_centered_k12_interface_polish_98p125_N164_profiles.json,json,264117,71cd6bc96fe09c33629242b438fd9eca6da50289df7ef518d7f2dcb25f242f60,tracked,generated_scientific_artifact,ARCHIVE,Bulk generated output; decisive cases will be copied into results/canonical.,IMBH_legacy_steady_dae_artifacts_pre-cleanup-p0-2026-07-11.tar.gz:outputs/tables/m5_eta_phase_dae_simpson_centered_k12_interface_polish_98p125_N164_profiles.json
outputs/tables/m5_eta_phase_dae_simpson_centered_k12_final_polish_98p125_N164_profiles.json,json,264110,2a5caddacf5deee0736907dbb9ed830bb408fcd7b82ffd67cec67c094df92982,tracked,generated_scientific_artifact,ARCHIVE,Bulk generated output; decisive cases will be copied into results/canonical.,IMBH_legacy_steady_dae_artifacts_pre-cleanup-p0-2026-07-11.tar.gz:outputs/tables/m5_eta_phase_dae_simpson_centered_k12_final_polish_98p125_N164_profiles.json
outputs/tables/m5_eta_phase_dae_simpson_centered_k12_fromk4_98p125_N164_profiles.json,json,264099,de1226761cd2e7998fb41d23a89e9f9905eb540cc1de27774e7845f34d9568c5,tracked,generated_scientific_artifact,ARCHIVE,Bulk generated output; decisive cases will be copied into results/canonical.,IMBH_legacy_steady_dae_artifacts_pre-cleanup-p0-2026-07-11.tar.gz:outputs/tables/m5_eta_phase_dae_simpson_centered_k12_fromk4_98p125_N164_profiles.json
outputs/tables/m5_eta_phase_dae_simpson_centered_k12_energy_polish_98p125_N164_profiles.json,json,264095,311c08ebdd36b9b77193f59f8f12c32721d44f70e127d57435be2936c54e8558,tracked,generated_scientific_artifact,ARCHIVE,Bulk generated output; decisive cases will be copied into results/canonical.,IMBH_legacy_steady_dae_artifacts_pre-cleanup-p0-2026-07-11.tar.gz:outputs/tables/m5_eta_phase_dae_simpson_centered_k12_energy_polish_98p125_N164_profiles.json
outputs/figures/high_mdot_stream_outer_buffer_interval_profile_088_089_090_repolished.png,png,258896,1ea77cb39e3405340cf7e53ec0ba6d18a582351f8fe641046f7f6e689479fc3e,tracked,generated_scientific_artifact,ARCHIVE,Bulk generated output; decisive cases will be copied into results/canonical.,IMBH_legacy_steady_dae_artifacts_pre-cleanup-p0-2026-07-11.tar.gz:outputs/figures/high_mdot_stream_outer_buffer_interval_profile_088_089_090_repolished.png
outputs/tables/high_mdot_stream_compact_outer_buffer_ladder_validation_profile.md,md,252533,ad8b0439e62ae1a2ae39dea5983ff5ef0b138baf8b795de1837ffc48ed641e42,tracked,generated_scientific_artifact,ARCHIVE,Bulk generated output; decisive cases will be copied into results/canonical.,IMBH_legacy_steady_dae_artifacts_pre-cleanup-p0-2026-07-11.tar.gz:outputs/tables/high_mdot_stream_compact_outer_buffer_ladder_validation_profile.md
outputs/tables/m5_eta_global_f_hsfv_fvcontrol_source_w10_src105_pass1_nfev14_98p125_N164_profiles.json,json,252465,85643d15353b7c0ec4e4f33eb8c735bc85463fc657fea23ca271a3471127cf12,tracked,generated_scientific_artifact,ARCHIVE,Bulk generated output; decisive cases will be copied into results/canonical.,IMBH_legacy_steady_dae_artifacts_pre-cleanup-p0-2026-07-11.tar.gz:outputs/tables/m5_eta_global_f_hsfv_fvcontrol_source_w10_src105_pass1_nfev14_98p125_N164_profiles.json
outputs/tables/m5_eta_phase_dae_simpson_k8_flowextend_fromk4_98p125_N164_profiles.json,json,252317,6302192b52a8452dd8fb9301f7463531e6000eab5ac2d80019ed1812779ab81a,tracked,generated_scientific_artifact,ARCHIVE,Bulk generated output; decisive cases will be copied into results/canonical.,IMBH_legacy_steady_dae_artifacts_pre-cleanup-p0-2026-07-11.tar.gz:outputs/tables/m5_eta_phase_dae_simpson_k8_flowextend_fromk4_98p125_N164_profiles.json
outputs/tables/m5_eta_phase_dae_simpson_state_halo8_k8_fromk4_98p125_N164_profiles.json,json,252305,5ee4507ac95caef4ce70b7e9ac18d7bdbdd20e71bc28e6491f550d425aff58d7,tracked,generated_scientific_artifact,ARCHIVE,Bulk generated output; decisive cases will be copied into results/canonical.,IMBH_legacy_steady_dae_artifacts_pre-cleanup-p0-2026-07-11.tar.gz:outputs/tables/m5_eta_phase_dae_simpson_state_halo8_k8_fromk4_98p125_N164_profiles.json
outputs/tables/m5_eta_lobatto_dae_element_k26_tc1em6_from_notc_98p125_N164_profiles.json,json,251605,db32e53f50b2b83b79ca11a02aa53b2020bfccdceba2485cd1a05acd59a6c88a,tracked,generated_scientific_artifact,ARCHIVE,Bulk generated output; decisive cases will be copied into results/canonical.,IMBH_legacy_steady_dae_artifacts_pre-cleanup-p0-2026-07-11.tar.gz:outputs/tables/m5_eta_lobatto_dae_element_k26_tc1em6_from_notc_98p125_N164_profiles.json
outputs/tables/m5_eta_lobatto_dae_element_k26_tc1em4_from_notc_98p125_N164_profiles.json,json,251225,8f1218c9ce23b1aa0276ce590b435f67e4b689259fd97eeed865ee8ef29c0e77,tracked,generated_scientific_artifact,ARCHIVE,Bulk generated output; decisive cases will be copied into results/canonical.,IMBH_legacy_steady_dae_artifacts_pre-cleanup-p0-2026-07-11.tar.gz:outputs/tables/m5_eta_lobatto_dae_element_k26_tc1em4_from_notc_98p125_N164_profiles.json
outputs/tables/m5_eta_dae_lobatto_tangent_homotopy_gs1000_lt1em5_bracket_98p125_N164_profiles.json,json,251203,cfc66b1a10e03c6d6aff67a740d76a26e5dac4cea58d517031375ab621e128f1,tracked,generated_scientific_artifact,ARCHIVE,Bulk generated output; decisive cases will be copied into results/canonical.,IMBH_legacy_steady_dae_artifacts_pre-cleanup-p0-2026-07-11.tar.gz:outputs/tables/m5_eta_dae_lobatto_tangent_homotopy_gs1000_lt1em5_bracket_98p125_N164_profiles.json
outputs/tables/m5_eta_dae_lobatto_tangent_homotopy_gs1000_lt1em4_bracket_98p125_N164_profiles.json,json,251000,2c179760569ddb317cd8633e325adbe851001b468565152813e3950f4574e7ea,tracked,generated_scientific_artifact,ARCHIVE,Bulk generated output; decisive cases will be copied into results/canonical.,IMBH_legacy_steady_dae_artifacts_pre-cleanup-p0-2026-07-11.tar.gz:outputs/tables/m5_eta_dae_lobatto_tangent_homotopy_gs1000_lt1em4_bracket_98p125_N164_profiles.json
outputs/tables/m5_eta_lobatto_dae_element_k26_tc1em3_from_tc1em4_98p125_N164_profiles.json,json,250985,d62c31f2e8c5ca88145e2f1cf2c7e164e14bd7ba3a82302b953e5c2dc0129441,tracked,generated_scientific_artifact,ARCHIVE,Bulk generated output; decisive cases will be copied into results/canonical.,IMBH_legacy_steady_dae_artifacts_pre-cleanup-p0-2026-07-11.tar.gz:outputs/tables/m5_eta_lobatto_dae_element_k26_tc1em3_from_tc1em4_98p125_N164_profiles.json
outputs/tables/m5_eta_dae_lobatto_tangent_homotopy_gs100_lt0p01_98p125_N164_profiles.json,json,250785,b0a5887de64c18879b09c3286da5a8e86e72594ba0550cb8f91304b921c15e75,tracked,generated_scientific_artifact,ARCHIVE,Bulk generated output; decisive cases will be copied into results/canonical.,IMBH_legacy_steady_dae_artifacts_pre-cleanup-p0-2026-07-11.tar.gz:outputs/tables/m5_eta_dae_lobatto_tangent_homotopy_gs100_lt0p01_98p125_N164_profiles.json
outputs/tables/m5_eta_dae_lobatto_tangent_homotopy_gs10_lt0p01_98p125_N164_profiles.json,json,250785,f4bc4e294fb8b433fddfeacd5574956f04d60ac473e26726e3a48ef4dce6354d,tracked,generated_scientific_artifact,ARCHIVE,Bulk generated output; decisive cases will be copied into results/canonical.,IMBH_legacy_steady_dae_artifacts_pre-cleanup-p0-2026-07-11.tar.gz:outputs/tables/m5_eta_dae_lobatto_tangent_homotopy_gs10_lt0p01_98p125_N164_profiles.json
outputs/tables/m5_eta_dae_lobatto_tangent_homotopy_gs1000_lt0p01_98p125_N164_profiles.json,json,250727,9a2073085e61d86be9d9bc56e10f0c7a682f9594e27859bbeeb27dc902a5c003,tracked,generated_scientific_artifact,ARCHIVE,Bulk generated output; decisive cases will be copied into results/canonical.,IMBH_legacy_steady_dae_artifacts_pre-cleanup-p0-2026-07-11.tar.gz:outputs/tables/m5_eta_dae_lobatto_tangent_homotopy_gs1000_lt0p01_98p125_N164_profiles.json
outputs/tables/m5_eta_source_element_scaled_local_minrow0p1_from_nfev80_98p125_N164_profiles.json,json,248911,d229f59e26d8f4cf5c2b06f43268b4f5bc28e64ceeb56a4402ce5d2683642015,tracked,generated_scientific_artifact,ARCHIVE,Bulk generated output; decisive cases will be copied into results/canonical.,IMBH_legacy_steady_dae_artifacts_pre-cleanup-p0-2026-07-11.tar.gz:outputs/tables/m5_eta_source_element_scaled_local_minrow0p1_from_nfev80_98p125_N164_profiles.json
outputs/tables/m5_eta_source_element_scaled_local_from_nfev80_98p125_N164_profiles.json,json,248863,84df6499acdcd7d4e66f6e0c7cb83a829afb1b9e7607a9491fb8a39216921da4,tracked,generated_scientific_artifact,ARCHIVE,Bulk generated output; decisive cases will be copied into results/canonical.,IMBH_legacy_steady_dae_artifacts_pre-cleanup-p0-2026-07-11.tar.gz:outputs/tables/m5_eta_source_element_scaled_local_from_nfev80_98p125_N164_profiles.json
outputs/tables/m5_eta_source_element_fprime_corehalo8_local_nfev80_98p125_N164_profiles.json,json,248824,ef689ee66dd32fb531557f4909feac4f12189ff82cab32a6ccc1fe4803d0385c,tracked,generated_scientific_artifact,ARCHIVE,Bulk generated output; decisive cases will be copied into results/canonical.,IMBH_legacy_steady_dae_artifacts_pre-cleanup-p0-2026-07-11.tar.gz:outputs/tables/m5_eta_source_element_fprime_corehalo8_local_nfev80_98p125_N164_profiles.json
outputs/tables/m5_eta_source_element_colscaled_local_from_nfev80_98p125_N164_profiles.json,json,248823,3a9f2026120ca3f3dde63856f44d01e6c38899ff597f6ec1e60fd213e40ee1f5,tracked,generated_scientific_artifact,ARCHIVE,Bulk generated output; decisive cases will be copied into results/canonical.,IMBH_legacy_steady_dae_artifacts_pre-cleanup-p0-2026-07-11.tar.gz:outputs/tables/m5_eta_source_element_colscaled_local_from_nfev80_98p125_N164_profiles.json
outputs/tables/m5_eta_source_element_colscaled_local_pass2_98p125_N164_profiles.json,json,248803,020b3326250e7e76acff229f2b706b2e2d2cc0d94efb7b8b32b067dc75a3f821,tracked,generated_scientific_artifact,ARCHIVE,Bulk generated output; decisive cases will be copied into results/canonical.,IMBH_legacy_steady_dae_artifacts_pre-cleanup-p0-2026-07-11.tar.gz:outputs/tables/m5_eta_source_element_colscaled_local_pass2_98p125_N164_profiles.json
outputs/tables/m5_eta_source_element_fprime_corehalo8_local_mass100_fmid10_fprime10_noprior_nfev120_98p125_N164_profiles.json,json,246138,7729a078eb40d866d46835a966974262178379701f522edded538c65a8d5ccd3,tracked,generated_scientific_artifact,ARCHIVE,Bulk generated output; decisive cases will be copied into results/canonical.,IMBH_legacy_steady_dae_artifacts_pre-cleanup-p0-2026-07-11.tar.gz:outputs/tables/m5_eta_source_element_fprime_corehalo8_local_mass100_fmid10_fprime10_noprior_nfev120_98p125_N164_profiles.json
outputs/tables/m5_eta_conservative_source_element_corehalo8_local_masshermite_nfev60_98p125_N164_profiles.json,json,245637,d9bf85283dc5225388ed7f7b69ef2a003339b266d7d2347a83695985b705a8c0,tracked,generated_scientific_artifact,ARCHIVE,Bulk generated output; decisive cases will be copied into results/canonical.,IMBH_legacy_steady_dae_artifacts_pre-cleanup-p0-2026-07-11.tar.gz:outputs/tables/m5_eta_conservative_source_element_corehalo8_local_masshermite_nfev60_98p125_N164_profiles.json
outputs/tables/m5_eta_conservative_source_element_corehalo8_local_nfev40_98p125_N164_profiles.json,json,245634,fe3fd75ab3717cb15af42b97741c9911a57bbb59530639e354606ae3121fe05e,tracked,generated_scientific_artifact,ARCHIVE,Bulk generated output; decisive cases will be copied into results/canonical.,IMBH_legacy_steady_dae_artifacts_pre-cleanup-p0-2026-07-11.tar.gz:outputs/tables/m5_eta_conservative_source_element_corehalo8_local_nfev40_98p125_N164_profiles.json
outputs/tables/m5_eta_dae_lobatto_tangent_homotopy_gs100_lt0_98p125_N164_profiles.json,json,244850,55e8ca0b2934573aa925a7d9e4b9949b53741535b8153710f611397de8b419d0,tracked,generated_scientific_artifact,ARCHIVE,Bulk generated output; decisive cases will be copied into results/canonical.,IMBH_legacy_steady_dae_artifacts_pre-cleanup-p0-2026-07-11.tar.gz:outputs/tables/m5_eta_dae_lobatto_tangent_homotopy_gs100_lt0_98p125_N164_profiles.json
outputs/tables/m5_eta_dae_lobatto_tangent_homotopy_gs10_lt0_98p125_N164_profiles.json,json,244833,cc112112e760bf37a1f011f7874822ef2cadfe9461ffc4a00b5e3c91426ae01a,tracked,generated_scientific_artifact,ARCHIVE,Bulk generated output; decisive cases will be copied into results/canonical.,IMBH_legacy_steady_dae_artifacts_pre-cleanup-p0-2026-07-11.tar.gz:outputs/tables/m5_eta_dae_lobatto_tangent_homotopy_gs10_lt0_98p125_N164_profiles.json
outputs/tables/m5_eta_lobatto_dae_element_k26_directclip5000_notc_solve_98p125_N164_profiles.json,json,244804,2481e9230c80f46e231f40a5407b3442679ac6f1762460c820c227bbb1fc1216,tracked,generated_scientific_artifact,ARCHIVE,Bulk generated output; decisive cases will be copied into results/canonical.,IMBH_legacy_steady_dae_artifacts_pre-cleanup-p0-2026-07-11.tar.gz:outputs/tables/m5_eta_lobatto_dae_element_k26_directclip5000_notc_solve_98p125_N164_profiles.json
outputs/tables/m5_eta_dae_lobatto_tangent_homotopy_gs1000_lt0_98p125_N164_profiles.json,json,244795,a81f29c70f75497cb3ee57c2d320f13857b1601065970f842479cda9968a317c,tracked,generated_scientific_artifact,ARCHIVE,Bulk generated output; decisive cases will be copied into results/canonical.,IMBH_legacy_steady_dae_artifacts_pre-cleanup-p0-2026-07-11.tar.gz:outputs/tables/m5_eta_dae_lobatto_tangent_homotopy_gs1000_lt0_98p125_N164_profiles.json
outputs/tables/m5_eta_lobatto_state_corrector_mass100_halo16_98p125_N164_profiles.json,json,244697,c0ba7d2e3c35f4c426716d618e9b901ffd41c864762e25129a5fbbf3b97a3547,tracked,generated_scientific_artifact,ARCHIVE,Bulk generated output; decisive cases will be copied into results/canonical.,IMBH_legacy_steady_dae_artifacts_pre-cleanup-p0-2026-07-11.tar.gz:outputs/tables/m5_eta_lobatto_state_corrector_mass100_halo16_98p125_N164_profiles.json
outputs/tables/m5_local_mdot_eta90_source_element_refine2_global_sparse_from_tiebreak_eta90_profiles.json,json,244654,c31161dee0d883de3ee521de312c26d51e54df80fda5c8b9938f429548e0ded3,tracked,generated_scientific_artifact,ARCHIVE,Bulk generated output; decisive cases will be copied into results/canonical.,IMBH_legacy_steady_dae_artifacts_pre-cleanup-p0-2026-07-11.tar.gz:outputs/tables/m5_local_mdot_eta90_source_element_refine2_global_sparse_from_tiebreak_eta90_profiles.json
outputs/tables/m5_eta_lobatto_transition_left2_anchor100_curv1e4_98p125_N164_profiles.json,json,243240,00c589a5eb811c782516042addbc6b73e50828bdd09e3fc223546eaf714f8257,tracked,generated_scientific_artifact,ARCHIVE,Bulk generated output; decisive cases will be copied into results/canonical.,IMBH_legacy_steady_dae_artifacts_pre-cleanup-p0-2026-07-11.tar.gz:outputs/tables/m5_eta_lobatto_transition_left2_anchor100_curv1e4_98p125_N164_profiles.json
outputs/tables/m5_eta_lobatto_transition_left2_anchor100_nocurv_98p125_N164_profiles.json,json,243180,3a596487f58f904e723351e410c03166f97d476cd85d12f5f67eb696f3933d29,tracked,generated_scientific_artifact,ARCHIVE,Bulk generated output; decisive cases will be copied into results/canonical.,IMBH_legacy_steady_dae_artifacts_pre-cleanup-p0-2026-07-11.tar.gz:outputs/tables/m5_eta_lobatto_transition_left2_anchor100_nocurv_98p125_N164_profiles.json
outputs/tables/m5_eta_lobatto_transition_left1_anchor100_nocurv_98p125_N164_profiles.json,json,242842,08f56d3e48ba0b35ba4ce98be1ff4567b2e255bbc2c9ca06e006f6d0669ef1d4,tracked,generated_scientific_artifact,ARCHIVE,Bulk generated output; decisive cases will be copied into results/canonical.,IMBH_legacy_steady_dae_artifacts_pre-cleanup-p0-2026-07-11.tar.gz:outputs/tables/m5_eta_lobatto_transition_left1_anchor100_nocurv_98p125_N164_profiles.json
outputs/tables/m5_eta_conservative_source_element_corehalo8_local_masshermite_mass100_fmid10_noprior_nfev100_98p125_N164_profiles.json,json,242824,3ca063e5d1be5aa7d4bf93aecb7502dc3937f6d773a5763770d6a840a85371b1,tracked,generated_scientific_artifact,ARCHIVE,Bulk generated output; decisive cases will be copied into results/canonical.,IMBH_legacy_steady_dae_artifacts_pre-cleanup-p0-2026-07-11.tar.gz:outputs/tables/m5_eta_conservative_source_element_corehalo8_local_masshermite_mass100_fmid10_noprior_nfev100_98p125_N164_profiles.json
outputs/tables/m5_eta_conservative_source_element_corehalo8_local_mass100_fmid10_noprior_nfev80_98p125_N164_profiles.json,json,242762,a8b1c51e3748c1537edd4acae043eea0ff35494035c79b11c34ae18772913e66,tracked,generated_scientific_artifact,ARCHIVE,Bulk generated output; decisive cases will be copied into results/canonical.,IMBH_legacy_steady_dae_artifacts_pre-cleanup-p0-2026-07-11.tar.gz:outputs/tables/m5_eta_conservative_source_element_corehalo8_local_mass100_fmid10_noprior_nfev80_98p125_N164_profiles.json
outputs/tables/m5_eta_conservative_source_element_corehalo8_local_mass100_fmid100_ftrust1e4_noprior_nfev80_98p125_N164_profiles.json,json,242565,a05ff2aeeb3eac54ce813d6eea63d8340622b7f7b4f4643f089aa638f2411eda,tracked,generated_scientific_artifact,ARCHIVE,Bulk generated output; decisive cases will be copied into results/canonical.,IMBH_legacy_steady_dae_artifacts_pre-cleanup-p0-2026-07-11.tar.gz:outputs/tables/m5_eta_conservative_source_element_corehalo8_local_mass100_fmid100_ftrust1e4_noprior_nfev80_98p125_N164_profiles.json
outputs/tables/m5_eta_global_flux_variable_stage2_20_150_98p125_N164_profiles.json,json,241918,9124db8e27ee4a3e006aa58dad68d75febf355df7bb84e17cda2d06dec54e1b1,tracked,generated_scientific_artifact,ARCHIVE,Bulk generated output; decisive cases will be copied into results/canonical.,IMBH_legacy_steady_dae_artifacts_pre-cleanup-p0-2026-07-11.tar.gz:outputs/tables/m5_eta_global_flux_variable_stage2_20_150_98p125_N164_profiles.json
outputs/tables/m5_eta_global_fv_mass_audit_98p125_N164_profiles.json,json,241884,a6ac17dc4c9b72e8a3e06bd3fcd3de4e5e0e32ffd64b32a3523d46994282d5b9,tracked,generated_scientific_artifact,ARCHIVE,Bulk generated output; decisive cases will be copied into results/canonical.,IMBH_legacy_steady_dae_artifacts_pre-cleanup-p0-2026-07-11.tar.gz:outputs/tables/m5_eta_global_fv_mass_audit_98p125_N164_profiles.json
outputs/tables/m5_eta_global_flux_variable_diag_40_120_98p125_N164_profiles.json,json,241872,6bc0b4aed4c0dc0420eccce2de8ae252d152cadd695b814f98cdbf3ed76402fd,tracked,generated_scientific_artifact,ARCHIVE,Bulk generated output; decisive cases will be copied into results/canonical.,IMBH_legacy_steady_dae_artifacts_pre-cleanup-p0-2026-07-11.tar.gz:outputs/tables/m5_eta_global_flux_variable_diag_40_120_98p125_N164_profiles.json
outputs/tables/m5_eta_global_fv_homotopy_derivative_audit_98p125_N164_profiles.json,json,241872,6bc0b4aed4c0dc0420eccce2de8ae252d152cadd695b814f98cdbf3ed76402fd,tracked,generated_scientific_artifact,ARCHIVE,Bulk generated output; decisive cases will be copied into results/canonical.,IMBH_legacy_steady_dae_artifacts_pre-cleanup-p0-2026-07-11.tar.gz:outputs/tables/m5_eta_global_fv_homotopy_derivative_audit_98p125_N164_profiles.json
outputs/tables/m5_eta_global_fv_homotopy_guarded_midpoint_stride4_chi001_98p125_N164_profiles.json,json,241872,6bc0b4aed4c0dc0420eccce2de8ae252d152cadd695b814f98cdbf3ed76402fd,tracked,generated_scientific_artifact,ARCHIVE,Bulk generated output; decisive cases will be copied into results/canonical.,IMBH_legacy_steady_dae_artifacts_pre-cleanup-p0-2026-07-11.tar.gz:outputs/tables/m5_eta_global_fv_homotopy_guarded_midpoint_stride4_chi001_98p125_N164_profiles.json
outputs/tables/m5_eta_global_fv_mass_predictor_sourceband_eval_98p125_N164_profiles.json,json,241872,6bc0b4aed4c0dc0420eccce2de8ae252d152cadd695b814f98cdbf3ed76402fd,tracked,generated_scientific_artifact,ARCHIVE,Bulk generated output; decisive cases will be copied into results/canonical.,IMBH_legacy_steady_dae_artifacts_pre-cleanup-p0-2026-07-11.tar.gz:outputs/tables/m5_eta_global_fv_mass_predictor_sourceband_eval_98p125_N164_profiles.json
outputs/tables/m5_eta_global_fv_mass_replacement_seed_98p125_N164_profiles.json,json,241872,6bc0b4aed4c0dc0420eccce2de8ae252d152cadd695b814f98cdbf3ed76402fd,tracked,generated_scientific_artifact,ARCHIVE,Bulk generated output; decisive cases will be copied into results/canonical.,IMBH_legacy_steady_dae_artifacts_pre-cleanup-p0-2026-07-11.tar.gz:outputs/tables/m5_eta_global_fv_mass_replacement_seed_98p125_N164_profiles.json
outputs/tables/m5_eta_global_fv_mass_sourceband_correct_98p125_N164_profiles.json,json,241872,6bc0b4aed4c0dc0420eccce2de8ae252d152cadd695b814f98cdbf3ed76402fd,tracked,generated_scientific_artifact,ARCHIVE,Bulk generated output; decisive cases will be copied into results/canonical.,IMBH_legacy_steady_dae_artifacts_pre-cleanup-p0-2026-07-11.tar.gz:outputs/tables/m5_eta_global_fv_mass_sourceband_correct_98p125_N164_profiles.json
outputs/tables/m5_eta_global_fv_mass_sourceband_eval_98p125_N164_profiles.json,json,241872,6bc0b4aed4c0dc0420eccce2de8ae252d152cadd695b814f98cdbf3ed76402fd,tracked,generated_scientific_artifact,ARCHIVE,Bulk generated output; decisive cases will be copied into results/canonical.,IMBH_legacy_steady_dae_artifacts_pre-cleanup-p0-2026-07-11.tar.gz:outputs/tables/m5_eta_global_fv_mass_sourceband_eval_98p125_N164_profiles.json
outputs/tables/m5_eta_global_fv_homotopy_midpoint_stride4_chi005_98p125_N164_profiles.json,json,241870,a42aceaafcb3a98410ac38de604b43bdc1fbaa4685d371a06e1e6fd2930d358a,tracked,generated_scientific_artifact,ARCHIVE,Bulk generated output; decisive cases will be copied into results/canonical.,IMBH_legacy_steady_dae_artifacts_pre-cleanup-p0-2026-07-11.tar.gz:outputs/tables/m5_eta_global_fv_homotopy_midpoint_stride4_chi005_98p125_N164_profiles.json
outputs/tables/m5_eta_global_flux_variable_stage1_40_120_98p125_N164_profiles.json,json,241732,e7068390388ca71b6422998d3f3be5a822dedffe35b07856431d766991fd1efa,tracked,generated_scientific_artifact,ARCHIVE,Bulk generated output; decisive cases will be copied into results/canonical.,IMBH_legacy_steady_dae_artifacts_pre-cleanup-p0-2026-07-11.tar.gz:outputs/tables/m5_eta_global_flux_variable_stage1_40_120_98p125_N164_profiles.json
outputs/tables/m5_eta_global_flux_variable_stage3_5_330_98p125_N164_profiles.json,json,241688,b4237c3389d5679532deecb02b685f5216317f6e107f1ddcd95b51ac6bc72490,tracked,generated_scientific_artifact,ARCHIVE,Bulk generated output; decisive cases will be copied into results/canonical.,IMBH_legacy_steady_dae_artifacts_pre-cleanup-p0-2026-07-11.tar.gz:outputs/tables/m5_eta_global_flux_variable_stage3_5_330_98p125_N164_profiles.json
outputs/tables/m5_eta_lobatto_transition_left2_curv1e4_98p125_N164_profiles.json,json,241651,fcccbd09802a84203ff8d2fa9e273fdcf7278aa59bb136fd277dd8cd1d2ee496,tracked,generated_scientific_artifact,ARCHIVE,Bulk generated output; decisive cases will be copied into results/canonical.,IMBH_legacy_steady_dae_artifacts_pre-cleanup-p0-2026-07-11.tar.gz:outputs/tables/m5_eta_lobatto_transition_left2_curv1e4_98p125_N164_profiles.json
outputs/tables/m5_eta_global_fv_mass_predictor_damp010_sourceband_eval_98p125_N164_profiles.json,json,241476,7885fdc829ccfc484a0fda252d52254649e42b5e309086cc7c75f81903fa41c7,tracked,generated_scientific_artifact,ARCHIVE,Bulk generated output; decisive cases will be copied into results/canonical.,IMBH_legacy_steady_dae_artifacts_pre-cleanup-p0-2026-07-11.tar.gz:outputs/tables/m5_eta_global_fv_mass_predictor_damp010_sourceband_eval_98p125_N164_profiles.json
outputs/tables/m5_eta_global_fv_mass_predictor_sourceband_eval2_98p125_N164_profiles.json,json,241414,d76ff6c6ffd1aafcec1c53dda6d84b7b22017cb38430ea879092833b92cbf3d6,tracked,generated_scientific_artifact,ARCHIVE,Bulk generated output; decisive cases will be copied into results/canonical.,IMBH_legacy_steady_dae_artifacts_pre-cleanup-p0-2026-07-11.tar.gz:outputs/tables/m5_eta_global_fv_mass_predictor_sourceband_eval2_98p125_N164_profiles.json
outputs/tables/m5_eta_global_flux_variable_stage2_guard20_pass4_long_20_150_98p125_N164_profiles.json,json,241390,d0a4c1e58f88f7ab638e53c9522deaffee3092f2b5e78aba9ab1f69b08323249,tracked,generated_scientific_artifact,ARCHIVE,Bulk generated output; decisive cases will be copied into results/canonical.,IMBH_legacy_steady_dae_artifacts_pre-cleanup-p0-2026-07-11.tar.gz:outputs/tables/m5_eta_global_flux_variable_stage2_guard20_pass4_long_20_150_98p125_N164_profiles.json
outputs/tables/m5_eta_global_flux_variable_stage2_guarded_20_150_98p125_N164_profiles.json,json,241344,7b9c2af6cc79f88426ea6abd69160989f7a583b8ee87f06b0988413bda94ab7f,tracked,generated_scientific_artifact,ARCHIVE,Bulk generated output; decisive cases will be copied into results/canonical.,IMBH_legacy_steady_dae_artifacts_pre-cleanup-p0-2026-07-11.tar.gz:outputs/tables/m5_eta_global_flux_variable_stage2_guarded_20_150_98p125_N164_profiles.json
outputs/tables/m5_eta_global_flux_variable_stage2_guard5_20_150_98p125_N164_profiles.json,json,241226,431eef3b8ea9cc83b691c545bb0330c4b29265ab045b8921254fdfdb67c03564,tracked,generated_scientific_artifact,ARCHIVE,Bulk generated output; decisive cases will be copied into results/canonical.,IMBH_legacy_steady_dae_artifacts_pre-cleanup-p0-2026-07-11.tar.gz:outputs/tables/m5_eta_global_flux_variable_stage2_guard5_20_150_98p125_N164_profiles.json
outputs/tables/m5_eta_global_flux_variable_stage2_guard20_pass2_20_150_98p125_N164_profiles.json,json,241214,3c6de4ae246767770e124f7c7afa9eb6ec42f3bd8a69cf912dcb13d368a5d689,tracked,generated_scientific_artifact,ARCHIVE,Bulk generated output; decisive cases will be copied into results/canonical.,IMBH_legacy_steady_dae_artifacts_pre-cleanup-p0-2026-07-11.tar.gz:outputs/tables/m5_eta_global_flux_variable_stage2_guard20_pass2_20_150_98p125_N164_profiles.json
outputs/tables/m5_eta_global_flux_variable_stage2_guard20_pass3_20_150_98p125_N164_profiles.json,json,241196,3b2c81b8ea6944d99635efeabf3449a93d64f322fbaac80c6a882f26a7410162,tracked,generated_scientific_artifact,ARCHIVE,Bulk generated output; decisive cases will be copied into results/canonical.,IMBH_legacy_steady_dae_artifacts_pre-cleanup-p0-2026-07-11.tar.gz:outputs/tables/m5_eta_global_flux_variable_stage2_guard20_pass3_20_150_98p125_N164_profiles.json
outputs/tables/m5_eta_global_flux_variable_stage2_guard20_20_150_98p125_N164_profiles.json,json,241146,de16aee75d82538b32f468c479ce167c649bdaa92e1d41a00d041ca51a8b78bc,tracked,generated_scientific_artifact,ARCHIVE,Bulk generated output; decisive cases will be copied into results/canonical.,IMBH_legacy_steady_dae_artifacts_pre-cleanup-p0-2026-07-11.tar.gz:outputs/tables/m5_eta_global_flux_variable_stage2_guard20_20_150_98p125_N164_profiles.json
outputs/tables/m5_eta_lobatto_dae_lobatto_w1e2_98p125_N164_profiles.json,json,240830,20e160b937f5525c8081e5c252a2d30382ed5d6a59cb52542f7cca389ac0f9ee,tracked,generated_scientific_artifact,ARCHIVE,Bulk generated output; decisive cases will be copied into results/canonical.,IMBH_legacy_steady_dae_artifacts_pre-cleanup-p0-2026-07-11.tar.gz:outputs/tables/m5_eta_lobatto_dae_lobatto_w1e2_98p125_N164_profiles.json
outputs/tables/m5_eta_phase_dae_simpson_eval_halo8_k4_98p125_N164_profiles.json,json,240629,fd5ac9ac9c390929dec24a1019fa788cd1ba09429a9215217057d36fa7037a19,tracked,generated_scientific_artifact,ARCHIVE,Bulk generated output; decisive cases will be copied into results/canonical.,IMBH_legacy_steady_dae_artifacts_pre-cleanup-p0-2026-07-11.tar.gz:outputs/tables/m5_eta_phase_dae_simpson_eval_halo8_k4_98p125_N164_profiles.json
outputs/tables/m5_eta_phase_dae_simpson_state_halo8_k4_pass2_balanced_98p125_N164_profiles.json,json,240589,d77f205568141372c19618898b46488c7b7f639b564745be6283383a9079efa6,tracked,generated_scientific_artifact,ARCHIVE,Bulk generated output; decisive cases will be copied into results/canonical.,IMBH_legacy_steady_dae_artifacts_pre-cleanup-p0-2026-07-11.tar.gz:outputs/tables/m5_eta_phase_dae_simpson_state_halo8_k4_pass2_balanced_98p125_N164_profiles.json
outputs/tables/m5_eta_phase_dae_simpson_k4_interface_polish_98p125_N164_profiles.json,json,240580,acfec05e56c7e91b8c59524543b19b29d5502e3cef9dd23353abff6bc1b90b7d,tracked,generated_scientific_artifact,ARCHIVE,Bulk generated output; decisive cases will be copied into results/canonical.,IMBH_legacy_steady_dae_artifacts_pre-cleanup-p0-2026-07-11.tar.gz:outputs/tables/m5_eta_phase_dae_simpson_k4_interface_polish_98p125_N164_profiles.json
outputs/tables/m5_eta_phase_dae_simpson_k4_cert_audit_98p125_N164_profiles.json,json,240571,412c3dfea14392d5b1d15da09ca4d2553f58f9401b2a69ed53705f6be525994b,tracked,generated_scientific_artifact,ARCHIVE,Bulk generated output; decisive cases will be copied into results/canonical.,IMBH_legacy_steady_dae_artifacts_pre-cleanup-p0-2026-07-11.tar.gz:outputs/tables/m5_eta_phase_dae_simpson_k4_cert_audit_98p125_N164_profiles.json
outputs/tables/m5_eta_phase_dae_simpson_state_halo8_k4_fromtrap_n500_98p125_N164_profiles.json,json,240562,d0402d75a0d5a5f3f729e1640c028b767d455767bffa82971128530c69de0756,tracked,generated_scientific_artifact,ARCHIVE,Bulk generated output; decisive cases will be copied into results/canonical.,IMBH_legacy_steady_dae_artifacts_pre-cleanup-p0-2026-07-11.tar.gz:outputs/tables/m5_eta_phase_dae_simpson_state_halo8_k4_fromtrap_n500_98p125_N164_profiles.json
outputs/tables/m5_eta_global_fv_mass_predictor_damp030_sourceband_eval_98p125_N164_profiles.json,json,240520,f722537edc2d1ad45fe74ec161547b8ec8c4acf7cd1a9c63fd923acbe89e0345,tracked,generated_scientific_artifact,ARCHIVE,Bulk generated output; decisive cases will be copied into results/canonical.,IMBH_legacy_steady_dae_artifacts_pre-cleanup-p0-2026-07-11.tar.gz:outputs/tables/m5_eta_global_fv_mass_predictor_damp030_sourceband_eval_98p125_N164_profiles.json
outputs/tables/m5_eta_lobatto_dae_element_lobatto_rad10_e1_t1e3_anchor3_98p125_N164_profiles.json,json,240246,adeae0a4e46c59af9e96d561878bce04d2fb724ee463e0a94f4216834ed219c9,tracked,generated_scientific_artifact,ARCHIVE,Bulk generated output; decisive cases will be copied into results/canonical.,IMBH_legacy_steady_dae_artifacts_pre-cleanup-p0-2026-07-11.tar.gz:outputs/tables/m5_eta_lobatto_dae_element_lobatto_rad10_e1_t1e3_anchor3_98p125_N164_profiles.json
outputs/tables/m5_eta_lobatto_dae_element_lobatto_rad10_e3_fp10_t1e2_anchor3_98p125_N164_profiles.json,json,240238,461b3ede21bd2b11a7a5c25c78e40e5e09d8c6fe958b5ff7dc759d42d1948c2c,tracked,generated_scientific_artifact,ARCHIVE,Bulk generated output; decisive cases will be copied into results/canonical.,IMBH_legacy_steady_dae_artifacts_pre-cleanup-p0-2026-07-11.tar.gz:outputs/tables/m5_eta_lobatto_dae_element_lobatto_rad10_e3_fp10_t1e2_anchor3_98p125_N164_profiles.json
outputs/tables/m5_eta_lobatto_dae_element_neighbor_rad10_e3_fp10_t1e2_edge10_trustsmall_98p125_N164_profiles.json,json,240092,d30dc78f43b44e4f101c5d8f4cd4fd8e12df336cc10d977055e38bbd3c13c5c9,tracked,generated_scientific_artifact,ARCHIVE,Bulk generated output; decisive cases will be copied into results/canonical.,IMBH_legacy_steady_dae_artifacts_pre-cleanup-p0-2026-07-11.tar.gz:outputs/tables/m5_eta_lobatto_dae_element_neighbor_rad10_e3_fp10_t1e2_edge10_trustsmall_98p125_N164_profiles.json
outputs/tables/m5_eta_lobatto_dae_element_lobatto_rad10_e3_fp10_t1e2_edge10_trustsmall_98p125_N164_profiles.json,json,239988,5ed37204c9bd7f4c70b9058992226793bd73b2b3692c31b0a19ee74a33e3edf9,tracked,generated_scientific_artifact,ARCHIVE,Bulk generated output; decisive cases will be copied into results/canonical.,IMBH_legacy_steady_dae_artifacts_pre-cleanup-p0-2026-07-11.tar.gz:outputs/tables/m5_eta_lobatto_dae_element_lobatto_rad10_e3_fp10_t1e2_edge10_trustsmall_98p125_N164_profiles.json
outputs/tables/m5_eta_lobatto_interface_relax_left1_mass100_98p125_N164_profiles.json,json,239941,73aead7b5017b53d7b90e566caa4898892bac8348f4982eca8779b8e2a02e659,tracked,generated_scientific_artifact,ARCHIVE,Bulk generated output; decisive cases will be copied into results/canonical.,IMBH_legacy_steady_dae_artifacts_pre-cleanup-p0-2026-07-11.tar.gz:outputs/tables/m5_eta_lobatto_interface_relax_left1_mass100_98p125_N164_profiles.json
outputs/tables/m5_eta_lobatto_transition_left1_r10_nocurv_98p125_N164_profiles.json,json,239857,b8a5c39ade2e0ee67d59290681bdc5910353692db2c6ee20afb996bb67f4344e,tracked,generated_scientific_artifact,ARCHIVE,Bulk generated output; decisive cases will be copied into results/canonical.,IMBH_legacy_steady_dae_artifacts_pre-cleanup-p0-2026-07-11.tar.gz:outputs/tables/m5_eta_lobatto_transition_left1_r10_nocurv_98p125_N164_profiles.json
outputs/figures/high_mdot_stream_compact_interval_profile_integrated_fs08625_to08635_remesh.png,png,239724,17c84dc5dc3c6539bb1e5a205af9547f0cbe9aeac103e845446782da90fe5527,tracked,generated_scientific_artifact,ARCHIVE,Bulk generated output; decisive cases will be copied into results/canonical.,IMBH_legacy_steady_dae_artifacts_pre-cleanup-p0-2026-07-11.tar.gz:outputs/figures/high_mdot_stream_compact_interval_profile_integrated_fs08625_to08635_remesh.png
outputs/tables/m5_eta_phase_critical_arc_ds001_98p125_N164.json,json,239632,e0e3cfd78352fd23ef45d80f2d2ab14c6f89ce5e410bfebd0b83c426b33cac2d,tracked,generated_scientific_artifact,ARCHIVE,Bulk generated output; decisive cases will be copied into results/canonical.,IMBH_legacy_steady_dae_artifacts_pre-cleanup-p0-2026-07-11.tar.gz:outputs/tables/m5_eta_phase_critical_arc_ds001_98p125_N164.json
outputs/tables/m5_eta_lobatto_interface_compat_w002_98p125_N164_profiles.json,json,239590,60101caf1b625bcaaafcbf02cec3aca111d847c13b688b185802d73efd0b6ef8,tracked,generated_scientific_artifact,ARCHIVE,Bulk generated output; decisive cases will be copied into results/canonical.,IMBH_legacy_steady_dae_artifacts_pre-cleanup-p0-2026-07-11.tar.gz:outputs/tables/m5_eta_lobatto_interface_compat_w002_98p125_N164_profiles.json
outputs/tables/m5_eta_lobatto_interface_compat_w0005_98p125_N164_profiles.json,json,239551,cf689b9f91330566c9755b611cc4b7255165199e7728deb2f918ffcf257edb1f,tracked,generated_scientific_artifact,ARCHIVE,Bulk generated output; decisive cases will be copied into results/canonical.,IMBH_legacy_steady_dae_artifacts_pre-cleanup-p0-2026-07-11.tar.gz:outputs/tables/m5_eta_lobatto_interface_compat_w0005_98p125_N164_profiles.json
outputs/tables/m5_eta_lobatto_state_corrector_mass100_node1e3_98p125_N164_profiles.json,json,239469,c7f7c4789c45e47ac82bbe44475d57664328adec1856fa4cd9743674bec86a6a,tracked,generated_scientific_artifact,ARCHIVE,Bulk generated output; decisive cases will be copied into results/canonical.,IMBH_legacy_steady_dae_artifacts_pre-cleanup-p0-2026-07-11.tar.gz:outputs/tables/m5_eta_lobatto_state_corrector_mass100_node1e3_98p125_N164_profiles.json
outputs/tables/m5_eta_lobatto_state_corrector_balanced_mass100_98p125_N164_profiles.json,json,239463,47493b50893d22e04805554becd9cd78620de52d7adcc9060464679798808a00,tracked,generated_scientific_artifact,ARCHIVE,Bulk generated output; decisive cases will be copied into results/canonical.,IMBH_legacy_steady_dae_artifacts_pre-cleanup-p0-2026-07-11.tar.gz:outputs/tables/m5_eta_lobatto_state_corrector_balanced_mass100_98p125_N164_profiles.json
outputs/tables/m5_eta_lobatto_state_corrector_r2_e3_mass100_98p125_N164_profiles.json,json,239457,77285557719dd6fa3710d22bf14b283591d1040a16c41da46f287dae96c5140e,tracked,generated_scientific_artifact,ARCHIVE,Bulk generated output; decisive cases will be copied into results/canonical.,IMBH_legacy_steady_dae_artifacts_pre-cleanup-p0-2026-07-11.tar.gz:outputs/tables/m5_eta_lobatto_state_corrector_r2_e3_mass100_98p125_N164_profiles.json
outputs/tables/m5_eta_lobatto_dae_lobatto_w1e2_anchor100_98p125_N164_profiles.json,json,238547,28a4be24409531a6a48295151e62617e1f5c176c4fbb1f6fbf9910ed5f99d4b1,tracked,generated_scientific_artifact,ARCHIVE,Bulk generated output; decisive cases will be copied into results/canonical.,IMBH_legacy_steady_dae_artifacts_pre-cleanup-p0-2026-07-11.tar.gz:outputs/tables/m5_eta_lobatto_dae_lobatto_w1e2_anchor100_98p125_N164_profiles.json
outputs/tables/m5_eta_lobatto_dae_neighbor_rad10_e003_t1e3_anchor100_98p125_N164_profiles.json,json,238529,81550b8a9b15314c91d3f23aed80f39cafc609224531862c95380cde129b5f66,tracked,generated_scientific_artifact,ARCHIVE,Bulk generated output; decisive cases will be copied into results/canonical.,IMBH_legacy_steady_dae_artifacts_pre-cleanup-p0-2026-07-11.tar.gz:outputs/tables/m5_eta_lobatto_dae_neighbor_rad10_e003_t1e3_anchor100_98p125_N164_profiles.json
outputs/tables/m5_eta_lobatto_dae_lobatto_rad10_e003_t1e3_anchor100_98p125_N164_profiles.json,json,238493,9fc54b25155e41e21e6f893c502481c47081c31827653c7aa7b9d377cde17993,tracked,generated_scientific_artifact,ARCHIVE,Bulk generated output; decisive cases will be copied into results/canonical.,IMBH_legacy_steady_dae_artifacts_pre-cleanup-p0-2026-07-11.tar.gz:outputs/tables/m5_eta_lobatto_dae_lobatto_rad10_e003_t1e3_anchor100_98p125_N164_profiles.json
outputs/tables/m5_local_mdot_eta90_N200_nested_splitrms_from_splitrms_seed_profiles.json,json,238052,40c9e21a743c905cc2381678dc555d55bd6c2c1ccca5da71e27c454e0ca7540a,tracked,generated_scientific_artifact,ARCHIVE,Bulk generated output; decisive cases will be copied into results/canonical.,IMBH_legacy_steady_dae_artifacts_pre-cleanup-p0-2026-07-11.tar.gz:outputs/tables/m5_local_mdot_eta90_N200_nested_splitrms_from_splitrms_seed_profiles.json
outputs/tables/m5_local_mdot_eta90_N200_transition_aligned_splitdiff_seed_profiles.json,json,237732,308ce7313e5a1c79486bad0988c061b519c96d2264a2d41312ae3d886a9180bb,tracked,generated_scientific_artifact,ARCHIVE,Bulk generated output; decisive cases will be copied into results/canonical.,IMBH_legacy_steady_dae_artifacts_pre-cleanup-p0-2026-07-11.tar.gz:outputs/tables/m5_local_mdot_eta90_N200_transition_aligned_splitdiff_seed_profiles.json
outputs/tables/m5_eta_lobatto_homotopy_refslopes_chi0p01_pass2_98p125_N164_profiles.json,json,237589,8263578c64b4e1f4d1ae3a156e6d6efb1c7542188cb6faf09aa2fd4c1d276838,tracked,generated_scientific_artifact,ARCHIVE,Bulk generated output; decisive cases will be copied into results/canonical.,IMBH_legacy_steady_dae_artifacts_pre-cleanup-p0-2026-07-11.tar.gz:outputs/tables/m5_eta_lobatto_homotopy_refslopes_chi0p01_pass2_98p125_N164_profiles.json
outputs/tables/m5_eta_lobatto_homotopy_chi0_local_98p125_N164_profiles.json,json,237551,f6953b78ccfaefe2ec2f3863d06a8309428c359c7cda67f8962932489ce1042e,tracked,generated_scientific_artifact,ARCHIVE,Bulk generated output; decisive cases will be copied into results/canonical.,IMBH_legacy_steady_dae_artifacts_pre-cleanup-p0-2026-07-11.tar.gz:outputs/tables/m5_eta_lobatto_homotopy_chi0_local_98p125_N164_profiles.json
outputs/tables/m5_eta_lobatto_homotopy_refslopes_chi0p01_local_98p125_N164_profiles.json,json,237529,0c8aaa0e9c198c91809d7f9c37aae71d8de64218d93a0f470ff41b5e48bd9b49,tracked,generated_scientific_artifact,ARCHIVE,Bulk generated output; decisive cases will be copied into results/canonical.,IMBH_legacy_steady_dae_artifacts_pre-cleanup-p0-2026-07-11.tar.gz:outputs/tables/m5_eta_lobatto_homotopy_refslopes_chi0p01_local_98p125_N164_profiles.json
outputs/tables/m5_eta_lobatto_homotopy_chi0_local_refslopes_98p125_N164_profiles.json,json,237511,62c6dc2cfb55e613ab3417e36343e6b5111520a24c9bb024d768b00054aed794,tracked,generated_scientific_artifact,ARCHIVE,Bulk generated output; decisive cases will be copied into results/canonical.,IMBH_legacy_steady_dae_artifacts_pre-cleanup-p0-2026-07-11.tar.gz:outputs/tables/m5_eta_lobatto_homotopy_chi0_local_refslopes_98p125_N164_profiles.json
outputs/tables/m5_eta_lobatto_residual_homotopy_chi0p003_local_98p125_N164_profiles.json,json,237499,ec92d8aab3c840f568480657745859210ff087de525319c76b49b8d66c46e92e,tracked,generated_scientific_artifact,ARCHIVE,Bulk generated output; decisive cases will be copied into results/canonical.,IMBH_legacy_steady_dae_artifacts_pre-cleanup-p0-2026-07-11.tar.gz:outputs/tables/m5_eta_lobatto_residual_homotopy_chi0p003_local_98p125_N164_profiles.json
outputs/tables/m5_eta_lobatto_residual_homotopy_chi0p01_local_98p125_N164_profiles.json,json,237498,4ac2c274a5feb3da73136f0851eb32634e8885fd420d90ca820fa0462e54e714,tracked,generated_scientific_artifact,ARCHIVE,Bulk generated output; decisive cases will be copied into results/canonical.,IMBH_legacy_steady_dae_artifacts_pre-cleanup-p0-2026-07-11.tar.gz:outputs/tables/m5_eta_lobatto_residual_homotopy_chi0p01_local_98p125_N164_profiles.json
outputs/tables/m5_eta_lobatto_source_local_widetrust_halo8_98p125_N164_profiles.json,json,237441,3548136c9165ad8d059628ff48ddff7d9ccdab08ec6ea199ea2abdc2ae95f2b5,tracked,generated_scientific_artifact,ARCHIVE,Bulk generated output; decisive cases will be copied into results/canonical.,IMBH_legacy_steady_dae_artifacts_pre-cleanup-p0-2026-07-11.tar.gz:outputs/tables/m5_eta_lobatto_source_local_widetrust_halo8_98p125_N164_profiles.json
outputs/tables/m5_eta_lobatto_source_local_verywide_halo8_98p125_N164_profiles.json,json,237435,a1c385c06117b66b21b9e2af60b1473a154e88c5fd3b38f3387a1f09f32678b6,tracked,generated_scientific_artifact,ARCHIVE,Bulk generated output; decisive cases will be copied into results/canonical.,IMBH_legacy_steady_dae_artifacts_pre-cleanup-p0-2026-07-11.tar.gz:outputs/tables/m5_eta_lobatto_source_local_verywide_halo8_98p125_N164_profiles.json
outputs/tables/m5_eta_lobatto_source_local_verywide_pass2_halo8_98p125_N164_profiles.json,json,237323,afaf7b0585496816f6fee24aca0efd60d6c1076b5fdb008dcadfa722a042727c,tracked,generated_scientific_artifact,ARCHIVE,Bulk generated output; decisive cases will be copied into results/canonical.,IMBH_legacy_steady_dae_artifacts_pre-cleanup-p0-2026-07-11.tar.gz:outputs/tables/m5_eta_lobatto_source_local_verywide_pass2_halo8_98p125_N164_profiles.json
outputs/tables/m5_eta_lobatto_source_local_unscaled_halo8_98p125_N164_profiles.json,json,237316,1351377551c0ed3bb071f2ccab3dc1ef8631d0016f3646565b5f4c3342e630da,tracked,generated_scientific_artifact,ARCHIVE,Bulk generated output; decisive cases will be copied into results/canonical.,IMBH_legacy_steady_dae_artifacts_pre-cleanup-p0-2026-07-11.tar.gz:outputs/tables/m5_eta_lobatto_source_local_unscaled_halo8_98p125_N164_profiles.json
outputs/tables/m5_eta_lobatto_source_local_colscaled_halo8_98p125_N164_profiles.json,json,237312,dc51fdba0f1e114d698073815dd8f41485657169e833681690f6c471a686a511,tracked,generated_scientific_artifact,ARCHIVE,Bulk generated output; decisive cases will be copied into results/canonical.,IMBH_legacy_steady_dae_artifacts_pre-cleanup-p0-2026-07-11.tar.gz:outputs/tables/m5_eta_lobatto_source_local_colscaled_halo8_98p125_N164_profiles.json
outputs/tables/m5_local_mdot_eta90_N200_transition_aligned_splitrms_from_splitrms_seed_profiles.json,json,237292,219ab75733aa571faa40953d5eb17c1615095044a27695d4c07249b174779484,tracked,generated_scientific_artifact,ARCHIVE,Bulk generated output; decisive cases will be copied into results/canonical.,IMBH_legacy_steady_dae_artifacts_pre-cleanup-p0-2026-07-11.tar.gz:outputs/tables/m5_local_mdot_eta90_N200_transition_aligned_splitrms_from_splitrms_seed_profiles.json
outputs/tables/m5_eta_phase_dae_segment_tangent_intervalp_k8_from_dae_gs1000_98p125_N164_profiles.json,json,237158,9f575a5bc3b5e0809aa60ca025d7adbb9dae9ca9629f93af5f15fe395787d7f9,tracked,generated_scientific_artifact,ARCHIVE,Bulk generated output; decisive cases will be copied into results/canonical.,IMBH_legacy_steady_dae_artifacts_pre-cleanup-p0-2026-07-11.tar.gz:outputs/tables/m5_eta_phase_dae_segment_tangent_intervalp_k8_from_dae_gs1000_98p125_N164_profiles.json
outputs/tables/m5_eta_phase_dae_segment_state_intervalp_k8_monotone_98p125_N164_profiles.json,json,237146,237b34a277096d982f1fae6da9707a0aea1446c2fb2ac9c7acdd9604f0279a72,tracked,generated_scientific_artifact,ARCHIVE,Bulk generated output; decisive cases will be copied into results/canonical.,IMBH_legacy_steady_dae_artifacts_pre-cleanup-p0-2026-07-11.tar.gz:outputs/tables/m5_eta_phase_dae_segment_state_intervalp_k8_monotone_98p125_N164_profiles.json
outputs/tables/m5_eta_lobatto_homotopy_chi0p1_local_98p125_N164_profiles.json,json,236850,076769ad9f6d8a0cc749ae123edc79d82b14854bc819ccc5a03a6215e7148f30,tracked,generated_scientific_artifact,ARCHIVE,Bulk generated output; decisive cases will be copied into results/canonical.,IMBH_legacy_steady_dae_artifacts_pre-cleanup-p0-2026-07-11.tar.gz:outputs/tables/m5_eta_lobatto_homotopy_chi0p1_local_98p125_N164_profiles.json
outputs/tables/m5_eta_lobatto_state_corrector_energy3_trust003_98p125_N164_profiles.json,json,236497,d86b980f3a300d86150b0f3c1f20b343d1a7c11054dc478d8bc5cde64a8b6d76,tracked,generated_scientific_artifact,ARCHIVE,Bulk generated output; decisive cases will be copied into results/canonical.,IMBH_legacy_steady_dae_artifacts_pre-cleanup-p0-2026-07-11.tar.gz:outputs/tables/m5_eta_lobatto_state_corrector_energy3_trust003_98p125_N164_profiles.json
outputs/tables/m5_eta_lobatto_state_corrector_pass2_radial5_energy3_98p125_N164_profiles.json,json,236274,77aac45adc9627d3d168fd9f5e3d826b3ee9998bfefa6c5da25c45dfad7903de,tracked,generated_scientific_artifact,ARCHIVE,Bulk generated output; decisive cases will be copied into results/canonical.,IMBH_legacy_steady_dae_artifacts_pre-cleanup-p0-2026-07-11.tar.gz:outputs/tables/m5_eta_lobatto_state_corrector_pass2_radial5_energy3_98p125_N164_profiles.json
outputs/tables/m5_eta_phase_dae_direct_state_halo8_k4_pass2_anchor1_n500_98p125_N164_profiles.json,json,235666,ea6c8a4fbf64ab80a69673f8c4868d6354ff2d8740590a3766db409a4edd9c42,tracked,generated_scientific_artifact,ARCHIVE,Bulk generated output; decisive cases will be copied into results/canonical.,IMBH_legacy_steady_dae_artifacts_pre-cleanup-p0-2026-07-11.tar.gz:outputs/tables/m5_eta_phase_dae_direct_state_halo8_k4_pass2_anchor1_n500_98p125_N164_profiles.json
outputs/tables/m5_eta_phase_dae_direct_state_halo8_k4_n300_98p125_N164_profiles.json,json,235591,a3a3be4ab8f455f407279b45498ab1f52c8b9082d55c49057fb5599c245ecd28,tracked,generated_scientific_artifact,ARCHIVE,Bulk generated output; decisive cases will be copied into results/canonical.,IMBH_legacy_steady_dae_artifacts_pre-cleanup-p0-2026-07-11.tar.gz:outputs/tables/m5_eta_phase_dae_direct_state_halo8_k4_n300_98p125_N164_profiles.json
outputs/tables/m5_energy_wind_powerlaw_mass_coupled_resume_0p003_to_0p01.json,json,235214,ce3113ee8d1e4a6ce97e31820e354e409bf2ff56b7726a707f09776d8be69c1b,tracked,generated_scientific_artifact,ARCHIVE,Bulk generated output; decisive cases will be copied into results/canonical.,IMBH_legacy_steady_dae_artifacts_pre-cleanup-p0-2026-07-11.tar.gz:outputs/tables/m5_energy_wind_powerlaw_mass_coupled_resume_0p003_to_0p01.json
Literature/1974ApJ...187L...1L.pdf,pdf,235202,72b08a3df7ca2dc61dd9b552a73e5c7eef6f23a8478667ccf79948fd442c6cf0,tracked,reference_full_text,DELETE,Do not distribute full-paper PDFs in the source tree; replace with bibliography.,IMBH_legacy_steady_dae_artifacts_pre-cleanup-p0-2026-07-11.tar.gz:Literature/1974ApJ...187L...1L.pdf
outputs/figures/global_slim_audit_hardened.png,png,234780,c373e818158a5314558af89a155d1228151ef664a9951a3cd42d33dd505cfafd,tracked,generated_scientific_artifact,ARCHIVE,Bulk generated output; decisive cases will be copied into results/canonical.,IMBH_legacy_steady_dae_artifacts_pre-cleanup-p0-2026-07-11.tar.gz:outputs/figures/global_slim_audit_hardened.png
outputs/tables/m5_eta_phase_dae_faug_state_halo8_k4_n250_98p125_N164_profiles.json,json,234630,480647db8fe17f7a90928801d9f87e9d5506ec53cb3731eda2c69b7b46dd0862,tracked,generated_scientific_artifact,ARCHIVE,Bulk generated output; decisive cases will be copied into results/canonical.,IMBH_legacy_steady_dae_artifacts_pre-cleanup-p0-2026-07-11.tar.gz:outputs/tables/m5_eta_phase_dae_faug_state_halo8_k4_n250_98p125_N164_profiles.json
outputs/tables/m5_eta_phase_dae_faug_eval_halo8_k4_98p125_N164_profiles.json,json,234541,1100eb02ed5e7c3bd4790ccd374a6cc73c617aca64896b0f17ea74bcaa87bc8e,tracked,generated_scientific_artifact,ARCHIVE,Bulk generated output; decisive cases will be copied into results/canonical.,IMBH_legacy_steady_dae_artifacts_pre-cleanup-p0-2026-07-11.tar.gz:outputs/tables/m5_eta_phase_dae_faug_eval_halo8_k4_98p125_N164_profiles.json
outputs/tables/m5_energy_wind_powerlaw_mass_coupled_resume_0p01_to_0p015.json,json,234523,84b16d73bc0319922e6379ca0a6455f00dbd247b7a8f9ef649592ca843791bbb,tracked,generated_scientific_artifact,ARCHIVE,Bulk generated output; decisive cases will be copied into results/canonical.,IMBH_legacy_steady_dae_artifacts_pre-cleanup-p0-2026-07-11.tar.gz:outputs/tables/m5_energy_wind_powerlaw_mass_coupled_resume_0p01_to_0p015.json
outputs/tables/m5_eta_phase_dae_faug_eval_halo12_k4_98p125_N164_profiles.json,json,234509,f79db85287d62646d1c1e110eac04a5261266d371a1aa077617d8676e659e9d7,tracked,generated_scientific_artifact,ARCHIVE,Bulk generated output; decisive cases will be copied into results/canonical.,IMBH_legacy_steady_dae_artifacts_pre-cleanup-p0-2026-07-11.tar.gz:outputs/tables/m5_eta_phase_dae_faug_eval_halo12_k4_98p125_N164_profiles.json
outputs/tables/m5_eta_phase_dae_faug_eval_k4_98p125_N164_profiles.json,json,234497,16ba6a765dd67d4511ed38e1ef97bb5e8871033fa58a74be5cb02d2ff2bb4041,tracked,generated_scientific_artifact,ARCHIVE,Bulk generated output; decisive cases will be copied into results/canonical.,IMBH_legacy_steady_dae_artifacts_pre-cleanup-p0-2026-07-11.tar.gz:outputs/tables/m5_eta_phase_dae_faug_eval_k4_98p125_N164_profiles.json
outputs/tables/m5_eta_lobatto_dae_element_localonly_lobatto_rad10_e3_fp10_t1e2_anchor10_98p125_N164_profiles.json,json,234153,07bbde4f9c976b7da2300f2e15865c9e990c606a62a278fb49b34303ac55b299,tracked,generated_scientific_artifact,ARCHIVE,Bulk generated output; decisive cases will be copied into results/canonical.,IMBH_legacy_steady_dae_artifacts_pre-cleanup-p0-2026-07-11.tar.gz:outputs/tables/m5_eta_lobatto_dae_element_localonly_lobatto_rad10_e3_fp10_t1e2_anchor10_98p125_N164_profiles.json
outputs/tables/m5_eta_phase_dae_segment_tangent_intervalp_k4_kin10_98p125_N164_profiles.json,json,232415,21c64e430b74829e8f2ce9c1e03250998ac18fee226d58acbbd2f1224b3476ea,tracked,generated_scientific_artifact,ARCHIVE,Bulk generated output; decisive cases will be copied into results/canonical.,IMBH_legacy_steady_dae_artifacts_pre-cleanup-p0-2026-07-11.tar.gz:outputs/tables/m5_eta_phase_dae_segment_tangent_intervalp_k4_kin10_98p125_N164_profiles.json
outputs/tables/m5_eta_phase_dae_segment_state_intervalp_k4_profile_98p125_N164_profiles.json,json,232408,b652e2b9f3bcbc80cb921dbc5c7f106c6ee0ddd1916eb5e1ce6155ad80995f1e,tracked,generated_scientific_artifact,ARCHIVE,Bulk generated output; decisive cases will be copied into results/canonical.,IMBH_legacy_steady_dae_artifacts_pre-cleanup-p0-2026-07-11.tar.gz:outputs/tables/m5_eta_phase_dae_segment_state_intervalp_k4_profile_98p125_N164_profiles.json
outputs/tables/m5_eta_lobatto_dae_element_localonly_tangentonly_direct_rad10_e3_fp10_tc0p1_tr1e3_98p125_N164_profiles.json,json,230747,76c5c4e94d6cc8e896a2f1f67292a4cf83f8056169687f96a50e98ed9ef8f57d,tracked,generated_scientific_artifact,ARCHIVE,Bulk generated output; decisive cases will be copied into results/canonical.,IMBH_legacy_steady_dae_artifacts_pre-cleanup-p0-2026-07-11.tar.gz:outputs/tables/m5_eta_lobatto_dae_element_localonly_tangentonly_direct_rad10_e3_fp10_tc0p1_tr1e3_98p125_N164_profiles.json
outputs/tables/m5_eta_lobatto_dae_element_localonly_tangentonly_lobatto_rad10_e3_fp10_t1e2_98p125_N164_profiles.json,json,230729,60e39c525b365f702a1bbe9901ea9b553c55f6a57da0f232ba4de9e7953c17b7,tracked,generated_scientific_artifact,ARCHIVE,Bulk generated output; decisive cases will be copied into results/canonical.,IMBH_legacy_steady_dae_artifacts_pre-cleanup-p0-2026-07-11.tar.gz:outputs/tables/m5_eta_lobatto_dae_element_localonly_tangentonly_lobatto_rad10_e3_fp10_t1e2_98p125_N164_profiles.json
outputs/figures/high_mdot_stream_compact_outer_buffer_weighted_profile_rout310_335.png,png,230236,ed55952dfbbb0ba0cf08f9289766e3230e56f3fe0e2aead479977066866498e4,tracked,generated_scientific_artifact,ARCHIVE,Bulk generated output; decisive cases will be copied into results/canonical.,IMBH_legacy_steady_dae_artifacts_pre-cleanup-p0-2026-07-11.tar.gz:outputs/figures/high_mdot_stream_compact_outer_buffer_weighted_profile_rout310_335.png
outputs/tables/m5_eta_from99p60_active_mass_profile_sbgrows_halfstep_N164.json,json,228407,8bdc1a96251b6c397f319fe25880dd45c6f4e82841a4ae78b1c7d528364dab26,tracked,generated_scientific_artifact,ARCHIVE,Bulk generated output; decisive cases will be copied into results/canonical.,IMBH_legacy_steady_dae_artifacts_pre-cleanup-p0-2026-07-11.tar.gz:outputs/tables/m5_eta_from99p60_active_mass_profile_sbgrows_halfstep_N164.json
outputs/tables/m5_eta_lobatto_dae_element_eval_lobatto_98p125_N164_profiles.json,json,227775,3283a0f72ad76432301eb93c061f518d58ab5e57be29d5211770bf3bb1e6c9c1,tracked,generated_scientific_artifact,ARCHIVE,Bulk generated output; decisive cases will be copied into results/canonical.,IMBH_legacy_steady_dae_artifacts_pre-cleanup-p0-2026-07-11.tar.gz:outputs/tables/m5_eta_lobatto_dae_element_eval_lobatto_98p125_N164_profiles.json
outputs/tables/m5_eta_lobatto_dae_element_k26_notc_solution_tc_audit_98p125_N164_profiles.json,json,227593,9981ab9f01f8e59e3e77b5eb205c76d75f60ecf92c384d2b586906fe9d4ac914,tracked,generated_scientific_artifact,ARCHIVE,Bulk generated output; decisive cases will be copied into results/canonical.,IMBH_legacy_steady_dae_artifacts_pre-cleanup-p0-2026-07-11.tar.gz:outputs/tables/m5_eta_lobatto_dae_element_k26_notc_solution_tc_audit_98p125_N164_profiles.json
outputs/tables/m5_eta_phase_dae_segment_eval_from_dae_gs1000_98p125_N164_profiles.json,json,227543,9ffee0e23cb493cb5633594fdb732a351a0b373fa45976d2b8269b75f6608e77,tracked,generated_scientific_artifact,ARCHIVE,Bulk generated output; decisive cases will be copied into results/canonical.,IMBH_legacy_steady_dae_artifacts_pre-cleanup-p0-2026-07-11.tar.gz:outputs/tables/m5_eta_phase_dae_segment_eval_from_dae_gs1000_98p125_N164_profiles.json
outputs/tables/m5_eta_phase_dae_segment_eval_from_dae_gs1000_seedfix_98p125_N164_profiles.json,json,227543,9ffee0e23cb493cb5633594fdb732a351a0b373fa45976d2b8269b75f6608e77,tracked,generated_scientific_artifact,ARCHIVE,Bulk generated output; decisive cases will be copied into results/canonical.,IMBH_legacy_steady_dae_artifacts_pre-cleanup-p0-2026-07-11.tar.gz:outputs/tables/m5_eta_phase_dae_segment_eval_from_dae_gs1000_seedfix_98p125_N164_profiles.json
outputs/tables/m5_eta_phase_dae_segment_eval_intervalp_from_dae_gs1000_98p125_N164_profiles.json,json,227543,9ffee0e23cb493cb5633594fdb732a351a0b373fa45976d2b8269b75f6608e77,tracked,generated_scientific_artifact,ARCHIVE,Bulk generated output; decisive cases will be copied into results/canonical.,IMBH_legacy_steady_dae_artifacts_pre-cleanup-p0-2026-07-11.tar.gz:outputs/tables/m5_eta_phase_dae_segment_eval_intervalp_from_dae_gs1000_98p125_N164_profiles.json
outputs/tables/m5_eta_phase_dae_segment_state_intervalp_k4_from_dae_gs1000_98p125_N164_profiles.json,json,227543,9ffee0e23cb493cb5633594fdb732a351a0b373fa45976d2b8269b75f6608e77,tracked,generated_scientific_artifact,ARCHIVE,Bulk generated output; decisive cases will be copied into results/canonical.,IMBH_legacy_steady_dae_artifacts_pre-cleanup-p0-2026-07-11.tar.gz:outputs/tables/m5_eta_phase_dae_segment_state_intervalp_k4_from_dae_gs1000_98p125_N164_profiles.json
outputs/tables/m5_eta_phase_dae_segment_state_intervalp_k8_from_dae_gs1000_98p125_N164_profiles.json,json,227543,9ffee0e23cb493cb5633594fdb732a351a0b373fa45976d2b8269b75f6608e77,tracked,generated_scientific_artifact,ARCHIVE,Bulk generated output; decisive cases will be copied into results/canonical.,IMBH_legacy_steady_dae_artifacts_pre-cleanup-p0-2026-07-11.tar.gz:outputs/tables/m5_eta_phase_dae_segment_state_intervalp_k8_from_dae_gs1000_98p125_N164_profiles.json
outputs/tables/m5_eta_phase_dae_segment_tangent_intervalp_k4_from_dae_gs1000_98p125_N164_profiles.json,json,227543,9ffee0e23cb493cb5633594fdb732a351a0b373fa45976d2b8269b75f6608e77,tracked,generated_scientific_artifact,ARCHIVE,Bulk generated output; decisive cases will be copied into results/canonical.,IMBH_legacy_steady_dae_artifacts_pre-cleanup-p0-2026-07-11.tar.gz:outputs/tables/m5_eta_phase_dae_segment_tangent_intervalp_k4_from_dae_gs1000_98p125_N164_profiles.json
outputs/tables/m5_eta_source_element_fprime_corehalo8_audit_local_nfev80_98p125_N164_profiles.json,json,227433,d9cf523c168ddad97ac865026bbe67e7184e0ff565f1c49697481853eea7f80e,tracked,generated_scientific_artifact,ARCHIVE,Bulk generated output; decisive cases will be copied into results/canonical.,IMBH_legacy_steady_dae_artifacts_pre-cleanup-p0-2026-07-11.tar.gz:outputs/tables/m5_eta_source_element_fprime_corehalo8_audit_local_nfev80_98p125_N164_profiles.json
outputs/tables/m5_eta_source_element_lobatto_scaling_audit_local_nfev80_98p125_N164_profiles.json,json,227433,d9cf523c168ddad97ac865026bbe67e7184e0ff565f1c49697481853eea7f80e,tracked,generated_scientific_artifact,ARCHIVE,Bulk generated output; decisive cases will be copied into results/canonical.,IMBH_legacy_steady_dae_artifacts_pre-cleanup-p0-2026-07-11.tar.gz:outputs/tables/m5_eta_source_element_lobatto_scaling_audit_local_nfev80_98p125_N164_profiles.json
outputs/tables/m5_eta_conservative_source_element_corehalo8_eval_98p125_N164_profiles.json,json,227375,141fc91bce44f184a8421f8ccaf58f19deca8df57b097281e6683b8421fa0634,tracked,generated_scientific_artifact,ARCHIVE,Bulk generated output; decisive cases will be copied into results/canonical.,IMBH_legacy_steady_dae_artifacts_pre-cleanup-p0-2026-07-11.tar.gz:outputs/tables/m5_eta_conservative_source_element_corehalo8_eval_98p125_N164_profiles.json
outputs/tables/m5_eta_conservative_source_element_corehalo8_eval_masshermite_98p125_N164_profiles.json,json,227375,141fc91bce44f184a8421f8ccaf58f19deca8df57b097281e6683b8421fa0634,tracked,generated_scientific_artifact,ARCHIVE,Bulk generated output; decisive cases will be copied into results/canonical.,IMBH_legacy_steady_dae_artifacts_pre-cleanup-p0-2026-07-11.tar.gz:outputs/tables/m5_eta_conservative_source_element_corehalo8_eval_masshermite_98p125_N164_profiles.json
outputs/tables/m5_eta_source_element_fprime_corehalo8_audit_seed_98p125_N164_profiles.json,json,227375,141fc91bce44f184a8421f8ccaf58f19deca8df57b097281e6683b8421fa0634,tracked,generated_scientific_artifact,ARCHIVE,Bulk generated output; decisive cases will be copied into results/canonical.,IMBH_legacy_steady_dae_artifacts_pre-cleanup-p0-2026-07-11.tar.gz:outputs/tables/m5_eta_source_element_fprime_corehalo8_audit_seed_98p125_N164_profiles.json
outputs/tables/m5_eta_source_element_fprime_corehalo8_eval_98p125_N164_profiles.json,json,227375,141fc91bce44f184a8421f8ccaf58f19deca8df57b097281e6683b8421fa0634,tracked,generated_scientific_artifact,ARCHIVE,Bulk generated output; decisive cases will be copied into results/canonical.,IMBH_legacy_steady_dae_artifacts_pre-cleanup-p0-2026-07-11.tar.gz:outputs/tables/m5_eta_source_element_fprime_corehalo8_eval_98p125_N164_profiles.json
outputs/tables/m5_eta_source_element_lobatto_scaling_audit_seed_98p125_N164_profiles.json,json,227375,141fc91bce44f184a8421f8ccaf58f19deca8df57b097281e6683b8421fa0634,tracked,generated_scientific_artifact,ARCHIVE,Bulk generated output; decisive cases will be copied into results/canonical.,IMBH_legacy_steady_dae_artifacts_pre-cleanup-p0-2026-07-11.tar.gz:outputs/tables/m5_eta_source_element_lobatto_scaling_audit_seed_98p125_N164_profiles.json
outputs/tables/m5_eta_lobatto_homotopy_chi0_eval_98p125_N164_profiles.json,json,227365,e5994dfd45be9b27716bcc58b181a143dabcd5686d3fb2632753873b03100d2f,tracked,generated_scientific_artifact,ARCHIVE,Bulk generated output; decisive cases will be copied into results/canonical.,IMBH_legacy_steady_dae_artifacts_pre-cleanup-p0-2026-07-11.tar.gz:outputs/tables/m5_eta_lobatto_homotopy_chi0_eval_98p125_N164_profiles.json
outputs/tables/m5_eta_lobatto_source_eval_from_colpass2_98p125_N164_profiles.json,json,227365,e5994dfd45be9b27716bcc58b181a143dabcd5686d3fb2632753873b03100d2f,tracked,generated_scientific_artifact,ARCHIVE,Bulk generated output; decisive cases will be copied into results/canonical.,IMBH_legacy_steady_dae_artifacts_pre-cleanup-p0-2026-07-11.tar.gz:outputs/tables/m5_eta_lobatto_source_eval_from_colpass2_98p125_N164_profiles.json
outputs/tables/m5_eta_lobatto_dae_element_eval_direct_clip5000_k26_98p125_N164_profiles.json,json,227359,9b098886366c7ef7d321f98d242741f58875b3f8fe7841f7ad26acdfd921bbff,tracked,generated_scientific_artifact,ARCHIVE,Bulk generated output; decisive cases will be copied into results/canonical.,IMBH_legacy_steady_dae_artifacts_pre-cleanup-p0-2026-07-11.tar.gz:outputs/tables/m5_eta_lobatto_dae_element_eval_direct_clip5000_k26_98p125_N164_profiles.json
outputs/tables/m5_eta_lobatto_dae_element_eval_direct_clip500_98p125_N164_profiles.json,json,227359,9b098886366c7ef7d321f98d242741f58875b3f8fe7841f7ad26acdfd921bbff,tracked,generated_scientific_artifact,ARCHIVE,Bulk generated output; decisive cases will be copied into results/canonical.,IMBH_legacy_steady_dae_artifacts_pre-cleanup-p0-2026-07-11.tar.gz:outputs/tables/m5_eta_lobatto_dae_element_eval_direct_clip500_98p125_N164_profiles.json
outputs/tables/m5_eta_lobatto_dae_element_eval_direct_clip500_k26_98p125_N164_profiles.json,json,227359,9b098886366c7ef7d321f98d242741f58875b3f8fe7841f7ad26acdfd921bbff,tracked,generated_scientific_artifact,ARCHIVE,Bulk generated output; decisive cases will be copied into results/canonical.,IMBH_legacy_steady_dae_artifacts_pre-cleanup-p0-2026-07-11.tar.gz:outputs/tables/m5_eta_lobatto_dae_element_eval_direct_clip500_k26_98p125_N164_profiles.json
outputs/tables/m5_eta_lobatto_dae_element_eval_direct_clip500_k2_98p125_N164_profiles.json,json,227359,9b098886366c7ef7d321f98d242741f58875b3f8fe7841f7ad26acdfd921bbff,tracked,generated_scientific_artifact,ARCHIVE,Bulk generated output; decisive cases will be copied into results/canonical.,IMBH_legacy_steady_dae_artifacts_pre-cleanup-p0-2026-07-11.tar.gz:outputs/tables/m5_eta_lobatto_dae_element_eval_direct_clip500_k2_98p125_N164_profiles.json
outputs/tables/m5_eta_lobatto_dae_element_eval_direct_clip500_k3_98p125_N164_profiles.json,json,227359,9b098886366c7ef7d321f98d242741f58875b3f8fe7841f7ad26acdfd921bbff,tracked,generated_scientific_artifact,ARCHIVE,Bulk generated output; decisive cases will be copied into results/canonical.,IMBH_legacy_steady_dae_artifacts_pre-cleanup-p0-2026-07-11.tar.gz:outputs/tables/m5_eta_lobatto_dae_element_eval_direct_clip500_k3_98p125_N164_profiles.json
outputs/tables/m5_eta_lobatto_dae_element_eval_direct_clip500_k8_98p125_N164_profiles.json,json,227359,9b098886366c7ef7d321f98d242741f58875b3f8fe7841f7ad26acdfd921bbff,tracked,generated_scientific_artifact,ARCHIVE,Bulk generated output; decisive cases will be copied into results/canonical.,IMBH_legacy_steady_dae_artifacts_pre-cleanup-p0-2026-07-11.tar.gz:outputs/tables/m5_eta_lobatto_dae_element_eval_direct_clip500_k8_98p125_N164_profiles.json
outputs/tables/m5_eta_lobatto_dae_element_eval_lobatto_98p125_N164_halo8_profiles.json,json,227359,9b098886366c7ef7d321f98d242741f58875b3f8fe7841f7ad26acdfd921bbff,tracked,generated_scientific_artifact,ARCHIVE,Bulk generated output; decisive cases will be copied into results/canonical.,IMBH_legacy_steady_dae_artifacts_pre-cleanup-p0-2026-07-11.tar.gz:outputs/tables/m5_eta_lobatto_dae_element_eval_lobatto_98p125_N164_halo8_profiles.json
outputs/tables/m5_eta_lobatto_dae_element_eval_lobatto_98p125_N164_hsrelease8_profiles.json,json,227359,9b098886366c7ef7d321f98d242741f58875b3f8fe7841f7ad26acdfd921bbff,tracked,generated_scientific_artifact,ARCHIVE,Bulk generated output; decisive cases will be copied into results/canonical.,IMBH_legacy_steady_dae_artifacts_pre-cleanup-p0-2026-07-11.tar.gz:outputs/tables/m5_eta_lobatto_dae_element_eval_lobatto_98p125_N164_hsrelease8_profiles.json
outputs/tables/m5_eta_lobatto_residual_homotopy_chi0p006_eval_from0p003_98p125_N164_profiles.json,json,227353,c0ebd2e3f3a29ed691fdba2790e135f9ad752d2ea0f93bfee512f91c812aef90,tracked,generated_scientific_artifact,ARCHIVE,Bulk generated output; decisive cases will be copied into results/canonical.,IMBH_legacy_steady_dae_artifacts_pre-cleanup-p0-2026-07-11.tar.gz:outputs/tables/m5_eta_lobatto_residual_homotopy_chi0p006_eval_from0p003_98p125_N164_profiles.json
outputs/tables/m5_eta_global_f_hsfv_fvcontrol_source_w10_pass1_nfev14_98p125_N164_profiles.json,json,227351,72edf967080670bf0bd4e4d957224bee08ea49966ce28ca6b521edc8415ef055,tracked,generated_scientific_artifact,ARCHIVE,Bulk generated output; decisive cases will be copied into results/canonical.,IMBH_legacy_steady_dae_artifacts_pre-cleanup-p0-2026-07-11.tar.gz:outputs/tables/m5_eta_global_f_hsfv_fvcontrol_source_w10_pass1_nfev14_98p125_N164_profiles.json
outputs/tables/m5_eta_lobatto_homotopy_chi0p01_eval_98p125_N164_profiles.json,json,227343,0c06031d60d2b27e265e4098cd027200b7fe1dc7b9c12b1c68e15d7bd523aff0,tracked,generated_scientific_artifact,ARCHIVE,Bulk generated output; decisive cases will be copied into results/canonical.,IMBH_legacy_steady_dae_artifacts_pre-cleanup-p0-2026-07-11.tar.gz:outputs/tables/m5_eta_lobatto_homotopy_chi0p01_eval_98p125_N164_profiles.json
outputs/tables/m5_eta_lobatto_homotopy_chi0p03_eval_98p125_N164_profiles.json,json,227343,0c06031d60d2b27e265e4098cd027200b7fe1dc7b9c12b1c68e15d7bd523aff0,tracked,generated_scientific_artifact,ARCHIVE,Bulk generated output; decisive cases will be copied into results/canonical.,IMBH_legacy_steady_dae_artifacts_pre-cleanup-p0-2026-07-11.tar.gz:outputs/tables/m5_eta_lobatto_homotopy_chi0p03_eval_98p125_N164_profiles.json
outputs/tables/m5_eta_lobatto_homotopy_chi0p05_eval_98p125_N164_profiles.json,json,227343,0c06031d60d2b27e265e4098cd027200b7fe1dc7b9c12b1c68e15d7bd523aff0,tracked,generated_scientific_artifact,ARCHIVE,Bulk generated output; decisive cases will be copied into results/canonical.,IMBH_legacy_steady_dae_artifacts_pre-cleanup-p0-2026-07-11.tar.gz:outputs/tables/m5_eta_lobatto_homotopy_chi0p05_eval_98p125_N164_profiles.json
outputs/tables/m5_eta_lobatto_homotopy_refslopes_chi0p02_eval_from0p01p2_98p125_N164_profiles.json,json,227337,e2f7966851504701d451a14300b7a30f628ed4f531285f25d548cd45bfe50dc9,tracked,generated_scientific_artifact,ARCHIVE,Bulk generated output; decisive cases will be copied into results/canonical.,IMBH_legacy_steady_dae_artifacts_pre-cleanup-p0-2026-07-11.tar.gz:outputs/tables/m5_eta_lobatto_homotopy_refslopes_chi0p02_eval_from0p01p2_98p125_N164_profiles.json
outputs/tables/m5_eta_lobatto_homotopy_refslopes_chi0p01_eval_98p125_N164_profiles.json,json,227287,0babefd14114b39da5b7a70b424ec38bf85b69ee7ad4bde98b1f37d6f84902f3,tracked,generated_scientific_artifact,ARCHIVE,Bulk generated output; decisive cases will be copied into results/canonical.,IMBH_legacy_steady_dae_artifacts_pre-cleanup-p0-2026-07-11.tar.gz:outputs/tables/m5_eta_lobatto_homotopy_refslopes_chi0p01_eval_98p125_N164_profiles.json
outputs/tables/m5_eta_lobatto_homotopy_refslopes_chi0p03_eval_98p125_N164_profiles.json,json,227287,0babefd14114b39da5b7a70b424ec38bf85b69ee7ad4bde98b1f37d6f84902f3,tracked,generated_scientific_artifact,ARCHIVE,Bulk generated output; decisive cases will be copied into results/canonical.,IMBH_legacy_steady_dae_artifacts_pre-cleanup-p0-2026-07-11.tar.gz:outputs/tables/m5_eta_lobatto_homotopy_refslopes_chi0p03_eval_98p125_N164_profiles.json
outputs/tables/m5_eta_lobatto_homotopy_refslopes_chi0p05_eval_98p125_N164_profiles.json,json,227287,0babefd14114b39da5b7a70b424ec38bf85b69ee7ad4bde98b1f37d6f84902f3,tracked,generated_scientific_artifact,ARCHIVE,Bulk generated output; decisive cases will be copied into results/canonical.,IMBH_legacy_steady_dae_artifacts_pre-cleanup-p0-2026-07-11.tar.gz:outputs/tables/m5_eta_lobatto_homotopy_refslopes_chi0p05_eval_98p125_N164_profiles.json
outputs/tables/m5_eta_lobatto_residual_homotopy_chi0_eval_98p125_N164_profiles.json,json,227287,0babefd14114b39da5b7a70b424ec38bf85b69ee7ad4bde98b1f37d6f84902f3,tracked,generated_scientific_artifact,ARCHIVE,Bulk generated output; decisive cases will be copied into results/canonical.,IMBH_legacy_steady_dae_artifacts_pre-cleanup-p0-2026-07-11.tar.gz:outputs/tables/m5_eta_lobatto_residual_homotopy_chi0_eval_98p125_N164_profiles.json
outputs/tables/m5_eta_lobatto_residual_homotopy_chi0p01_eval_98p125_N164_profiles.json,json,227287,0babefd14114b39da5b7a70b424ec38bf85b69ee7ad4bde98b1f37d6f84902f3,tracked,generated_scientific_artifact,ARCHIVE,Bulk generated output; decisive cases will be copied into results/canonical.,IMBH_legacy_steady_dae_artifacts_pre-cleanup-p0-2026-07-11.tar.gz:outputs/tables/m5_eta_lobatto_residual_homotopy_chi0p01_eval_98p125_N164_profiles.json
outputs/tables/m5_eta_lobatto_dae_eval_lobatto_98p125_N164_profiles.json,json,227283,70ba6cf70e82f92e54a4315a093f07806937f7ab9e97d5abe80dfa42ab62ba71,tracked,generated_scientific_artifact,ARCHIVE,Bulk generated output; decisive cases will be copied into results/canonical.,IMBH_legacy_steady_dae_artifacts_pre-cleanup-p0-2026-07-11.tar.gz:outputs/tables/m5_eta_lobatto_dae_eval_lobatto_98p125_N164_profiles.json
outputs/tables/m5_eta_lobatto_interface_diag_best_98p125_N164_profiles.json,json,227283,70ba6cf70e82f92e54a4315a093f07806937f7ab9e97d5abe80dfa42ab62ba71,tracked,generated_scientific_artifact,ARCHIVE,Bulk generated output; decisive cases will be copied into results/canonical.,IMBH_legacy_steady_dae_artifacts_pre-cleanup-p0-2026-07-11.tar.gz:outputs/tables/m5_eta_lobatto_interface_diag_best_98p125_N164_profiles.json
outputs/tables/m5_eta_lobatto_radial_conditioning_audit_98p125_N164_profiles.json,json,227283,70ba6cf70e82f92e54a4315a093f07806937f7ab9e97d5abe80dfa42ab62ba71,tracked,generated_scientific_artifact,ARCHIVE,Bulk generated output; decisive cases will be copied into results/canonical.,IMBH_legacy_steady_dae_artifacts_pre-cleanup-p0-2026-07-11.tar.gz:outputs/tables/m5_eta_lobatto_radial_conditioning_audit_98p125_N164_profiles.json
outputs/tables/m5_eta_global_f_hsfv_fvcontrol_source_w10_src105_pass2_nfev14_98p125_N164_profiles.json,json,227031,1e97e764357631a00ef654fa140f062d2d6852768c1ed4376e62f44596e69757,tracked,generated_scientific_artifact,ARCHIVE,Bulk generated output; decisive cases will be copied into results/canonical.,IMBH_legacy_steady_dae_artifacts_pre-cleanup-p0-2026-07-11.tar.gz:outputs/tables/m5_eta_global_f_hsfv_fvcontrol_source_w10_src105_pass2_nfev14_98p125_N164_profiles.json
outputs/tables/m5_eta_from99p45_noinner_sbgrows_links_sparse_quarterstep_N164.json,json,226197,a24493030721758de5a57f123dd1e8e5eae8551eb1fbd8d299177975c6ce747d,tracked,generated_scientific_artifact,ARCHIVE,Bulk generated output; decisive cases will be copied into results/canonical.,IMBH_legacy_steady_dae_artifacts_pre-cleanup-p0-2026-07-11.tar.gz:outputs/tables/m5_eta_from99p45_noinner_sbgrows_links_sparse_quarterstep_N164.json
outputs/tables/m5_eta_from98p90_sonicforced_inneronly_balanced_quarter_N164.json,json,226169,2502c80c0db03891048d4c350a828ffd9362a407888273c25fe834b90ebc3af5,tracked,generated_scientific_artifact,ARCHIVE,Bulk generated output; decisive cases will be copied into results/canonical.,IMBH_legacy_steady_dae_artifacts_pre-cleanup-p0-2026-07-11.tar.gz:outputs/tables/m5_eta_from98p90_sonicforced_inneronly_balanced_quarter_N164.json
outputs/tables/m5_eta_from99p10_sonicaware_inneronly_balanced_halfstep_N164.json,json,226146,fdf1df9f4eda972ffdb60fa9ca76294a101418b9bbe11a3f257087539db2ac3b,tracked,generated_scientific_artifact,ARCHIVE,Bulk generated output; decisive cases will be copied into results/canonical.,IMBH_legacy_steady_dae_artifacts_pre-cleanup-p0-2026-07-11.tar.gz:outputs/tables/m5_eta_from99p10_sonicaware_inneronly_balanced_halfstep_N164.json
outputs/tables/m5_eta_from99p05_sonicforced_inneronly_balanced_ladder_N164.json,json,226029,39c26b947e09d89fc4e8e7b0051f94b746c6d04b6c271934a05a259fb1da4138,tracked,generated_scientific_artifact,ARCHIVE,Bulk generated output; decisive cases will be copied into results/canonical.,IMBH_legacy_steady_dae_artifacts_pre-cleanup-p0-2026-07-11.tar.gz:outputs/tables/m5_eta_from99p05_sonicforced_inneronly_balanced_ladder_N164.json
outputs/tables/m5_eta_from99p525_noinner_sbgrows_links_sparse_ladder_N164.json,json,225952,412c72e2b4658e5d3b8d1d37fcabc77d78fc44cbb1455f17434dc46861747fe4,tracked,generated_scientific_artifact,ARCHIVE,Bulk generated output; decisive cases will be copied into results/canonical.,IMBH_legacy_steady_dae_artifacts_pre-cleanup-p0-2026-07-11.tar.gz:outputs/tables/m5_eta_from99p525_noinner_sbgrows_links_sparse_ladder_N164.json
outputs/tables/m5_eta_from98p875_sonicforced_inner10_balanced_ladder_N164.json,json,225791,8092dcc17c7a82efeeb6ff76d12635f7467971ef117d9b1f7c153375817b2e7c,tracked,generated_scientific_artifact,ARCHIVE,Bulk generated output; decisive cases will be copied into results/canonical.,IMBH_legacy_steady_dae_artifacts_pre-cleanup-p0-2026-07-11.tar.gz:outputs/tables/m5_eta_from98p875_sonicforced_inner10_balanced_ladder_N164.json
outputs/tables/m5_eta_from99p55_noinner_active_mass_profile_sbgrows_halfstep_N164.json,json,225658,ca9282603ec480f139375c4bc44cb818c1b27b424cacd45650307d8c93205990,tracked,generated_scientific_artifact,ARCHIVE,Bulk generated output; decisive cases will be copied into results/canonical.,IMBH_legacy_steady_dae_artifacts_pre-cleanup-p0-2026-07-11.tar.gz:outputs/tables/m5_eta_from99p55_noinner_active_mass_profile_sbgrows_halfstep_N164.json
outputs/figures/high_mdot_stream_compact_interval_profile_integrated_fs0850_to08625.png,png,223549,0df0c5e9900ca1f26b9707d2060b43dd4483c53187b270cd68ce437140bf165b,tracked,generated_scientific_artifact,ARCHIVE,Bulk generated output; decisive cases will be copied into results/canonical.,IMBH_legacy_steady_dae_artifacts_pre-cleanup-p0-2026-07-11.tar.gz:outputs/figures/high_mdot_stream_compact_interval_profile_integrated_fs0850_to08625.png
outputs/figures/layer2_fig2_style_model_scurve.png,png,222222,82fdfd0ed43e0134caa041c2776089f743c53e874ffc88a2990ca242a32e156c,tracked,generated_scientific_artifact,ARCHIVE,Bulk generated output; decisive cases will be copied into results/canonical.,IMBH_legacy_steady_dae_artifacts_pre-cleanup-p0-2026-07-11.tar.gz:outputs/figures/layer2_fig2_style_model_scurve.png
outputs/tables/m5_eta_broad_cumulative_all_fv_98p125_N164.json,json,216539,acb64e43b13bc0c0b855dc296cebdb0379f364f61fd976f165489ccc1c13f8ce,tracked,generated_scientific_artifact,ARCHIVE,Bulk generated output; decisive cases will be copied into results/canonical.,IMBH_legacy_steady_dae_artifacts_pre-cleanup-p0-2026-07-11.tar.gz:outputs/tables/m5_eta_broad_cumulative_all_fv_98p125_N164.json
outputs/tables/m5_eta_broad_cumulative_mdot_c_fv_release_edges_98p125_N164.json,json,215753,c316342e06e783f2526e63c12d4fa1eeacd2ebca1ee0628aff489da2171336d8,tracked,generated_scientific_artifact,ARCHIVE,Bulk generated output; decisive cases will be copied into results/canonical.,IMBH_legacy_steady_dae_artifacts_pre-cleanup-p0-2026-07-11.tar.gz:outputs/tables/m5_eta_broad_cumulative_mdot_c_fv_release_edges_98p125_N164.json
outputs/tables/m5_eta_broad_cumulative_mdot_c_fv_link10_98p125_N164.json,json,215752,338c6bcbb73d91539a45c41b3e60e99accad904c39bdb1199656e606c79ac2a4,tracked,generated_scientific_artifact,ARCHIVE,Bulk generated output; decisive cases will be copied into results/canonical.,IMBH_legacy_steady_dae_artifacts_pre-cleanup-p0-2026-07-11.tar.gz:outputs/tables/m5_eta_broad_cumulative_mdot_c_fv_link10_98p125_N164.json
outputs/tables/m5_eta_broad_cumulative_mdot_c_fv_int10_98p125_N164.json,json,215721,53ec966d95d16402c8abd3273711755a24fa29235a287d4960364dcf08adce2b,tracked,generated_scientific_artifact,ARCHIVE,Bulk generated output; decisive cases will be copied into results/canonical.,IMBH_legacy_steady_dae_artifacts_pre-cleanup-p0-2026-07-11.tar.gz:outputs/tables/m5_eta_broad_cumulative_mdot_c_fv_int10_98p125_N164.json
outputs/tables/m5_eta_broad_cumulative_mdot_c_fv_98p125_N164.json,json,215669,24fab4df38bb80c71af2becb9b04e0645a41a00cb00ee74aa76b202aac1329b6,tracked,generated_scientific_artifact,ARCHIVE,Bulk generated output; decisive cases will be copied into results/canonical.,IMBH_legacy_steady_dae_artifacts_pre-cleanup-p0-2026-07-11.tar.gz:outputs/tables/m5_eta_broad_cumulative_mdot_c_fv_98p125_N164.json
outputs/tables/m5_local_mdot_eta95_N168_localjac_innerweight20_radial_audit_profiles.json,json,214560,41da03b43d1b28b33306c4adca0b456678fcab57b563d095a1db8ed99e6dec2f,tracked,generated_scientific_artifact,ARCHIVE,Bulk generated output; decisive cases will be copied into results/canonical.,IMBH_legacy_steady_dae_artifacts_pre-cleanup-p0-2026-07-11.tar.gz:outputs/tables/m5_local_mdot_eta95_N168_localjac_innerweight20_radial_audit_profiles.json
outputs/tables/m5_local_mdot_eta90_N168_localjac_innerweight20_radial_audit_profiles.json,json,214522,821ed4e6285eae500d239d3d3103b480796082d38e07086deacefab4b449bfb2,tracked,generated_scientific_artifact,ARCHIVE,Bulk generated output; decisive cases will be copied into results/canonical.,IMBH_legacy_steady_dae_artifacts_pre-cleanup-p0-2026-07-11.tar.gz:outputs/tables/m5_local_mdot_eta90_N168_localjac_innerweight20_radial_audit_profiles.json
outputs/tables/m5_eta_adaptive_active_window_dense_sonic12_from98p46875_N164.json,json,214201,5033c0dc5c1f221d92fe472a4d057c9fc5587c03a4d008c9b4c929cc7f19e683,tracked,generated_scientific_artifact,ARCHIVE,Bulk generated output; decisive cases will be copied into results/canonical.,IMBH_legacy_steady_dae_artifacts_pre-cleanup-p0-2026-07-11.tar.gz:outputs/tables/m5_eta_adaptive_active_window_dense_sonic12_from98p46875_N164.json
outputs/tables/m5_local_mdot_eta90_N168_splitdiff_seed_audit_profiles.json,json,214096,55eb4cf51c805b71be96383d6395f423ac6d62b558939e4858a42f17351098ef,tracked,generated_scientific_artifact,ARCHIVE,Bulk generated output; decisive cases will be copied into results/canonical.,IMBH_legacy_steady_dae_artifacts_pre-cleanup-p0-2026-07-11.tar.gz:outputs/tables/m5_local_mdot_eta90_N168_splitdiff_seed_audit_profiles.json
outputs/tables/m5_local_mdot_eta100_floor_audit_N160_peak_node_only_profiles.json,json,213780,1d2b30abf598dd9a37e8de4a032b83375a04866947c2be34b1b536381ae1e8b8,tracked,generated_scientific_artifact,ARCHIVE,Bulk generated output; decisive cases will be copied into results/canonical.,IMBH_legacy_steady_dae_artifacts_pre-cleanup-p0-2026-07-11.tar.gz:outputs/tables/m5_local_mdot_eta100_floor_audit_N160_peak_node_only_profiles.json
outputs/tables/m5_local_mdot_eta100_floor_audit_N160_outer_peak_nodes_profiles.json,json,213722,14f09bae0fc149a1338dcb8d95efbab7f4da31948d2911ff84a69b2079fa63f7,tracked,generated_scientific_artifact,ARCHIVE,Bulk generated output; decisive cases will be copied into results/canonical.,IMBH_legacy_steady_dae_artifacts_pre-cleanup-p0-2026-07-11.tar.gz:outputs/tables/m5_local_mdot_eta100_floor_audit_N160_outer_peak_nodes_profiles.json
outputs/tables/m5_local_mdot_eta90_N168_splitrms_seed_audit_profiles.json,json,213552,300cafdcc02756ad91d2893e92505d018f8a5df403141afc001a4af427f16433,tracked,generated_scientific_artifact,ARCHIVE,Bulk generated output; decisive cases will be copied into results/canonical.,IMBH_legacy_steady_dae_artifacts_pre-cleanup-p0-2026-07-11.tar.gz:outputs/tables/m5_local_mdot_eta90_N168_splitrms_seed_audit_profiles.json
outputs/tables/m5_local_mdot_eta100_N168_splitdiff_seed_audit_profiles.json,json,213494,fb853a65270f1fe3916ff1399868667bd9be7d571c42bbb096c6975fe65e5645,tracked,generated_scientific_artifact,ARCHIVE,Bulk generated output; decisive cases will be copied into results/canonical.,IMBH_legacy_steady_dae_artifacts_pre-cleanup-p0-2026-07-11.tar.gz:outputs/tables/m5_local_mdot_eta100_N168_splitdiff_seed_audit_profiles.json
outputs/tables/m5_local_mdot_eta100_floor_audit_N160_transition_primary_only_profiles.json,json,213386,7e9f75e2bea10efb58d8e16b4dec56ecfcdcd275ed758a8ebb939656c2b92d78,tracked,generated_scientific_artifact,ARCHIVE,Bulk generated output; decisive cases will be copied into results/canonical.,IMBH_legacy_steady_dae_artifacts_pre-cleanup-p0-2026-07-11.tar.gz:outputs/tables/m5_local_mdot_eta100_floor_audit_N160_transition_primary_only_profiles.json
outputs/tables/m5_local_mdot_eta100_floor_audit_N160_transition_nodes_profiles.json,json,213294,e15d00ef8278b8ea17dca34a017019c21884af45b93d2255860af61d8d7e72b7,tracked,generated_scientific_artifact,ARCHIVE,Bulk generated output; decisive cases will be copied into results/canonical.,IMBH_legacy_steady_dae_artifacts_pre-cleanup-p0-2026-07-11.tar.gz:outputs/tables/m5_local_mdot_eta100_floor_audit_N160_transition_nodes_profiles.json
outputs/tables/m5_source_element_weak_source_polish_fs0010_R220_260_N164_profiles.json,json,213246,0e65efa979435079f54731afe58f8e44cd5ea8afbd1aca47b77c78ecb02078b0,tracked,generated_scientific_artifact,ARCHIVE,Bulk generated output; decisive cases will be copied into results/canonical.,IMBH_legacy_steady_dae_artifacts_pre-cleanup-p0-2026-07-11.tar.gz:outputs/tables/m5_source_element_weak_source_polish_fs0010_R220_260_N164_profiles.json
outputs/tables/m5_source_plus_buffer_production_eta100_N164_bandonly_nfev8_profiles.json,json,211368,93a7823e901fd3ade3b159b8aa00608ec359b6537bbfbf68ce578061da4e05a3,tracked,generated_scientific_artifact,ARCHIVE,Bulk generated output; decisive cases will be copied into results/canonical.,IMBH_legacy_steady_dae_artifacts_pre-cleanup-p0-2026-07-11.tar.gz:outputs/tables/m5_source_plus_buffer_production_eta100_N164_bandonly_nfev8_profiles.json
outputs/tables/m5_source_plus_buffer_eta100_N164_bandonly_prodM_strictguard_profiles.json,json,211330,efa3c556a2eb09faefa10b427da793ad9ee533af750e210b823ff86cc8c8ae46,tracked,generated_scientific_artifact,ARCHIVE,Bulk generated output; decisive cases will be copied into results/canonical.,IMBH_legacy_steady_dae_artifacts_pre-cleanup-p0-2026-07-11.tar.gz:outputs/tables/m5_source_plus_buffer_eta100_N164_bandonly_prodM_strictguard_profiles.json
outputs/tables/m5_source_interface_reconcile_eta100_N164_seed_profiles.json,json,211314,10783388bd4637846e6c295cd43fac25e24bae1f5d11f897b1a850f2315bf315,tracked,generated_scientific_artifact,ARCHIVE,Bulk generated output; decisive cases will be copied into results/canonical.,IMBH_legacy_steady_dae_artifacts_pre-cleanup-p0-2026-07-11.tar.gz:outputs/tables/m5_source_interface_reconcile_eta100_N164_seed_profiles.json
outputs/tables/m5_source_plus_buffer_eta100_N164_bandonly_prodM_preserve_profiles.json,json,211314,10783388bd4637846e6c295cd43fac25e24bae1f5d11f897b1a850f2315bf315,tracked,generated_scientific_artifact,ARCHIVE,Bulk generated output; decisive cases will be copied into results/canonical.,IMBH_legacy_steady_dae_artifacts_pre-cleanup-p0-2026-07-11.tar.gz:outputs/tables/m5_source_plus_buffer_eta100_N164_bandonly_prodM_preserve_profiles.json
outputs/tables/m5_source_plus_buffer_eta100_N164_bandonly_state0_profiles.json,json,211314,10783388bd4637846e6c295cd43fac25e24bae1f5d11f897b1a850f2315bf315,tracked,generated_scientific_artifact,ARCHIVE,Bulk generated output; decisive cases will be copied into results/canonical.,IMBH_legacy_steady_dae_artifacts_pre-cleanup-p0-2026-07-11.tar.gz:outputs/tables/m5_source_plus_buffer_eta100_N164_bandonly_state0_profiles.json
outputs/tables/m5_source_plus_buffer_eta100_N164_prodM_debug_profiles.json,json,211314,10783388bd4637846e6c295cd43fac25e24bae1f5d11f897b1a850f2315bf315,tracked,generated_scientific_artifact,ARCHIVE,Bulk generated output; decisive cases will be copied into results/canonical.,IMBH_legacy_steady_dae_artifacts_pre-cleanup-p0-2026-07-11.tar.gz:outputs/tables/m5_source_plus_buffer_eta100_N164_prodM_debug_profiles.json
outputs/tables/m5_source_plus_buffer_eta100_N164_smoke_profiles.json,json,211314,10783388bd4637846e6c295cd43fac25e24bae1f5d11f897b1a850f2315bf315,tracked,generated_scientific_artifact,ARCHIVE,Bulk generated output; decisive cases will be copied into results/canonical.,IMBH_legacy_steady_dae_artifacts_pre-cleanup-p0-2026-07-11.tar.gz:outputs/tables/m5_source_plus_buffer_eta100_N164_smoke_profiles.json
outputs/tables/m5_source_plus_buffer_production_eta100_N164_bandonly_smoke1_profiles.json,json,211314,10783388bd4637846e6c295cd43fac25e24bae1f5d11f897b1a850f2315bf315,tracked,generated_scientific_artifact,ARCHIVE,Bulk generated output; decisive cases will be copied into results/canonical.,IMBH_legacy_steady_dae_artifacts_pre-cleanup-p0-2026-07-11.tar.gz:outputs/tables/m5_source_plus_buffer_production_eta100_N164_bandonly_smoke1_profiles.json
outputs/tables/m5_local_mdot_eta100_source_element_consistency_audit_N164_profiles.json,json,211312,746bfbc1658ec6ff66874cd6724890f8d02b7784af3cbfd66e3339f1eea579bc,tracked,generated_scientific_artifact,ARCHIVE,Bulk generated output; decisive cases will be copied into results/canonical.,IMBH_legacy_steady_dae_artifacts_pre-cleanup-p0-2026-07-11.tar.gz:outputs/tables/m5_local_mdot_eta100_source_element_consistency_audit_N164_profiles.json
outputs/tables/m5_source_interface_energy_audit_eta100_N164_seed_profiles.json,json,211312,746bfbc1658ec6ff66874cd6724890f8d02b7784af3cbfd66e3339f1eea579bc,tracked,generated_scientific_artifact,ARCHIVE,Bulk generated output; decisive cases will be copied into results/canonical.,IMBH_legacy_steady_dae_artifacts_pre-cleanup-p0-2026-07-11.tar.gz:outputs/tables/m5_source_interface_energy_audit_eta100_N164_seed_profiles.json
outputs/tables/m5_source_interface_energy_rows_eta100_N164_gamma1_seed_profiles.json,json,211312,746bfbc1658ec6ff66874cd6724890f8d02b7784af3cbfd66e3339f1eea579bc,tracked,generated_scientific_artifact,ARCHIVE,Bulk generated output; decisive cases will be copied into results/canonical.,IMBH_legacy_steady_dae_artifacts_pre-cleanup-p0-2026-07-11.tar.gz:outputs/tables/m5_source_interface_energy_rows_eta100_N164_gamma1_seed_profiles.json
outputs/tables/m5_source_interface_hs_energy_rows_eta100_N164_seed_profiles.json,json,211312,746bfbc1658ec6ff66874cd6724890f8d02b7784af3cbfd66e3339f1eea579bc,tracked,generated_scientific_artifact,ARCHIVE,Bulk generated output; decisive cases will be copied into results/canonical.,IMBH_legacy_steady_dae_artifacts_pre-cleanup-p0-2026-07-11.tar.gz:outputs/tables/m5_source_interface_hs_energy_rows_eta100_N164_seed_profiles.json
outputs/tables/m5_source_interface_massonly_eta100_N164_seed_profiles.json,json,211312,746bfbc1658ec6ff66874cd6724890f8d02b7784af3cbfd66e3339f1eea579bc,tracked,generated_scientific_artifact,ARCHIVE,Bulk generated output; decisive cases will be copied into results/canonical.,IMBH_legacy_steady_dae_artifacts_pre-cleanup-p0-2026-07-11.tar.gz:outputs/tables/m5_source_interface_massonly_eta100_N164_seed_profiles.json
outputs/tables/m5_source_plus_buffer_eta100_N164_bandonly_prodM_profiles.json,json,211310,df5126692cc9af912ca04bd735587bfc8abc5ecc7858fcfca64e9dad07d23f8c,tracked,generated_scientific_artifact,ARCHIVE,Bulk generated output; decisive cases will be copied into results/canonical.,IMBH_legacy_steady_dae_artifacts_pre-cleanup-p0-2026-07-11.tar.gz:outputs/tables/m5_source_plus_buffer_eta100_N164_bandonly_prodM_profiles.json
outputs/figures/layer2_physical_advective_scurve.png,png,211235,33adebd3219ab6c9a4de4ff9e482c874bda0f343a61c03e00e9583c98176592e,tracked,generated_scientific_artifact,ARCHIVE,Bulk generated output; decisive cases will be copied into results/canonical.,IMBH_legacy_steady_dae_artifacts_pre-cleanup-p0-2026-07-11.tar.gz:outputs/figures/layer2_physical_advective_scurve.png
outputs/tables/m5_local_mdot_eta100_block_q6_strict_final_audit_profiles.json,json,207536,282ca21104639ee8f2342509b8a5fd1fbb0b6b8e5c7361563bda4083f860f0c7,tracked,generated_scientific_artifact,ARCHIVE,Bulk generated output; decisive cases will be copied into results/canonical.,IMBH_legacy_steady_dae_artifacts_pre-cleanup-p0-2026-07-11.tar.gz:outputs/tables/m5_local_mdot_eta100_block_q6_strict_final_audit_profiles.json
outputs/tables/m5_local_mdot_eta100_floor_audit_N152_current_profiles.json,json,207448,a1e2cb6488ec621d2b0a101ed827139c1282484988e2f915b518deba011717f6,tracked,generated_scientific_artifact,ARCHIVE,Bulk generated output; decisive cases will be copied into results/canonical.,IMBH_legacy_steady_dae_artifacts_pre-cleanup-p0-2026-07-11.tar.gz:outputs/tables/m5_local_mdot_eta100_floor_audit_N152_current_profiles.json
outputs/tables/m5_local_mdot_eta_seedonly_N255_fromN128_nested_defect_profiles.json,json,205760,3aa5329d2a6355456668b773c50e802b1ddc4d51db42de57488ba2dd94cee0db,tracked,generated_scientific_artifact,ARCHIVE,Bulk generated output; decisive cases will be copied into results/canonical.,IMBH_legacy_steady_dae_artifacts_pre-cleanup-p0-2026-07-11.tar.gz:outputs/tables/m5_local_mdot_eta_seedonly_N255_fromN128_nested_defect_profiles.json
outputs/tables/m5_local_mdot_eta90_source_element_refine2_blockmass_relaxed_eta90_profiles.json,json,205650,824481d0b374be8079224f3564eef7b81c7fe04469c21cfb232f6dd987145477,tracked,generated_scientific_artifact,ARCHIVE,Bulk generated output; decisive cases will be copied into results/canonical.,IMBH_legacy_steady_dae_artifacts_pre-cleanup-p0-2026-07-11.tar.gz:outputs/tables/m5_local_mdot_eta90_source_element_refine2_blockmass_relaxed_eta90_profiles.json
outputs/tables/m5_local_mdot_eta90_source_element_ls_poly_relaxed_N251_profiles.json,json,205626,f341095552d217a8c08f52f4b0f799ab8c6e5f9ab09dfa03d41032da27d45843,tracked,generated_scientific_artifact,ARCHIVE,Bulk generated output; decisive cases will be copied into results/canonical.,IMBH_legacy_steady_dae_artifacts_pre-cleanup-p0-2026-07-11.tar.gz:outputs/tables/m5_local_mdot_eta90_source_element_ls_poly_relaxed_N251_profiles.json
outputs/tables/m5_local_mdot_eta90_source_element_refine2_block_domain_buffer_tiebreak_eta90_profiles.json,json,205602,78b75fb9c808466bf930e9e63f6354272e0e0ef505a51a162913736510469919,tracked,generated_scientific_artifact,ARCHIVE,Bulk generated output; decisive cases will be copied into results/canonical.,IMBH_legacy_steady_dae_artifacts_pre-cleanup-p0-2026-07-11.tar.gz:outputs/tables/m5_local_mdot_eta90_source_element_refine2_block_domain_buffer_tiebreak_eta90_profiles.json
outputs/tables/m5_local_mdot_eta90_source_element_refine2_global_then_domain_eta90_profiles.json,json,205594,f402c1165e295e264095d943dfa49aea54e4f8d1d6b91397b7c4695df45b06c0,tracked,generated_scientific_artifact,ARCHIVE,Bulk generated output; decisive cases will be copied into results/canonical.,IMBH_legacy_steady_dae_artifacts_pre-cleanup-p0-2026-07-11.tar.gz:outputs/tables/m5_local_mdot_eta90_source_element_refine2_global_then_domain_eta90_profiles.json
outputs/tables/m5_local_mdot_eta90_source_element_refine2_blockmass_eta90_profiles.json,json,205578,932bc50c9a07fded6cfe0ee13a6f282993beaa562e7018d47165ace14fc379ca,tracked,generated_scientific_artifact,ARCHIVE,Bulk generated output; decisive cases will be copied into results/canonical.,IMBH_legacy_steady_dae_artifacts_pre-cleanup-p0-2026-07-11.tar.gz:outputs/tables/m5_local_mdot_eta90_source_element_refine2_blockmass_eta90_profiles.json
outputs/tables/m5_local_mdot_eta90_source_element_refine2_buffer_eta90_profiles.json,json,205578,932bc50c9a07fded6cfe0ee13a6f282993beaa562e7018d47165ace14fc379ca,tracked,generated_scientific_artifact,ARCHIVE,Bulk generated output; decisive cases will be copied into results/canonical.,IMBH_legacy_steady_dae_artifacts_pre-cleanup-p0-2026-07-11.tar.gz:outputs/tables/m5_local_mdot_eta90_source_element_refine2_buffer_eta90_profiles.json
outputs/tables/m5_local_mdot_eta90_source_element_refine2_domain_eta90_profiles.json,json,205578,932bc50c9a07fded6cfe0ee13a6f282993beaa562e7018d47165ace14fc379ca,tracked,generated_scientific_artifact,ARCHIVE,Bulk generated output; decisive cases will be copied into results/canonical.,IMBH_legacy_steady_dae_artifacts_pre-cleanup-p0-2026-07-11.tar.gz:outputs/tables/m5_local_mdot_eta90_source_element_refine2_domain_eta90_profiles.json
outputs/tables/m5_local_mdot_eta90_source_element_refine2_seed_eta90_profiles.json,json,205578,932bc50c9a07fded6cfe0ee13a6f282993beaa562e7018d47165ace14fc379ca,tracked,generated_scientific_artifact,ARCHIVE,Bulk generated output; decisive cases will be copied into results/canonical.,IMBH_legacy_steady_dae_artifacts_pre-cleanup-p0-2026-07-11.tar.gz:outputs/tables/m5_local_mdot_eta90_source_element_refine2_seed_eta90_profiles.json
outputs/tables/m5_local_mdot_eta90_source_element_ls_poly_strict_N251_profiles.json,json,205576,761e91e6d08c9fc90f3dd99734e21dd22e1962925b55c71bb4cfab8b1f9e946a,tracked,generated_scientific_artifact,ARCHIVE,Bulk generated output; decisive cases will be copied into results/canonical.,IMBH_legacy_steady_dae_artifacts_pre-cleanup-p0-2026-07-11.tar.gz:outputs/tables/m5_local_mdot_eta90_source_element_ls_poly_strict_N251_profiles.json
outputs/tables/m5_local_mdot_eta90_source_element_refine2_global_domain2_eta90_profiles.json,json,205576,761e91e6d08c9fc90f3dd99734e21dd22e1962925b55c71bb4cfab8b1f9e946a,tracked,generated_scientific_artifact,ARCHIVE,Bulk generated output; decisive cases will be copied into results/canonical.,IMBH_legacy_steady_dae_artifacts_pre-cleanup-p0-2026-07-11.tar.gz:outputs/tables/m5_local_mdot_eta90_source_element_refine2_global_domain2_eta90_profiles.json
outputs/tables/m5_local_mdot_eta90_source_element_refine2_global_domain3_eta90_profiles.json,json,205576,761e91e6d08c9fc90f3dd99734e21dd22e1962925b55c71bb4cfab8b1f9e946a,tracked,generated_scientific_artifact,ARCHIVE,Bulk generated output; decisive cases will be copied into results/canonical.,IMBH_legacy_steady_dae_artifacts_pre-cleanup-p0-2026-07-11.tar.gz:outputs/tables/m5_local_mdot_eta90_source_element_refine2_global_domain3_eta90_profiles.json
outputs/tables/m5_local_mdot_eta90_source_element_refine2_block_domain_buffer_eta90_profiles.json,json,205524,25573f4e42e772216db24c9bfbab3714c93aa4c0caa0911650fb56962e4f9218,tracked,generated_scientific_artifact,ARCHIVE,Bulk generated output; decisive cases will be copied into results/canonical.,IMBH_legacy_steady_dae_artifacts_pre-cleanup-p0-2026-07-11.tar.gz:outputs/tables/m5_local_mdot_eta90_source_element_refine2_block_domain_buffer_eta90_profiles.json
outputs/tables/m5_local_mdot_eta90_source_element_refine2_blockmass_then_domain_eta90_profiles.json,json,205524,25573f4e42e772216db24c9bfbab3714c93aa4c0caa0911650fb56962e4f9218,tracked,generated_scientific_artifact,ARCHIVE,Bulk generated output; decisive cases will be copied into results/canonical.,IMBH_legacy_steady_dae_artifacts_pre-cleanup-p0-2026-07-11.tar.gz:outputs/tables/m5_local_mdot_eta90_source_element_refine2_blockmass_then_domain_eta90_profiles.json
outputs/tables/m5_local_mdot_eta90_source_element_refine2_massseed_eta90_profiles.json,json,205056,8e53bd4be50db4e7dfc4d9708080a0c609c3b753f861da48e7beb6ee3073d5cb,tracked,generated_scientific_artifact,ARCHIVE,Bulk generated output; decisive cases will be copied into results/canonical.,IMBH_legacy_steady_dae_artifacts_pre-cleanup-p0-2026-07-11.tar.gz:outputs/tables/m5_local_mdot_eta90_source_element_refine2_massseed_eta90_profiles.json
outputs/tables/m5_local_mdot_eta90_source_element_refine2_massseed_simpson_eta90_profiles.json,json,205000,659ff5bf2ebeb61b4609ab51d189dc2dea3f08727a5de73dcfead06547168b52,tracked,generated_scientific_artifact,ARCHIVE,Bulk generated output; decisive cases will be copied into results/canonical.,IMBH_legacy_steady_dae_artifacts_pre-cleanup-p0-2026-07-11.tar.gz:outputs/tables/m5_local_mdot_eta90_source_element_refine2_massseed_simpson_eta90_profiles.json
outputs/tables/m5_source_element_weak_source_polish_fs0005_R220_260_N164_profiles.json,json,204669,e62ca978c6ecfcead3f84c38b5ac8d8f609530b12a3c2f3896fdbbd9f327bf3c,tracked,generated_scientific_artifact,ARCHIVE,Bulk generated output; decisive cases will be copied into results/canonical.,IMBH_legacy_steady_dae_artifacts_pre-cleanup-p0-2026-07-11.tar.gz:outputs/tables/m5_source_element_weak_source_polish_fs0005_R220_260_N164_profiles.json
outputs/tables/m5_local_mdot_eta_seedonly_N255_fromN128_nested_massode_profiles.json,json,204274,3e8496b6215e4b8aa188f877a28e0d8e2a0a5e39cca5bb643ed03b938d3a1a3f,tracked,generated_scientific_artifact,ARCHIVE,Bulk generated output; decisive cases will be copied into results/canonical.,IMBH_legacy_steady_dae_artifacts_pre-cleanup-p0-2026-07-11.tar.gz:outputs/tables/m5_local_mdot_eta_seedonly_N255_fromN128_nested_massode_profiles.json
outputs/tables/m5_eta_adaptive_active_window_dynamic_inner_from98p5_quarter_N164.json,json,202306,0864316768b6183ce5ce955009de56e5216b538d7cedd3e4f9c2a7f6405d0930,tracked,generated_scientific_artifact,ARCHIVE,Bulk generated output; decisive cases will be copied into results/canonical.,IMBH_legacy_steady_dae_artifacts_pre-cleanup-p0-2026-07-11.tar.gz:outputs/tables/m5_eta_adaptive_active_window_dynamic_inner_from98p5_quarter_N164.json
outputs/tables/m5_eta_adaptive_active_window_oldonly_quarterstep_from98p6875_N164.json,json,202282,3e1a36b4863b28773f140295cdc9474ed8d0d8b81ce760c5800116d765a128cd,tracked,generated_scientific_artifact,ARCHIVE,Bulk generated output; decisive cases will be copied into results/canonical.,IMBH_legacy_steady_dae_artifacts_pre-cleanup-p0-2026-07-11.tar.gz:outputs/tables/m5_eta_adaptive_active_window_oldonly_quarterstep_from98p6875_N164.json
outputs/tables/m5_eta_adaptive_active_window_dynamic_inner_from98p65625_N164.json,json,202235,eb587414aee2987a7006fc093044e89cc404618e87564ddbc44189064d72fb28,tracked,generated_scientific_artifact,ARCHIVE,Bulk generated output; decisive cases will be copied into results/canonical.,IMBH_legacy_steady_dae_artifacts_pre-cleanup-p0-2026-07-11.tar.gz:outputs/tables/m5_eta_adaptive_active_window_dynamic_inner_from98p65625_N164.json
outputs/figures/layer2_fiducial_scurve.png,png,196689,dc7afcaba821e79cbb27560add3f3c8da2fc12c1e2e87c4b5aa7feb802d5ab18,tracked,generated_scientific_artifact,ARCHIVE,Bulk generated output; decisive cases will be copied into results/canonical.,IMBH_legacy_steady_dae_artifacts_pre-cleanup-p0-2026-07-11.tar.gz:outputs/figures/layer2_fiducial_scurve.png
outputs/tables/m5_local_mdot_eta90_micro_Nsrc32_bandfv_global_profiles.json,json,196113,4c37bb165cdfab0975ebde5a510c6a4b85fbed33b734b43f5be22174b1043392,tracked,generated_scientific_artifact,ARCHIVE,Bulk generated output; decisive cases will be copied into results/canonical.,IMBH_legacy_steady_dae_artifacts_pre-cleanup-p0-2026-07-11.tar.gz:outputs/tables/m5_local_mdot_eta90_micro_Nsrc32_bandfv_global_profiles.json
outputs/tables/m5_local_mdot_eta90_Nsrc32_source_domain_halo4_global_profiles.json,json,195904,7df603e5a8f8f07fe1468efbf85f3c668dadff94d00a9e6b27d6ad902d1b5c2f,tracked,generated_scientific_artifact,ARCHIVE,Bulk generated output; decisive cases will be copied into results/canonical.,IMBH_legacy_steady_dae_artifacts_pre-cleanup-p0-2026-07-11.tar.gz:outputs/tables/m5_local_mdot_eta90_Nsrc32_source_domain_halo4_global_profiles.json
outputs/tables/m5_local_mdot_eta90_N200_splitrms_global_localjac_probe_profiles.json,json,192380,23c38baec3d1d618c4dc5df2ff281fe36dc79b4093038308e4772f15b296a705,tracked,generated_scientific_artifact,ARCHIVE,Bulk generated output; decisive cases will be copied into results/canonical.,IMBH_legacy_steady_dae_artifacts_pre-cleanup-p0-2026-07-11.tar.gz:outputs/tables/m5_local_mdot_eta90_N200_splitrms_global_localjac_probe_profiles.json
outputs/tables/m5_local_mdot_eta90_micro_Nsrc64_bandfv_seed_profiles.json,json,189700,3be913282de298a2d5828086f53a0a1955dfb313462bdf91dac8cf2d34603c75,tracked,generated_scientific_artifact,ARCHIVE,Bulk generated output; decisive cases will be copied into results/canonical.,IMBH_legacy_steady_dae_artifacts_pre-cleanup-p0-2026-07-11.tar.gz:outputs/tables/m5_local_mdot_eta90_micro_Nsrc64_bandfv_seed_profiles.json
outputs/tables/m5_source_interface_weak_source_fs0010_N164_seed_profiles.json,json,187954,41744e15bf2dd022d10d3f53089d75484e42ca60816f158dd75c19c9e7ddbbf0,tracked,generated_scientific_artifact,ARCHIVE,Bulk generated output; decisive cases will be copied into results/canonical.,IMBH_legacy_steady_dae_artifacts_pre-cleanup-p0-2026-07-11.tar.gz:outputs/tables/m5_source_interface_weak_source_fs0010_N164_seed_profiles.json
outputs/tables/m5_source_interface_massonly_weak_source_fs0010_N164_seed_profiles.json,json,187918,f9ce7742f0feb07a8005a18601b3451b9723c85b1b88853a2815ad80b8ef29db,tracked,generated_scientific_artifact,ARCHIVE,Bulk generated output; decisive cases will be copied into results/canonical.,IMBH_legacy_steady_dae_artifacts_pre-cleanup-p0-2026-07-11.tar.gz:outputs/tables/m5_source_interface_massonly_weak_source_fs0010_N164_seed_profiles.json
outputs/tables/m5_eta_adaptive_tangent_inner_band_selected_eval_N164.json,json,187515,bf685a460e00798169be8ac88dd792416c6428db5544c5cce0b8956f42ffc1e5,tracked,generated_scientific_artifact,ARCHIVE,Bulk generated output; decisive cases will be copied into results/canonical.,IMBH_legacy_steady_dae_artifacts_pre-cleanup-p0-2026-07-11.tar.gz:outputs/tables/m5_eta_adaptive_tangent_inner_band_selected_eval_N164.json
outputs/tables/m5_local_mdot_eta_continuation_zeta0p03_N96_strict_eta95_90_picard2_profiles.json,json,186812,7efdbff339d62e12bd6702ad892552cbe827ddc16ea173de7bde80a29017e0d3,tracked,generated_scientific_artifact,ARCHIVE,Bulk generated output; decisive cases will be copied into results/canonical.,IMBH_legacy_steady_dae_artifacts_pre-cleanup-p0-2026-07-11.tar.gz:outputs/tables/m5_local_mdot_eta_continuation_zeta0p03_N96_strict_eta95_90_picard2_profiles.json
outputs/tables/high_mdot_stream_outer_buffer_interval_profile_no_seed_ladder_0897_to090.md,md,186673,41af86ad79333794040a6c6dc30d2c1be58dd717dbcd6dda9f422b7b5283851d,tracked,generated_scientific_artifact,ARCHIVE,Bulk generated output; decisive cases will be copied into results/canonical.,IMBH_legacy_steady_dae_artifacts_pre-cleanup-p0-2026-07-11.tar.gz:outputs/tables/high_mdot_stream_outer_buffer_interval_profile_no_seed_ladder_0897_to090.md
outputs/tables/m5_eta_broad_conservative_block_mdot_delta_98p125_N164.json,json,186202,451244ffd862b0ddc5a6acbe6d83c5586333a97a4dacecd2e6973cda7a0839d2,tracked,generated_scientific_artifact,ARCHIVE,Bulk generated output; decisive cases will be copied into results/canonical.,IMBH_legacy_steady_dae_artifacts_pre-cleanup-p0-2026-07-11.tar.gz:outputs/tables/m5_eta_broad_conservative_block_mdot_delta_98p125_N164.json
outputs/tables/m5_eta_broad_conservative_block_mdot_delta_fv_release_edges_98p125_N164.json,json,185545,db1d3357ead7434a8156746454ede595e2061a2d90b1eebe5f1fa1d5f9830f8f,tracked,generated_scientific_artifact,ARCHIVE,Bulk generated output; decisive cases will be copied into results/canonical.,IMBH_legacy_steady_dae_artifacts_pre-cleanup-p0-2026-07-11.tar.gz:outputs/tables/m5_eta_broad_conservative_block_mdot_delta_fv_release_edges_98p125_N164.json
outputs/tables/m5_eta_broad_conservative_block_mdot_delta_fv_trust0p5_98p125_N164.json,json,185428,db1f5546288bf4f036b22c8dd1414d3c7f69a8bc3ea73d9318f60a516a74fbc1,tracked,generated_scientific_artifact,ARCHIVE,Bulk generated output; decisive cases will be copied into results/canonical.,IMBH_legacy_steady_dae_artifacts_pre-cleanup-p0-2026-07-11.tar.gz:outputs/tables/m5_eta_broad_conservative_block_mdot_delta_fv_trust0p5_98p125_N164.json
outputs/tables/m5_eta_broad_conservative_block_midpoint_seed_then_fv_98p125_N164.json,json,185400,71693a03e8ef1ef4d8f84eb0a66d38de6adf8a044c4221b1cb7c1b81c00dbab6,tracked,generated_scientific_artifact,ARCHIVE,Bulk generated output; decisive cases will be copied into results/canonical.,IMBH_legacy_steady_dae_artifacts_pre-cleanup-p0-2026-07-11.tar.gz:outputs/tables/m5_eta_broad_conservative_block_midpoint_seed_then_fv_98p125_N164.json
outputs/tables/m5_eta_broad_conservative_block_mdot_delta_fv_98p125_N164.json,json,185399,2cfa32e65a88a99152f80bab1a52ef2fc0316cafd526274b54051c492d69525c,tracked,generated_scientific_artifact,ARCHIVE,Bulk generated output; decisive cases will be copied into results/canonical.,IMBH_legacy_steady_dae_artifacts_pre-cleanup-p0-2026-07-11.tar.gz:outputs/tables/m5_eta_broad_conservative_block_mdot_delta_fv_98p125_N164.json
outputs/tables/m5_eta_adaptive_tangent_inner_band_eval_N164.json,json,184785,a1b5ef40f42fdf4041c2bee0534be7b9b12f3b2b29ee402103ebc637b02ce033,tracked,generated_scientific_artifact,ARCHIVE,Bulk generated output; decisive cases will be copied into results/canonical.,IMBH_legacy_steady_dae_artifacts_pre-cleanup-p0-2026-07-11.tar.gz:outputs/tables/m5_eta_adaptive_tangent_inner_band_eval_N164.json
outputs/figures/isolated_slim_branch_continuation.png,png,183329,ec1ace9fc53ba810949059960d0890e8f92dc0893254ea1a4f1840da61fbb5f5,tracked,generated_scientific_artifact,ARCHIVE,Bulk generated output; decisive cases will be copied into results/canonical.,IMBH_legacy_steady_dae_artifacts_pre-cleanup-p0-2026-07-11.tar.gz:outputs/figures/isolated_slim_branch_continuation.png
outputs/tables/m5_local_mdot_eta90_micro_Nsrc16_bandfv_global_profiles.json,json,180417,23b5ef39de643ff7da0ee1ee06258bc9da4910db8cb4bf132c1b30fd65e6a870,tracked,generated_scientific_artifact,ARCHIVE,Bulk generated output; decisive cases will be copied into results/canonical.,IMBH_legacy_steady_dae_artifacts_pre-cleanup-p0-2026-07-11.tar.gz:outputs/tables/m5_local_mdot_eta90_micro_Nsrc16_bandfv_global_profiles.json
outputs/tables/m5_local_mdot_eta90_micro_Nsrc16_rectrows_probe_profiles.json,json,180201,764781d186886d02d4df6970bf707c8e6bb299d69cb3f12fe8d6af27e610a86f,tracked,generated_scientific_artifact,ARCHIVE,Bulk generated output; decisive cases will be copied into results/canonical.,IMBH_legacy_steady_dae_artifacts_pre-cleanup-p0-2026-07-11.tar.gz:outputs/tables/m5_local_mdot_eta90_micro_Nsrc16_rectrows_probe_profiles.json
outputs/tables/m5_local_mdot_eta90_micro_Nsrc16_global_midfv_profiles.json,json,179242,7a59b47dad8dfe9d1e1093b00d15045efbd2d2e9dbe5f053b73c1d96bf9f7016,tracked,generated_scientific_artifact,ARCHIVE,Bulk generated output; decisive cases will be copied into results/canonical.,IMBH_legacy_steady_dae_artifacts_pre-cleanup-p0-2026-07-11.tar.gz:outputs/tables/m5_local_mdot_eta90_micro_Nsrc16_global_midfv_profiles.json
scripts/run_standard_slim_stream_mass_annulus_scan.py,py,178481,64264b60bce469923948db167bb7782b8e61f4dd157e2bcae562b4001349f7ac,tracked,scientific_runner,KEEP,Retain pending dependency audit; archive candidates require parity evidence.,scripts/ or legacy tag
outputs/tables/m5_eta_from99p65_tangent_inner_sbgmassblock_eval_N164.json,json,175094,72f9d79ef9094bdb7b5d5ba269d5ce78219407397ca5de9171836cd4ff6ca8c1,tracked,generated_scientific_artifact,ARCHIVE,Bulk generated output; decisive cases will be copied into results/canonical.,IMBH_legacy_steady_dae_artifacts_pre-cleanup-p0-2026-07-11.tar.gz:outputs/tables/m5_eta_from99p65_tangent_inner_sbgmassblock_eval_N164.json
outputs/figures/layer3_one_zone_cycle.png,png,172366,003ae2cea65facddf54d76683cc183e6beed08b0c4d0e6396da62dcd2597dd62,tracked,generated_scientific_artifact,ARCHIVE,Bulk generated output; decisive cases will be copied into results/canonical.,IMBH_legacy_steady_dae_artifacts_pre-cleanup-p0-2026-07-11.tar.gz:outputs/figures/layer3_one_zone_cycle.png
outputs/tables/m5_eta_from99p65_active_mass_profile_sbgrows_ladder_N164.json,json,171853,03e64df55ff00574aba79574766c39f91bdd99c2a9c863a87eb9f9b9c2317e8c,tracked,generated_scientific_artifact,ARCHIVE,Bulk generated output; decisive cases will be copied into results/canonical.,IMBH_legacy_steady_dae_artifacts_pre-cleanup-p0-2026-07-11.tar.gz:outputs/tables/m5_eta_from99p65_active_mass_profile_sbgrows_ladder_N164.json
outputs/tables/m5_local_mdot_eta100_compact_cert_N168_profiles.json,json,170810,5db827b86faad206c95e7e0138371026e0bbf324ab50c8e1e22aa3628f1a6352,tracked,generated_scientific_artifact,ARCHIVE,Bulk generated output; decisive cases will be copied into results/canonical.,IMBH_legacy_steady_dae_artifacts_pre-cleanup-p0-2026-07-11.tar.gz:outputs/tables/m5_local_mdot_eta100_compact_cert_N168_profiles.json
outputs/tables/m5_eta_from99p65_active_mass_profile_eval_N164.json,json,170507,0187337820bf6ccd9a4fa97643d01a13ddd48158aabfa75857a715801004c045,tracked,generated_scientific_artifact,ARCHIVE,Bulk generated output; decisive cases will be copied into results/canonical.,IMBH_legacy_steady_dae_artifacts_pre-cleanup-p0-2026-07-11.tar.gz:outputs/tables/m5_eta_from99p65_active_mass_profile_eval_N164.json
outputs/tables/m5_local_mdot_eta100_compact_cert_N164_profiles.json,json,167534,a0edae4dc1f5f9bb37f50ca89edf9cbe5e0c43e87e5747556f2bfd85c2ec89e0,tracked,generated_scientific_artifact,ARCHIVE,Bulk generated output; decisive cases will be copied into results/canonical.,IMBH_legacy_steady_dae_artifacts_pre-cleanup-p0-2026-07-11.tar.gz:outputs/tables/m5_local_mdot_eta100_compact_cert_N164_profiles.json
outputs/tables/m5_eta_adaptive_tangent_innerrelax_eval_N164.json,json,165167,1b75fdaf36e57752d1d52c5a0d846b8bc73d2998b2eb03cea2c877628d427a0e,tracked,generated_scientific_artifact,ARCHIVE,Bulk generated output; decisive cases will be copied into results/canonical.,IMBH_legacy_steady_dae_artifacts_pre-cleanup-p0-2026-07-11.tar.gz:outputs/tables/m5_eta_adaptive_tangent_innerrelax_eval_N164.json
outputs/tables/m5_local_mdot_eta100_compact_cert_N160_profiles.json,json,164856,bdda19df0b024772c637ba22abe2e3faafbb0991a9de64aefa0efbce3d0bec0b,tracked,generated_scientific_artifact,ARCHIVE,Bulk generated output; decisive cases will be copied into results/canonical.,IMBH_legacy_steady_dae_artifacts_pre-cleanup-p0-2026-07-11.tar.gz:outputs/tables/m5_local_mdot_eta100_compact_cert_N160_profiles.json
outputs/tables/m5_local_mdot_eta90_micro_Nsrc32_bandfv_seed_profiles.json,json,164712,3bc1e92c42e25e0b43018a716c52bc38c1f36eb8e842fcf2728cb160db084cd5,tracked,generated_scientific_artifact,ARCHIVE,Bulk generated output; decisive cases will be copied into results/canonical.,IMBH_legacy_steady_dae_artifacts_pre-cleanup-p0-2026-07-11.tar.gz:outputs/tables/m5_local_mdot_eta90_micro_Nsrc32_bandfv_seed_profiles.json
outputs/tables/m5_local_mdot_eta90_Nsrc32_source_domain_qm_edges_seed_profiles.json,json,164596,54d69aa7b8e86106c3f73eddc735f297f31a71cc2578a5d6db16785af5491cf2,tracked,generated_scientific_artifact,ARCHIVE,Bulk generated output; decisive cases will be copied into results/canonical.,IMBH_legacy_steady_dae_artifacts_pre-cleanup-p0-2026-07-11.tar.gz:outputs/tables/m5_local_mdot_eta90_Nsrc32_source_domain_qm_edges_seed_profiles.json
outputs/tables/m5_local_mdot_eta90_source_buffer_mid_edges_from_halo4_seed_eta90_profiles.json,json,164514,77f8b8536cafe9ccdd4bd7c358d3697fc4240c4a0bd2f6c90fd379e730172c53,tracked,generated_scientific_artifact,ARCHIVE,Bulk generated output; decisive cases will be copied into results/canonical.,IMBH_legacy_steady_dae_artifacts_pre-cleanup-p0-2026-07-11.tar.gz:outputs/tables/m5_local_mdot_eta90_source_buffer_mid_edges_from_halo4_seed_eta90_profiles.json
outputs/tables/m5_local_mdot_eta90_Nsrc32_source_domain_qm_seed_profiles.json,json,164506,bdd72c029c20ed1834084f1b06642370195df7d7f26349f27a6191afae775f39,tracked,generated_scientific_artifact,ARCHIVE,Bulk generated output; decisive cases will be copied into results/canonical.,IMBH_legacy_steady_dae_artifacts_pre-cleanup-p0-2026-07-11.tar.gz:outputs/tables/m5_local_mdot_eta90_Nsrc32_source_domain_qm_seed_profiles.json
outputs/tables/m5_local_mdot_eta90_Nsrc32_source_domain_qm_halo4_seed_profiles.json,json,164484,210511e191d7ebdb4cc6ac0d57c6155d539e4ff1c1591812a06a15ac5f4a488e,tracked,generated_scientific_artifact,ARCHIVE,Bulk generated output; decisive cases will be copied into results/canonical.,IMBH_legacy_steady_dae_artifacts_pre-cleanup-p0-2026-07-11.tar.gz:outputs/tables/m5_local_mdot_eta90_Nsrc32_source_domain_qm_halo4_seed_profiles.json
outputs/tables/m5_local_mdot_eta90_source_buffer_qm_midmass_from_halo4_seed_eta90_profiles.json,json,164484,210511e191d7ebdb4cc6ac0d57c6155d539e4ff1c1591812a06a15ac5f4a488e,tracked,generated_scientific_artifact,ARCHIVE,Bulk generated output; decisive cases will be copied into results/canonical.,IMBH_legacy_steady_dae_artifacts_pre-cleanup-p0-2026-07-11.tar.gz:outputs/tables/m5_local_mdot_eta90_source_buffer_qm_midmass_from_halo4_seed_eta90_profiles.json
outputs/tables/m5_local_mdot_eta90_source_element_ls_poly_strict_N201_profiles.json,json,164484,210511e191d7ebdb4cc6ac0d57c6155d539e4ff1c1591812a06a15ac5f4a488e,tracked,generated_scientific_artifact,ARCHIVE,Bulk generated output; decisive cases will be copied into results/canonical.,IMBH_legacy_steady_dae_artifacts_pre-cleanup-p0-2026-07-11.tar.gz:outputs/tables/m5_local_mdot_eta90_source_element_ls_poly_strict_N201_profiles.json
outputs/tables/m5_local_mdot_eta90_Nsrc32_source_domain_qm_halo4_edges_seed_profiles.json,json,164480,327a43e87373eb0ace23dad8d853d6864151b002bc3ced52a3f09ca2cb2b3728,tracked,generated_scientific_artifact,ARCHIVE,Bulk generated output; decisive cases will be copied into results/canonical.,IMBH_legacy_steady_dae_artifacts_pre-cleanup-p0-2026-07-11.tar.gz:outputs/tables/m5_local_mdot_eta90_Nsrc32_source_domain_qm_halo4_edges_seed_profiles.json
outputs/tables/m5_local_mdot_eta90_Nsrc32_source_domain_qm_halo8_seed_profiles.json,json,164460,47a631f868be3cf340d0fe3917b84c926b631464a01c6359f5c3cea1e626cdf6,tracked,generated_scientific_artifact,ARCHIVE,Bulk generated output; decisive cases will be copied into results/canonical.,IMBH_legacy_steady_dae_artifacts_pre-cleanup-p0-2026-07-11.tar.gz:outputs/tables/m5_local_mdot_eta90_Nsrc32_source_domain_qm_halo8_seed_profiles.json
outputs/tables/m5_local_mdot_eta90_source_buffer_mid_from_halo4_seed_eta90_profiles.json,json,164450,d7d1f6e4cfefc8446565d755fd4a9528f143e8653fb611d9db4a71cb1276428b,tracked,generated_scientific_artifact,ARCHIVE,Bulk generated output; decisive cases will be copied into results/canonical.,IMBH_legacy_steady_dae_artifacts_pre-cleanup-p0-2026-07-11.tar.gz:outputs/tables/m5_local_mdot_eta90_source_buffer_mid_from_halo4_seed_eta90_profiles.json
outputs/tables/m5_local_mdot_eta90_source_buffer_mid_exactmass_from_halo4_seed_eta90_profiles.json,json,164446,b2c2d69bf1c509b5ddc9f637e883f5de176ba24d970865e704cdf11bac3a80dc,tracked,generated_scientific_artifact,ARCHIVE,Bulk generated output; decisive cases will be copied into results/canonical.,IMBH_legacy_steady_dae_artifacts_pre-cleanup-p0-2026-07-11.tar.gz:outputs/tables/m5_local_mdot_eta90_source_buffer_mid_exactmass_from_halo4_seed_eta90_profiles.json
outputs/tables/m5_local_mdot_eta90_source_element_ls_poly_pilot_N201_profiles.json,json,164428,f00c47e0d0c8a3f667d187dbed2ab458326ee88002d9d5236f3bef2e11475cdb,tracked,generated_scientific_artifact,ARCHIVE,Bulk generated output; decisive cases will be copied into results/canonical.,IMBH_legacy_steady_dae_artifacts_pre-cleanup-p0-2026-07-11.tar.gz:outputs/tables/m5_local_mdot_eta90_source_element_ls_poly_pilot_N201_profiles.json
outputs/tables/m5_local_mdot_eta90_Nsrc32_source_domain_qm_halo2_seed_profiles.json,json,164426,fa4807231c1ff18419cb3d81c5634a5d3e9a02d4d2dce82c14e9ed363f167eec,tracked,generated_scientific_artifact,ARCHIVE,Bulk generated output; decisive cases will be copied into results/canonical.,IMBH_legacy_steady_dae_artifacts_pre-cleanup-p0-2026-07-11.tar.gz:outputs/tables/m5_local_mdot_eta90_Nsrc32_source_domain_qm_halo2_seed_profiles.json
outputs/tables/m5_local_mdot_eta90_N168_sourceband_extra_sparse_rectjac_probe_profiles.json,json,163370,28edadfcef24733948c3884fdef30205ad6d682b9410e8c09a2a09a65f5ddd05,tracked,generated_scientific_artifact,ARCHIVE,Bulk generated output; decisive cases will be copied into results/canonical.,IMBH_legacy_steady_dae_artifacts_pre-cleanup-p0-2026-07-11.tar.gz:outputs/tables/m5_local_mdot_eta90_N168_sourceband_extra_sparse_rectjac_probe_profiles.json
outputs/tables/m5_local_mdot_eta90_N168_sourceband_extra_rectjac_massw10_resume_profiles.json,json,162855,85bccc3735e3b3b74e11c8a839cf76862a98a47555599127f78ea6b8a2171a81,tracked,generated_scientific_artifact,ARCHIVE,Bulk generated output; decisive cases will be copied into results/canonical.,IMBH_legacy_steady_dae_artifacts_pre-cleanup-p0-2026-07-11.tar.gz:outputs/tables/m5_local_mdot_eta90_N168_sourceband_extra_rectjac_massw10_resume_profiles.json
outputs/tables/m5_local_mdot_eta95_N168_localjac_innerweight20_profiles.json,json,162782,aa921967c3320654de3dc94bcda0b746f140c53aa8545eb7e7f75376af2ea7e9,tracked,generated_scientific_artifact,ARCHIVE,Bulk generated output; decisive cases will be copied into results/canonical.,IMBH_legacy_steady_dae_artifacts_pre-cleanup-p0-2026-07-11.tar.gz:outputs/tables/m5_local_mdot_eta95_N168_localjac_innerweight20_profiles.json
outputs/tables/m5_local_mdot_eta90_N168_localjac_innerweight20_profiles.json,json,162671,162daf8a01111d9b10823acb27c9121ab78df575f7a7373635473a319fb70e82,tracked,generated_scientific_artifact,ARCHIVE,Bulk generated output; decisive cases will be copied into results/canonical.,IMBH_legacy_steady_dae_artifacts_pre-cleanup-p0-2026-07-11.tar.gz:outputs/tables/m5_local_mdot_eta90_N168_localjac_innerweight20_profiles.json
outputs/tables/m5_eta_two_pass_sonic12_halfstep_from98p1875_N164.json,json,162481,8586643d2edb3e9361e7f180009d1899f7cca669126017731051c68bdd897573,tracked,generated_scientific_artifact,ARCHIVE,Bulk generated output; decisive cases will be copied into results/canonical.,IMBH_legacy_steady_dae_artifacts_pre-cleanup-p0-2026-07-11.tar.gz:outputs/tables/m5_eta_two_pass_sonic12_halfstep_from98p1875_N164.json
outputs/tables/m5_eta_two_pass_sonic12_halfstep_from98p21875_N164.json,json,162423,32f58b8333a794b6548f3440a17b4c698d849664001d90a4359f94f08f3fd166,tracked,generated_scientific_artifact,ARCHIVE,Bulk generated output; decisive cases will be copied into results/canonical.,IMBH_legacy_steady_dae_artifacts_pre-cleanup-p0-2026-07-11.tar.gz:outputs/tables/m5_eta_two_pass_sonic12_halfstep_from98p21875_N164.json
outputs/tables/m5_local_mdot_eta90_N168_splitdiff_global_localjac_probe_profiles.json,json,162387,b6ef51f03801871aab1b879018fa7b3efd044f338fe404dc2e1ec68b7857dcab,tracked,generated_scientific_artifact,ARCHIVE,Bulk generated output; decisive cases will be copied into results/canonical.,IMBH_legacy_steady_dae_artifacts_pre-cleanup-p0-2026-07-11.tar.gz:outputs/tables/m5_local_mdot_eta90_N168_splitdiff_global_localjac_probe_profiles.json
outputs/tables/m5_eta_two_pass_sonic12_halfstep_from98p25_N164.json,json,162378,d8bcc73b3db277f13166aaad5fe8890cbd8b30dd75cfcb37c37b7719979cf5cf,tracked,generated_scientific_artifact,ARCHIVE,Bulk generated output; decisive cases will be copied into results/canonical.,IMBH_legacy_steady_dae_artifacts_pre-cleanup-p0-2026-07-11.tar.gz:outputs/tables/m5_eta_two_pass_sonic12_halfstep_from98p25_N164.json
outputs/tables/m5_local_mdot_eta90_N200_sourceband_extra_nested_from_massw10_seed_profiles.json,json,162294,057b11b8e9dd67df1d784ed5e6a0fb3db3f98e2524040691e8b25dfa7acd6a31,tracked,generated_scientific_artifact,ARCHIVE,Bulk generated output; decisive cases will be copied into results/canonical.,IMBH_legacy_steady_dae_artifacts_pre-cleanup-p0-2026-07-11.tar.gz:outputs/tables/m5_local_mdot_eta90_N200_sourceband_extra_nested_from_massw10_seed_profiles.json
outputs/tables/m5_local_mdot_eta90_N168_splitrms_global_localjac_probe_profiles.json,json,162164,a590f639ab40bf9eb646a8e351776a9254682d9c6eb7d0fe1dcf3bfc47c7fe72,tracked,generated_scientific_artifact,ARCHIVE,Bulk generated output; decisive cases will be copied into results/canonical.,IMBH_legacy_steady_dae_artifacts_pre-cleanup-p0-2026-07-11.tar.gz:outputs/tables/m5_local_mdot_eta90_N168_splitrms_global_localjac_probe_profiles.json
outputs/tables/m5_local_mdot_eta100_N168_global_localjac_from_N164_direct_seed_profiles.json,json,161976,8d46a9b385feb1d11a4760153faea1349cf5b14331330137cb8ff3142f1daa65,tracked,generated_scientific_artifact,ARCHIVE,Bulk generated output; decisive cases will be copied into results/canonical.,IMBH_legacy_steady_dae_artifacts_pre-cleanup-p0-2026-07-11.tar.gz:outputs/tables/m5_local_mdot_eta100_N168_global_localjac_from_N164_direct_seed_profiles.json
outputs/tables/m5_local_mdot_eta90_N168_splitrms_global_localjac_resume_profiles.json,json,161910,d7d8ed63c219bfcefd5f7382902d1b0d28c2a19523090f5ada5e906b38968fa8,tracked,generated_scientific_artifact,ARCHIVE,Bulk generated output; decisive cases will be copied into results/canonical.,IMBH_legacy_steady_dae_artifacts_pre-cleanup-p0-2026-07-11.tar.gz:outputs/tables/m5_local_mdot_eta90_N168_splitrms_global_localjac_resume_profiles.json
outputs/tables/m5_local_mdot_eta90_N200_sourceband_extra_nested_from_midpoint_seed_profiles.json,json,161718,eed3f16dc753b18adad805a80ca2b0ca1c759f8d0016d397c4d6e054e097a113,tracked,generated_scientific_artifact,ARCHIVE,Bulk generated output; decisive cases will be copied into results/canonical.,IMBH_legacy_steady_dae_artifacts_pre-cleanup-p0-2026-07-11.tar.gz:outputs/tables/m5_local_mdot_eta90_N200_sourceband_extra_nested_from_midpoint_seed_profiles.json
outputs/tables/m5_eta_broad_mass_guarded_98p125_N164_profiles.json,json,159085,c04e89c934fb3026497878555b4e6133122dd334234bd4c9edfa52063ebc5de1,tracked,generated_scientific_artifact,ARCHIVE,Bulk generated output; decisive cases will be copied into results/canonical.,IMBH_legacy_steady_dae_artifacts_pre-cleanup-p0-2026-07-11.tar.gz:outputs/tables/m5_eta_broad_mass_guarded_98p125_N164_profiles.json
outputs/tables/m5_local_mdot_eta100_N164_global_localjac_resume_strict_profiles.json,json,158371,502ec38b622a4a41217eef7fb1e8b9c2b5adac7b245439618393ee300073ee7b,tracked,generated_scientific_artifact,ARCHIVE,Bulk generated output; decisive cases will be copied into results/canonical.,IMBH_legacy_steady_dae_artifacts_pre-cleanup-p0-2026-07-11.tar.gz:outputs/tables/m5_local_mdot_eta100_N164_global_localjac_resume_strict_profiles.json
outputs/tables/m5_local_mdot_eta100_N164_global_localjac_innerweight20_profiles.json,json,158191,732b0419a0cede5faaf4d368981b1dfb353083c65a4631ac448026ce8cc72aa7,tracked,generated_scientific_artifact,ARCHIVE,Bulk generated output; decisive cases will be copied into results/canonical.,IMBH_legacy_steady_dae_artifacts_pre-cleanup-p0-2026-07-11.tar.gz:outputs/tables/m5_local_mdot_eta100_N164_global_localjac_innerweight20_profiles.json
outputs/tables/m5_local_mdot_eta100_N164_global_localjac_from_3p15em3_profiles.json,json,158137,d90fecc18a6721f588ca8b4879a889f06b754eb99d907b1c6433cfb4e6330777,tracked,generated_scientific_artifact,ARCHIVE,Bulk generated output; decisive cases will be copied into results/canonical.,IMBH_legacy_steady_dae_artifacts_pre-cleanup-p0-2026-07-11.tar.gz:outputs/tables/m5_local_mdot_eta100_N164_global_localjac_from_3p15em3_profiles.json
outputs/tables/m5_eta_from99p65_tangent_inner_blockmass_sbgselect_eval_N164.json,json,157465,132c272d091ee218e8c362d0832d2d316375fddb29416a63de3f97ee7ceca1f4,tracked,generated_scientific_artifact,ARCHIVE,Bulk generated output; decisive cases will be copied into results/canonical.,IMBH_legacy_steady_dae_artifacts_pre-cleanup-p0-2026-07-11.tar.gz:outputs/tables/m5_eta_from99p65_tangent_inner_blockmass_sbgselect_eval_N164.json
outputs/tables/m5_local_mdot_eta100_cert_N160_global_polish_from_seed_profiles.json,json,154592,f7b70ace671ec9e6e71f9177b0df728a3d28474f4221c2a3ab7b7197fe4749cc,tracked,generated_scientific_artifact,ARCHIVE,Bulk generated output; decisive cases will be copied into results/canonical.,IMBH_legacy_steady_dae_artifacts_pre-cleanup-p0-2026-07-11.tar.gz:outputs/tables/m5_local_mdot_eta100_cert_N160_global_polish_from_seed_profiles.json
outputs/tables/m5_local_mdot_eta_seedonly_N192_fromN136_R100_320_profiles.json,json,154176,dd2ad6255af3285a581fc5a5ff2642053a873a4c4695859a8884205a7adb4a63,tracked,generated_scientific_artifact,ARCHIVE,Bulk generated output; decisive cases will be copied into results/canonical.,IMBH_legacy_steady_dae_artifacts_pre-cleanup-p0-2026-07-11.tar.gz:outputs/tables/m5_local_mdot_eta_seedonly_N192_fromN136_R100_320_profiles.json
outputs/tables/m5_eta_from99p65_tangent_inner_blockmass_eval_N164.json,json,153017,df3bfc455ece3de64b57c73e37a2d54127d2c2c0b8fa4b5fa94a4766538b7f8a,tracked,generated_scientific_artifact,ARCHIVE,Bulk generated output; decisive cases will be copied into results/canonical.,IMBH_legacy_steady_dae_artifacts_pre-cleanup-p0-2026-07-11.tar.gz:outputs/tables/m5_eta_from99p65_tangent_inner_blockmass_eval_N164.json
outputs/tables/m5_eta_global_flux_variable_stage3_5_330_98p125_N164.json,json,152100,041a22c6f323aefdfae562d2ca133f129645672a3e2ee1572a94dd01af3a59c2,tracked,generated_scientific_artifact,ARCHIVE,Bulk generated output; decisive cases will be copied into results/canonical.,IMBH_legacy_steady_dae_artifacts_pre-cleanup-p0-2026-07-11.tar.gz:outputs/tables/m5_eta_global_flux_variable_stage3_5_330_98p125_N164.json
outputs/tables/m5_local_mdot_eta90_micro_Nsrc16_bandfv_seed_profiles.json,json,151400,69294c55802b7b4c1ba576c5561d4eb9e590c64d69129a458da507d9dbd90ef1,tracked,generated_scientific_artifact,ARCHIVE,Bulk generated output; decisive cases will be copied into results/canonical.,IMBH_legacy_steady_dae_artifacts_pre-cleanup-p0-2026-07-11.tar.gz:outputs/tables/m5_local_mdot_eta90_micro_Nsrc16_bandfv_seed_profiles.json
outputs/tables/m5_local_mdot_eta90_micro_Nsrc16_seed_v3_profiles.json,json,150202,aa31cb5a761b2f93914ee956eb70ae9bf03e16bd9069ab54cc1a1622751518ef,tracked,generated_scientific_artifact,ARCHIVE,Bulk generated output; decisive cases will be copied into results/canonical.,IMBH_legacy_steady_dae_artifacts_pre-cleanup-p0-2026-07-11.tar.gz:outputs/tables/m5_local_mdot_eta90_micro_Nsrc16_seed_v3_profiles.json
src/imri_qpe/layer3_minidisk_1d/transonic_collocation.py,py,146728,4648fd5f334cae122fe25e353a163ed297c6fdabfb9ff2c318b6e4453a2dbbfd,tracked,scientific_source,KEEP,Production scientific source.,src/imri_qpe/layer3_minidisk_1d/transonic_collocation.py
outputs/tables/m5_local_mdot_eta_polish_N152_integrated_physE_profiles.json,json,146546,5c8488b375dce70a8588b8be7483f5459d11e1ecd91528e3c33c8b0d8d3378d9,tracked,generated_scientific_artifact,ARCHIVE,Bulk generated output; decisive cases will be copied into results/canonical.,IMBH_legacy_steady_dae_artifacts_pre-cleanup-p0-2026-07-11.tar.gz:outputs/tables/m5_local_mdot_eta_polish_N152_integrated_physE_profiles.json
outputs/tables/m5_local_mdot_eta_continuation_zeta0p03_N152_strict_eta100_nested_defect_R100_320_picard_profiles.json,json,146432,d58e0d9d6499e325c89b9a313b40c8df5e76b485c584798a83ad4e6f749d4f58,tracked,generated_scientific_artifact,ARCHIVE,Bulk generated output; decisive cases will be copied into results/canonical.,IMBH_legacy_steady_dae_artifacts_pre-cleanup-p0-2026-07-11.tar.gz:outputs/tables/m5_local_mdot_eta_continuation_zeta0p03_N152_strict_eta100_nested_defect_R100_320_picard_profiles.json
outputs/tables/m5_local_mdot_eta100_block_q4_relaxed_then_global_profiles.json,json,146424,7b864f21466f56ef2f2d3d786fae63b824b1fdcfddf36767d45a5a25bcc1264c,tracked,generated_scientific_artifact,ARCHIVE,Bulk generated output; decisive cases will be copied into results/canonical.,IMBH_legacy_steady_dae_artifacts_pre-cleanup-p0-2026-07-11.tar.gz:outputs/tables/m5_local_mdot_eta100_block_q4_relaxed_then_global_profiles.json
outputs/tables/m5_local_mdot_eta100_block_q6_relaxed_then_global_profiles.json,json,146392,70a71b720c2b4105acdf4058798899e336fc05459351c7bc1139aba1d248c2db,tracked,generated_scientific_artifact,ARCHIVE,Bulk generated output; decisive cases will be copied into results/canonical.,IMBH_legacy_steady_dae_artifacts_pre-cleanup-p0-2026-07-11.tar.gz:outputs/tables/m5_local_mdot_eta100_block_q6_relaxed_then_global_profiles.json
outputs/tables/m5_local_mdot_eta100_block_q6_global_restart_profiles.json,json,146298,d0546efd81883dee6d7c2ef3f32ce6b40ea3d9d75297709ac4d5ac2d642d4f37,tracked,generated_scientific_artifact,ARCHIVE,Bulk generated output; decisive cases will be copied into results/canonical.,IMBH_legacy_steady_dae_artifacts_pre-cleanup-p0-2026-07-11.tar.gz:outputs/tables/m5_local_mdot_eta100_block_q6_global_restart_profiles.json
outputs/tables/m5_local_mdot_eta_polish_N152_integrated_physE_then_differential_resume_profiles.json,json,146277,81a1fbe997aa5d9c8319406ef83e65dd6a92fccc7238b63ea842ff99c04b8418,tracked,generated_scientific_artifact,ARCHIVE,Bulk generated output; decisive cases will be copied into results/canonical.,IMBH_legacy_steady_dae_artifacts_pre-cleanup-p0-2026-07-11.tar.gz:outputs/tables/m5_local_mdot_eta_polish_N152_integrated_physE_then_differential_resume_profiles.json
outputs/tables/m5_local_mdot_eta_polish_N152_integrated_physE_then_differential_profiles.json,json,146162,2fe1cb7d1f5caba1d39608766fec5e81286ead4850f500e2ecd3b1b730fc71ce,tracked,generated_scientific_artifact,ARCHIVE,Bulk generated output; decisive cases will be copied into results/canonical.,IMBH_legacy_steady_dae_artifacts_pre-cleanup-p0-2026-07-11.tar.gz:outputs/tables/m5_local_mdot_eta_polish_N152_integrated_physE_then_differential_profiles.json
