path,lines,imports,imported_by,referenced_by_docs,test_coverage,canonical_artifact_dependency,classification,replacement,reason
scripts/audit_mdot5_mass_coupled_wind_budget.py,179,__future__ | imri_qpe | json | math | numpy | pathlib | run_standard_slim_stream_mass_annulus_scan | sys | typing,,outputs/tables/m5_energy_wind_implied_mass_coupled_budget.md,,False,keep_referenced_pending_review,scripts/ or documented replacement,Referenced by documentation or tests.
scripts/audit_mdot5_powerlaw_mass_wind_seed_residuals.py,239,__future__ | dataclasses | imri_qpe | json | math | numpy | os | pathlib | run_mdot5_powerlaw_mass_wind_pilot | run_standard_slim_stream_mass_annulus_scan | sys | typing,,Note/CODEX_MDOT5_POWERLAW_MASS_WIND_BRIDGE_RESULTS.md | outputs/tables/m5_energy_wind_powerlaw_mass_seed_residuals.md,,False,keep_referenced_pending_review,scripts/ or documented replacement,Referenced by documentation or tests.
scripts/audit_mdot5_shen_wind_diagnostics.py,619,__future__ | dataclasses | imri_qpe | json | math | numpy | pathlib | run_standard_slim_stream_mass_annulus_scan | sys | typing,,Note/CODEX_MDOT5_SHEN_DIAGNOSTIC_SPRINT_RESULTS.md | Note/GPT_PROMPT_MDOT5_LOCAL_MDOT_ETA_RESIDUAL_FLOOR.md | outputs/tables/m5_wind_shen_budget_diagnostics.md,,False,keep_referenced_pending_review,scripts/ or documented replacement,Referenced by documentation or tests.
scripts/audit_mdot5_wind_closure_sensitivity.py,230,__future__ | dataclasses | imri_qpe | json | math | numpy | pathlib | run_standard_slim_stream_mass_annulus_scan | sys | typing,,outputs/tables/m5_energy_wind_closure_sensitivity_frozen.md,,False,keep_referenced_pending_review,scripts/ or documented replacement,Referenced by documentation or tests.
scripts/audit_mdot5_wind_interval_jacobian.py,319,__future__ | imri_qpe | json | math | numpy | pathlib | run_standard_slim_stream_mass_annulus_scan | sys | time | typing,,outputs/tables/m5_energy_wind_interval_jacobian_audit.md,,False,keep_referenced_pending_review,scripts/ or documented replacement,Referenced by documentation or tests.
scripts/audit_mdot5_wind_powerlaw_slope.py,467,PIL | __future__ | imri_qpe | json | math | matplotlib | numpy | pathlib | run_standard_slim_stream_mass_annulus_scan | sys | typing,,Note/CODEX_MDOT5_POWERLAW_MASS_WIND_BRIDGE_RESULTS.md | Note/CODEX_MDOT5_WIND_POWERLAW_SLOPE_RESULTS.md | outputs/tables/m5_energy_wind_powerlaw_slope_diagnostics.md,,False,keep_referenced_pending_review,scripts/ or documented replacement,Referenced by documentation or tests.
scripts/build_repository_cleanup_inventory.py,295,__future__ | ast | collections | csv | hashlib | json | os | pathlib | subprocess,,,,False,archive_candidate_review,legacy tag and verified artifact archive,"No detected imports, tests, or documentation references."
scripts/freeze_mdot5_energy_wind_anchors.py,186,__future__ | imri_qpe | json | math | numpy | pathlib | run_standard_slim_stream_mass_annulus_scan | sys | types | typing,,outputs/tables/m5_energy_wind_anchor_freeze.md,,False,keep_referenced_pending_review,scripts/ or documented replacement,Referenced by documentation or tests.
scripts/plot_global_slim_audit_hardened.py,532,PIL | __future__ | imri_qpe | math | numpy | pathlib,,outputs/tables/global_slim_audit_hardened.md,,False,keep_referenced_pending_review,scripts/ or documented replacement,Referenced by documentation or tests.
scripts/plot_global_slim_wind_audit.py,378,PIL | __future__ | imri_qpe | math | numpy | pathlib,,Note/CODEX_GLOBAL_SLIM_NEXT_STEPS.md,,False,keep_referenced_pending_review,scripts/ or documented replacement,Referenced by documentation or tests.
scripts/plot_isolated_slim_branch.py,355,PIL | __future__ | imri_qpe | math | numpy | pathlib,,GPT_REPO_HANDOFF.md | Note/CODEX_GLOBAL_SLIM_NEXT_STEPS.md | outputs/tables/isolated_slim_branch_summary.md,,False,keep_referenced_pending_review,scripts/ or documented replacement,Referenced by documentation or tests.
scripts/plot_layer2_fig2_model_outputs.py,245,PIL | __future__ | imri_qpe | math | numpy | pathlib,,,,False,archive_candidate_review,legacy tag and verified artifact archive,"No detected imports, tests, or documentation references."
scripts/plot_layer2_scurve.py,235,PIL | __future__ | imri_qpe | math | numpy | pathlib,,,,False,archive_candidate_review,legacy tag and verified artifact archive,"No detected imports, tests, or documentation references."
scripts/plot_layer3_one_zone_cycle.py,260,PIL | __future__ | imri_qpe | math | numpy | pathlib,,,,False,archive_candidate_review,legacy tag and verified artifact archive,"No detected imports, tests, or documentation references."
scripts/plot_transonic_coarse_to_fine.py,151,PIL | __future__ | math | numpy | pathlib,,,,False,archive_candidate_review,legacy tag and verified artifact archive,"No detected imports, tests, or documentation references."
scripts/plot_transonic_high_rate_ladder.py,199,PIL | __future__ | math | numpy | pathlib,,,,False,archive_candidate_review,legacy tag and verified artifact archive,"No detected imports, tests, or documentation references."
scripts/plot_transonic_n64_arclength.py,166,PIL | __future__ | math | pathlib,,,,False,archive_candidate_review,legacy tag and verified artifact archive,"No detected imports, tests, or documentation references."
scripts/plot_transonic_n64_arclength_adaptive.py,181,PIL | __future__ | math | pathlib,,,,False,archive_candidate_review,legacy tag and verified artifact archive,"No detected imports, tests, or documentation references."
scripts/plot_transonic_n64_dense_high_rate.py,174,PIL | __future__ | math | pathlib,,,,False,archive_candidate_review,legacy tag and verified artifact archive,"No detected imports, tests, or documentation references."
scripts/plot_transonic_outer_boundary_sweep.py,173,PIL | __future__ | math | numpy | pathlib,,,,False,archive_candidate_review,legacy tag and verified artifact archive,"No detected imports, tests, or documentation references."
scripts/plot_transonic_slim_branch.py,301,PIL | __future__ | imri_qpe | math | numpy | pathlib,,Note/CODEX_TRANSONIC_SLIM_SOLVER_NEXT_STEP.md | Note/CODEX_TRANSONIC_SOLVER_HARDENING_NEXT_STEP.md | outputs/tables/transonic_solver_audit.md,,False,keep_referenced_pending_review,scripts/ or documented replacement,Referenced by documentation or tests.
scripts/run_mdot5_angular_momentum_ledger_audit.py,470,PIL | __future__ | imri_qpe | json | math | numpy | pathlib | run_mdot5_phase_critical_classification | sys | typing,,,,True,keep_essential,scripts/,Reproduces a canonical/current result.
scripts/run_mdot5_endpoint_validity_audit.py,781,PIL | __future__ | dataclasses | imri_qpe | json | math | numpy | pathlib | run_mdot5_phase_critical_classification | sys | typing,,,,True,keep_essential,scripts/,Reproduces a canonical/current result.
scripts/run_mdot5_global_phase_dae_production.py,1395,__future__ | imri_qpe | json | math | numpy | os | pathlib | run_mdot5_local_mdot_eta_continuation | scipy | sys | typing,run_mdot5_phase_critical_classification | run_mdot5_phase_critical_globalization | run_mdot5_phase_dae_exit_refinement,Note/CODEX_IMBH_REPOSITORY_CLEANUP_SPEC_2026-07-10.md,tests/test_mdot5_phase_dae_regression.py,True,keep_essential,scripts/,Reproduces a canonical/current result.
scripts/run_mdot5_independent_outer_manifold_search.py,831,PIL | __future__ | dataclasses | imri_qpe | json | math | numpy | os | pathlib | run_mdot5_phase_critical_classification | scipy | sys | typing,,,,True,keep_essential,scripts/,Reproduces a canonical/current result.
scripts/run_mdot5_local_mdot_bvp_pilot.py,336,__future__ | dataclasses | imri_qpe | json | math | numpy | os | pathlib | run_standard_slim_stream_mass_annulus_scan | scipy | sys | typing,run_mdot5_local_mdot_eta_continuation,Note/CODEX_MDOT5_MASS_WIND_STATUS_AND_NEXT_PLAN_UPDATED_SHEN2014.md | Note/CODEX_MDOT5_POWERLAW_MASS_WIND_BRIDGE_RESULTS.md,,False,keep_dependency_pending_refactor,Move reusable helpers to src/ before retirement.,Imported by another tracked runner.
scripts/run_mdot5_local_mdot_eta_continuation.py,29395,__future__ | dataclasses | imri_qpe | json | math | numpy | os | pathlib | run_mdot5_local_mdot_bvp_pilot | run_standard_slim_stream_mass_annulus_scan | scipy | sys | typing,run_mdot5_global_phase_dae_production,Note/CODEX_IMBH_REPOSITORY_CLEANUP_SPEC_2026-07-10.md | Note/CODEX_MDOT5_ADAPTIVE_ACTIVE_WINDOW_ETA_CONTINUATION_RESULTS.md | Note/CODEX_MDOT5_BROAD_CONSERVATIVE_BLOCK_RESULTS.md | Note/CODEX_MDOT5_BROAD_MASS_INCREMENT_RESULTS.md | Note/CODEX_MDOT5_BROAD_MASS_REPLACEMENT_RESULTS.md | Note/CODEX_MDOT5_CONSERVATIVE_SOURCE_ELEMENT_RESULTS.md | Note/CODEX_MDOT5_COUPLED_INNER_WINDOW_ETA_CONTINUATION_RESULTS.md | Note/CODEX_MDOT5_DAE_LOBATTO_ELEMENT_RESULTS.md | Note/CODEX_MDOT5_DAE_LOBATTO_TANGENT_HOMOTOPY_RESULTS.md | Note/CODEX_MDOT5_ETA_TANGENT_CONTINUATION_RESULTS.md | Note/CODEX_MDOT5_GLOBAL_FLUX_PRODUCTION_RESULTS.md | Note/CODEX_MDOT5_GLOBAL_FLUX_VARIABLE_RESULTS.md | Note/CODEX_MDOT5_GLOBAL_FV_HOMOTOPY_RESULTS.md | Note/CODEX_MDOT5_GLOBAL_FV_MASS_RESULTS.md | Note/CODEX_MDOT5_GLOBAL_F_HSFV_PRODUCTION_RESULTS.md | Note/CODEX_MDOT5_LOBATTO_HOMOTOPY_RESULTS.md | Note/CODEX_MDOT5_LOCAL_MDOT_ETA100_BLOCK_CORRECTION_RESULTS.md | Note/CODEX_MDOT5_LOCAL_MDOT_ETA100_GRID_HOMOTOPY_RESULTS.md | Note/CODEX_MDOT5_LOCAL_MDOT_ETA100_LOCAL_JACOBIAN_N164_RESULTS.md | Note/CODEX_MDOT5_LOCAL_MDOT_ETA100_MESH_CERTIFICATION_RESULTS.md | Note/CODEX_MDOT5_LOCAL_MDOT_ETA100_REDUCED_BAND_RESULTS.md | Note/CODEX_MDOT5_LOCAL_MDOT_ETA100_RESIDUAL_FLOOR_PLAN.md | Note/CODEX_MDOT5_LOCAL_MDOT_ETA100_RESIDUAL_FLOOR_SPRINT_RESULTS.md | Note/CODEX_MDOT5_LOCAL_MDOT_ETA_CONTINUATION_RESULTS.md | Note/CODEX_MDOT5_PHASE_DAE_SEGMENT_RESULTS.md | Note/CODEX_MDOT5_RECTANGULAR_SOURCE_BAND_RESULTS.md | Note/CODEX_MDOT5_REDUCED_SOURCE_BAND_CORRECTOR_RESULTS.md | Note/CODEX_MDOT5_SOURCE_ELEMENT_FPRIME_AUDIT_RESULTS.md | Note/CODEX_MDOT5_SOURCE_ELEMENT_FPRIME_RESULTS.md | Note/CODEX_MDOT5_SOURCE_ELEMENT_LOBATTO_PRODUCTION_RESULTS.md | Note/CODEX_MDOT5_SOURCE_ELEMENT_LOBATTO_SCALING_RESULTS.md | Note/CODEX_MDOT5_SOURCE_ELEMENT_SCALED_LOCAL_SOLVE_RESULTS.md | Note/CODEX_MDOT5_SOURCE_MICRODOMAIN_RESULTS.md | Note/CODEX_SOURCE_BAND_HS_ENDPOINT_RELEASE_RESULTS.md | Note/CODEX_SOURCE_BAND_HS_IMPLICIT_RESULTS.md | Note/CODEX_SOURCE_BAND_OLD_SOURCE_RECONCILIATION_RESULTS.md | Note/CODEX_SOURCE_BAND_PRODUCTION_HSFV_RESULTS.md | Note/CODEX_SOURCE_BAND_REPLACEMENT_HOMOTOPY_RESULTS.md | Note/CODEX_SOURCE_BAND_REPLACEMENT_TWO_LAYER_RESULTS.md | Note/CODEX_SOURCE_BAND_ROW_REPLACEMENT_RESULTS.md | Note/CODEX_SOURCE_ELEMENT_CONSISTENCY_AUDIT_RESULTS.md | Note/CODEX_SOURCE_ELEMENT_LS_PILOT_RESULTS.md | Note/CODEX_SOURCE_ELEMENT_LS_PILOT_UPDATED_FORMULATION_PLAN.md | Note/CODEX_SOURCE_ELEMENT_PRODUCTION_FORMULATION_PLAN.md | Note/CODEX_SOURCE_INTERFACE_ENERGY_AUDIT_RESULTS.md | Note/CODEX_SOURCE_INTERFACE_MASS_BLOCK_RESULTS.md | Note/CODEX_SOURCE_INTERFACE_RECONCILIATION_AUDIT_RESULTS.md | Note/CODEX_SOURCE_PLUS_BUFFER_IDENTITY_AUDIT_RESULTS.md | Note/CODEX_SOURCE_PLUS_BUFFER_INTERFACE_NEXT_PLAN.md | Note/CODEX_SOURCE_PLUS_BUFFER_INTERFACE_RESULTS.md | Note/GPT_PROMPT_MDOT5_LOCAL_MDOT_ETA_RESIDUAL_FLOOR.md | Note/GPT_PROMPT_MDOT5_TWO_PASS_SONIC_WALL.md | Note/GPT_PROMPT_RECTANGULAR_SOURCE_BAND_NEXT_STEPS.md | Note/GPT_PROMPT_SOURCE_ELEMENT_NEXT_STEP.md | outputs/tables/m5_eta99p40_noinner_sbgrows_links_refresh_N164.md | outputs/tables/m5_eta99p40_noinner_sbgrows_links_refresh_balanced_N164.md | outputs/tables/m5_eta99p525_noinner_sbgrows_links_sparse_reg1em6_N164.md | outputs/tables/m5_eta99p525_noinner_sbgrows_reg1em6_N164.md | outputs/tables/m5_eta99p525_noinner_sbgrows_reg1em7_N164.md | outputs/tables/m5_eta99p6_active_mass_profile_anchor1em2_eval_N164.md | outputs/tables/m5_eta99p6_active_mass_profile_sbgrows_eval_N164.md | outputs/tables/m5_eta99p6_active_mass_profile_sonic_anchor1em2_eval_N164.md | outputs/tables/m5_eta99p9_freezeaux_eval_minimal_N164.md | outputs/tables/m5_eta99p9_tangent_eval_chi1_N164.md | outputs/tables/m5_eta99p9_tangent_eval_massview_N164.md | outputs/tables/m5_eta99p9_tangent_eval_massview_reg1em5_N164.md | outputs/tables/m5_eta_active_broad_adaptive_linear_98p125_N164.md | outputs/tables/m5_eta_active_broad_adaptive_linear_guarded_98p125_N164.md | outputs/tables/m5_eta_active_broad_adaptive_linear_mdotonly_guarded_98p125_N164.md | outputs/tables/m5_eta_active_outer_reduced_98p125_from98p15625_N164.md | outputs/tables/m5_eta_adaptive_active_window_dense_sonic10_98p46875_N164.md | outputs/tables/m5_eta_adaptive_active_window_dense_sonic12_98p46875_N164.md | outputs/tables/m5_eta_adaptive_active_window_dense_sonic12_from98p46875_N164.md | outputs/tables/m5_eta_adaptive_active_window_dense_sonic_98p46875_N164.md | outputs/tables/m5_eta_adaptive_active_window_dense_sonic_finealpha_98p46875_N164.md | outputs/tables/m5_eta_adaptive_active_window_dynamic_inner_from98p5625_N164.md | outputs/tables/m5_eta_adaptive_active_window_dynamic_inner_from98p5_quarter_N164.md | outputs/tables/m5_eta_adaptive_active_window_dynamic_inner_from98p65625_N164.md | outputs/tables/m5_eta_adaptive_active_window_expanded_from98p75_ladder_N164.md | outputs/tables/m5_eta_adaptive_active_window_from98p75_ladder_N164.md | outputs/tables/m5_eta_adaptive_active_window_oldonly_98p625_N164.md | outputs/tables/m5_eta_adaptive_active_window_oldonly_halfstep_from98p75_N164.md | outputs/tables/m5_eta_adaptive_active_window_oldonly_quarterstep_from98p6875_N164.md | outputs/tables/m5_eta_adaptive_active_window_productionrow_98p46875_N164.md | outputs/tables/m5_eta_adaptive_tangent_inner_band_eval_N164.md | outputs/tables/m5_eta_adaptive_tangent_inner_band_selected_eval_N164.md | outputs/tables/m5_eta_adaptive_tangent_innerrelax_eval_N164.md | outputs/tables/m5_eta_blockmass_postcheck99p6_N164.md | outputs/tables/m5_eta_blockmass_postcheck99p6_topall_N164.md | outputs/tables/m5_eta_broad_conservative_block_80_110_all_fv_98p125_N164.md | outputs/tables/m5_eta_broad_conservative_block_diag_98p125_N164.md | outputs/tables/m5_eta_broad_conservative_block_mdot_delta_98p125_N164.md | outputs/tables/m5_eta_broad_conservative_block_mdot_delta_fv_98p125_N164.md | outputs/tables/m5_eta_broad_conservative_block_mdot_delta_fv_release_edges_98p125_N164.md | outputs/tables/m5_eta_broad_conservative_block_mdot_delta_fv_trust0p5_98p125_N164.md | outputs/tables/m5_eta_broad_conservative_block_midpoint_seed_then_fv_98p125_N164.md | outputs/tables/m5_eta_broad_cumulative_all_fv_98p125_N164.md | outputs/tables/m5_eta_broad_cumulative_diag_98p125_N164.md | outputs/tables/m5_eta_broad_cumulative_mdot_c_fv_98p125_N164.md | outputs/tables/m5_eta_broad_cumulative_mdot_c_fv_int10_98p125_N164.md | outputs/tables/m5_eta_broad_cumulative_mdot_c_fv_link10_98p125_N164.md | outputs/tables/m5_eta_broad_cumulative_mdot_c_fv_release_edges_98p125_N164.md | outputs/tables/m5_eta_broad_mass_chi_scan_98p125_N164.md | outputs/tables/m5_eta_broad_mass_eval_98p125_N164.md | outputs/tables/m5_eta_broad_mass_guarded_98p125_N164.md | outputs/tables/m5_eta_broad_mass_guarded_halo32_98p125_N164.md | outputs/tables/m5_eta_broad_mass_increment_active_all_from_mdot_98p125_N164.md | outputs/tables/m5_eta_broad_mass_increment_active_mdot_98p125_N164.md | outputs/tables/m5_eta_broad_mass_increment_active_mdot_fullband_98p125_N164.md | outputs/tables/m5_eta_broad_mass_increment_active_mdot_pass2_98p125_N164.md | outputs/tables/m5_eta_broad_mass_increment_eval2_98p125_N164.md | outputs/tables/m5_eta_broad_mass_increment_eval3_98p125_N164.md | outputs/tables/m5_eta_broad_mass_increment_eval_98p125_N164.md | outputs/tables/m5_eta_broad_mass_predictor_eval_98p125_N164.md | outputs/tables/m5_eta_broad_mass_reduced_98p125_N164.md | outputs/tables/m5_eta_conservative_source_element_corehalo8_eval_98p125_N164.md | outputs/tables/m5_eta_conservative_source_element_corehalo8_eval_masshermite_98p125_N164.md | outputs/tables/m5_eta_conservative_source_element_corehalo8_local_mass100_fmid100_ftrust1e4_noprior_nfev80_98p125_N164.md | outputs/tables/m5_eta_conservative_source_element_corehalo8_local_mass100_fmid10_noprior_nfev80_98p125_N164.md | outputs/tables/m5_eta_conservative_source_element_corehalo8_local_masshermite_mass100_fmid10_noprior_nfev100_98p125_N164.md | outputs/tables/m5_eta_conservative_source_element_corehalo8_local_masshermite_nfev60_98p125_N164.md | outputs/tables/m5_eta_conservative_source_element_corehalo8_local_nfev40_98p125_N164.md | outputs/tables/m5_eta_coupled_inner_window_98p15625_N164.md | outputs/tables/m5_eta_coupled_window10_15_linear_bare_from_narrow_98p15625_N164.md | outputs/tables/m5_eta_coupled_window10_15_linear_from_narrow_98p15625_N164.md | outputs/tables/m5_eta_coupled_window10_15_linear_halo32_from_narrow_98p15625_N164.md | outputs/tables/m5_eta_coupled_window10_15_linear_increment_from_narrow_98p15625_N164.md | outputs/tables/m5_eta_coupled_window10_15_linear_sourceonly_from_narrow_98p15625_N164.md | outputs/tables/m5_eta_coupled_window10_15_linear_width008_from_narrow_98p15625_N164.md | outputs/tables/m5_eta_coupled_window4p8_15_linear_after_alt_98p15625_N164.md | outputs/tables/m5_eta_coupled_window4p8_7p2_linear_after10_15_98p15625_N164.md | outputs/tables/m5_eta_dae_lobatto_tangent_homotopy_gs1000_lt0_98p125_N164.md | outputs/tables/m5_eta_dae_lobatto_tangent_homotopy_gs1000_lt0p01_98p125_N164.md | outputs/tables/m5_eta_dae_lobatto_tangent_homotopy_gs1000_lt1em4_bracket_98p125_N164.md | outputs/tables/m5_eta_dae_lobatto_tangent_homotopy_gs1000_lt1em5_bracket_98p125_N164.md | outputs/tables/m5_eta_dae_lobatto_tangent_homotopy_gs100_lt0_98p125_N164.md | outputs/tables/m5_eta_dae_lobatto_tangent_homotopy_gs100_lt0p01_98p125_N164.md | outputs/tables/m5_eta_dae_lobatto_tangent_homotopy_gs10_lt0_98p125_N164.md | outputs/tables/m5_eta_dae_lobatto_tangent_homotopy_gs10_lt0p01_98p125_N164.md | outputs/tables/m5_eta_eval_bare_from_narrow_98p15625_N164.md | outputs/tables/m5_eta_from98p875_sonicforced_inner10_balanced_ladder_N164.md | outputs/tables/m5_eta_from98p90_sonicforced_inner10_balanced_98p875_N164.md | outputs/tables/m5_eta_from98p90_sonicforced_inneronly_balanced_quarter_N164.md | outputs/tables/m5_eta_from99p05_sonicforced_inneronly_balanced_ladder_N164.md | outputs/tables/m5_eta_from99p10_sonicaware_inneronly_balanced_halfstep_N164.md | outputs/tables/m5_eta_from99p10_sonicforced_inneronly_balanced_99p05_N164.md | outputs/tables/m5_eta_from99p35_sonicaware_inneronly_balanced_ladder_N164.md | outputs/tables/m5_eta_from99p40_sonicaware_balanced_99p35_N164.md | outputs/tables/m5_eta_from99p40_sonicaware_inneronly_balanced_99p35_N164.md | outputs/tables/m5_eta_from99p45_noinner_sbgrows_links_refresh_balanced_ladder_N164.md | outputs/tables/m5_eta_from99p45_noinner_sbgrows_links_sparse_quarterstep_N164.md | outputs/tables/m5_eta_from99p525_noinner_sbgrows_links_sparse_ladder_N164.md | outputs/tables/m5_eta_from99p55_noinner_active_mass_profile_sbgrows_halfstep_N164.md | outputs/tables/m5_eta_from99p60_active_mass_profile_sbgrows_halfstep_N164.md | outputs/tables/m5_eta_from99p60_noinner_active_mass_profile_sbgrows_halfstep_N164.md | outputs/tables/m5_eta_from99p65_active_mass_profile_eval_N164.md | outputs/tables/m5_eta_from99p65_active_mass_profile_sbgrows_ladder_N164.md | outputs/tables/m5_eta_from99p65_blockmass_refresh_check99p6_N164.md | outputs/tables/m5_eta_from99p65_tangent_inner_blockmass_eval_N164.md | outputs/tables/m5_eta_from99p65_tangent_inner_blockmass_sbgselect_eval_N164.md | outputs/tables/m5_eta_from99p65_tangent_inner_sbgmassblock_eval_N164.md | outputs/tables/m5_eta_global_f_hsfv_fvcontrol_source_w10_pass1_nfev14_98p125_N164.md | outputs/tables/m5_eta_global_f_hsfv_fvcontrol_source_w10_src105_pass1_nfev14_98p125_N164.md | outputs/tables/m5_eta_global_f_hsfv_fvcontrol_source_w10_src105_pass2_nfev14_98p125_N164.md | outputs/tables/m5_eta_global_f_hsfv_production_corehalo8_evalonly_98p125_N164.md | outputs/tables/m5_eta_global_f_hsfv_production_corehalo8_full_guarded_nfev2_fromlocal_98p125_N164.md | outputs/tables/m5_eta_global_f_hsfv_production_corehalo8_full_linesearch_exporttrials_nfev2_fromlocal_98p125_N164.md | outputs/tables/m5_eta_global_f_hsfv_production_corehalo8_full_linesearch_nfev2_fromlocal_98p125_N164.md | outputs/tables/m5_eta_global_f_hsfv_production_corehalo8_full_nfev2_fromlocal_98p125_N164.md | outputs/tables/m5_eta_global_f_hsfv_production_corehalo8_full_outsideguard_nfev2_fromlocal_98p125_N164.md | outputs/tables/m5_eta_global_f_hsfv_production_corehalo8_full_outsideguard_pass2_nfev4_98p125_N164.md | outputs/tables/m5_eta_global_f_hsfv_production_corehalo8_full_outsideguard_pass3_nfev6_98p125_N164.md | outputs/tables/m5_eta_global_f_hsfv_production_corehalo8_full_outsideguard_pass4_nfev8_98p125_N164.md | outputs/tables/m5_eta_global_f_hsfv_production_corehalo8_full_outsideguard_pass5_nfev10_98p125_N164.md | outputs/tables/m5_eta_global_f_hsfv_production_corehalo8_full_outsideguard_pass6_nfev12_98p125_N164.md | outputs/tables/m5_eta_global_f_hsfv_production_corehalo8_full_outsideguard_pass7_fv102_nfev14_98p125_N164.md | outputs/tables/m5_eta_global_f_hsfv_production_corehalo8_full_outsideguard_pass8_fv102_nfev14_98p125_N164.md | outputs/tables/m5_eta_global_f_hsfv_production_corehalo8_local_source_massw10000_ftrust0005_nfev60_98p125_N164.md | outputs/tables/m5_eta_global_f_hsfv_production_corehalo8_local_source_massw1000_ftrust002_nfev40_98p125_N164.md | outputs/tables/m5_eta_global_f_hsfv_production_evalonly_98p125_N164.md | outputs/tables/m5_eta_global_f_hsfv_production_freezebase_nfev80_98p125_N164.md | outputs/tables/m5_eta_global_f_hsfv_production_local_source_sparse_massw1000_ftrust002_nfev30_98p125_N164.md | outputs/tables/m5_eta_global_f_hsfv_production_local_source_sparse_nfev20_98p125_N164.md | outputs/tables/m5_eta_global_flux_production_diag_98p125_N164.md | outputs/tables/m5_eta_global_flux_production_guard20_old_source_dynamics_98p125_N164.md | outputs/tables/m5_eta_global_flux_production_guard20_skip_source_98p125_N164.md | outputs/tables/m5_eta_global_flux_production_stage1_20_300_cheap_sourceguards_midpoint_98p125_N164.md | outputs/tables/m5_eta_global_flux_production_stage1_20_300_cheap_sourceguards_midpoint_dyn10_98p125_N164.md | outputs/tables/m5_eta_global_flux_production_stage1_20_300_cheap_sourceguards_midpoint_nfev24_98p125_N164.md | outputs/tables/m5_eta_global_flux_production_stage1_20_300_extra_guard_midpoint_nosourceguard_98p125_N164.md | outputs/tables/m5_eta_global_flux_production_stage1_20_300_oldoutside_guard1_nfev2_98p125_N164.md | outputs/tables/m5_eta_global_flux_production_stage1_20_300_oldoutside_noguard_nfev8_98p125_N164.md | outputs/tables/m5_eta_global_flux_variable_diag_40_120_98p125_N164.md | outputs/tables/m5_eta_global_flux_variable_stage1_40_120_98p125_N164.md | outputs/tables/m5_eta_global_flux_variable_stage2_20_150_98p125_N164.md | outputs/tables/m5_eta_global_flux_variable_stage2_guard20_20_150_98p125_N164.md | outputs/tables/m5_eta_global_flux_variable_stage2_guard20_pass2_20_150_98p125_N164.md | outputs/tables/m5_eta_global_flux_variable_stage2_guard20_pass3_20_150_98p125_N164.md | outputs/tables/m5_eta_global_flux_variable_stage2_guard20_pass4_long_20_150_98p125_N164.md | outputs/tables/m5_eta_global_flux_variable_stage2_guard5_20_150_98p125_N164.md | outputs/tables/m5_eta_global_flux_variable_stage2_guarded_20_150_98p125_N164.md | outputs/tables/m5_eta_global_flux_variable_stage3_5_330_98p125_N164.md | outputs/tables/m5_eta_global_fv_homotopy_derivative_audit_98p125_N164.md | outputs/tables/m5_eta_global_fv_homotopy_guarded_midpoint_stride4_chi001_98p125_N164.md | outputs/tables/m5_eta_global_fv_homotopy_midpoint_stride4_chi005_98p125_N164.md | outputs/tables/m5_eta_global_fv_mass_audit_98p125_N164.md | outputs/tables/m5_eta_global_fv_mass_predictor_damp010_sourceband_eval_98p125_N164.md | outputs/tables/m5_eta_global_fv_mass_predictor_damp030_sourceband_eval_98p125_N164.md | outputs/tables/m5_eta_global_fv_mass_predictor_sourceband_eval2_98p125_N164.md | outputs/tables/m5_eta_global_fv_mass_predictor_sourceband_eval_98p125_N164.md | outputs/tables/m5_eta_global_fv_mass_replacement_seed_98p125_N164.md | outputs/tables/m5_eta_global_fv_mass_sourceband_correct_98p125_N164.md | outputs/tables/m5_eta_global_fv_mass_sourceband_eval_98p125_N164.md | outputs/tables/m5_eta_lobatto_dae_element_eval_direct_clip5000_k26_98p125_N164.md | outputs/tables/m5_eta_lobatto_dae_element_eval_direct_clip500_98p125_N164.md | outputs/tables/m5_eta_lobatto_dae_element_eval_direct_clip500_k26_98p125_N164.md | outputs/tables/m5_eta_lobatto_dae_element_eval_direct_clip500_k2_98p125_N164.md | outputs/tables/m5_eta_lobatto_dae_element_eval_direct_clip500_k3_98p125_N164.md | outputs/tables/m5_eta_lobatto_dae_element_eval_direct_clip500_k8_98p125_N164.md | outputs/tables/m5_eta_lobatto_dae_element_eval_lobatto_98p125_N164.md | outputs/tables/m5_eta_lobatto_dae_element_eval_lobatto_98p125_N164_halo8.md | outputs/tables/m5_eta_lobatto_dae_element_eval_lobatto_98p125_N164_hsrelease8.md | outputs/tables/m5_eta_lobatto_dae_element_k26_directclip5000_notc_solve_98p125_N164.md | outputs/tables/m5_eta_lobatto_dae_element_k26_notc_solution_tc_audit_98p125_N164.md | outputs/tables/m5_eta_lobatto_dae_element_k26_tc1em3_from_tc1em4_98p125_N164.md | outputs/tables/m5_eta_lobatto_dae_element_k26_tc1em4_from_notc_98p125_N164.md | outputs/tables/m5_eta_lobatto_dae_element_k26_tc1em6_from_notc_98p125_N164.md | outputs/tables/m5_eta_lobatto_dae_element_lobatto_rad10_e1_t1e3_anchor3_98p125_N164.md | outputs/tables/m5_eta_lobatto_dae_element_lobatto_rad10_e3_fp10_t1e2_anchor3_98p125_N164.md | outputs/tables/m5_eta_lobatto_dae_element_lobatto_rad10_e3_fp10_t1e2_edge10_trustsmall_98p125_N164.md | outputs/tables/m5_eta_lobatto_dae_element_localonly_lobatto_rad10_e3_fp10_t1e2_anchor10_98p125_N164.md | outputs/tables/m5_eta_lobatto_dae_element_localonly_tangentonly_direct_rad10_e3_fp10_tc0p1_tr1e3_98p125_N164.md | outputs/tables/m5_eta_lobatto_dae_element_localonly_tangentonly_lobatto_rad10_e3_fp10_t1e2_98p125_N164.md | outputs/tables/m5_eta_lobatto_dae_element_neighbor_rad10_e3_fp10_t1e2_edge10_trustsmall_98p125_N164.md | outputs/tables/m5_eta_lobatto_dae_eval_lobatto_98p125_N164.md | outputs/tables/m5_eta_lobatto_dae_lobatto_rad10_e003_t1e3_anchor100_98p125_N164.md | outputs/tables/m5_eta_lobatto_dae_lobatto_w1e2_98p125_N164.md | outputs/tables/m5_eta_lobatto_dae_lobatto_w1e2_anchor100_98p125_N164.md | outputs/tables/m5_eta_lobatto_dae_neighbor_rad10_e003_t1e3_anchor100_98p125_N164.md | outputs/tables/m5_eta_lobatto_homotopy_chi0_eval_98p125_N164.md | outputs/tables/m5_eta_lobatto_homotopy_chi0_local_98p125_N164.md | outputs/tables/m5_eta_lobatto_homotopy_chi0_local_refslopes_98p125_N164.md | outputs/tables/m5_eta_lobatto_homotopy_chi0p01_eval_98p125_N164.md | outputs/tables/m5_eta_lobatto_homotopy_chi0p03_eval_98p125_N164.md | outputs/tables/m5_eta_lobatto_homotopy_chi0p05_eval_98p125_N164.md | outputs/tables/m5_eta_lobatto_homotopy_chi0p1_local_98p125_N164.md | outputs/tables/m5_eta_lobatto_homotopy_refslopes_chi0p01_eval_98p125_N164.md | outputs/tables/m5_eta_lobatto_homotopy_refslopes_chi0p01_local_98p125_N164.md | outputs/tables/m5_eta_lobatto_homotopy_refslopes_chi0p01_pass2_98p125_N164.md | outputs/tables/m5_eta_lobatto_homotopy_refslopes_chi0p02_eval_from0p01p2_98p125_N164.md | outputs/tables/m5_eta_lobatto_homotopy_refslopes_chi0p03_eval_98p125_N164.md | outputs/tables/m5_eta_lobatto_homotopy_refslopes_chi0p05_eval_98p125_N164.md | outputs/tables/m5_eta_lobatto_interface_compat_w0005_98p125_N164.md | outputs/tables/m5_eta_lobatto_interface_compat_w002_98p125_N164.md | outputs/tables/m5_eta_lobatto_interface_diag_best_98p125_N164.md | outputs/tables/m5_eta_lobatto_interface_relax_left1_mass100_98p125_N164.md | outputs/tables/m5_eta_lobatto_radial_conditioning_audit_98p125_N164.md | outputs/tables/m5_eta_lobatto_residual_homotopy_chi0_eval_98p125_N164.md | outputs/tables/m5_eta_lobatto_residual_homotopy_chi0p003_local_98p125_N164.md | outputs/tables/m5_eta_lobatto_residual_homotopy_chi0p006_eval_from0p003_98p125_N164.md | outputs/tables/m5_eta_lobatto_residual_homotopy_chi0p01_eval_98p125_N164.md | outputs/tables/m5_eta_lobatto_residual_homotopy_chi0p01_local_98p125_N164.md | outputs/tables/m5_eta_lobatto_source_eval_from_colpass2_98p125_N164.md | outputs/tables/m5_eta_lobatto_source_local_colscaled_halo8_98p125_N164.md | outputs/tables/m5_eta_lobatto_source_local_unscaled_halo8_98p125_N164.md | outputs/tables/m5_eta_lobatto_source_local_verywide_halo8_98p125_N164.md | outputs/tables/m5_eta_lobatto_source_local_verywide_pass2_halo8_98p125_N164.md | outputs/tables/m5_eta_lobatto_source_local_widetrust_halo8_98p125_N164.md | outputs/tables/m5_eta_lobatto_state_corrector_balanced_mass100_98p125_N164.md | outputs/tables/m5_eta_lobatto_state_corrector_energy3_trust003_98p125_N164.md | outputs/tables/m5_eta_lobatto_state_corrector_mass100_halo16_98p125_N164.md | outputs/tables/m5_eta_lobatto_state_corrector_mass100_node1e3_98p125_N164.md | outputs/tables/m5_eta_lobatto_state_corrector_pass2_radial5_energy3_98p125_N164.md | outputs/tables/m5_eta_lobatto_state_corrector_r2_e3_mass100_98p125_N164.md | outputs/tables/m5_eta_lobatto_transition_left1_anchor100_nocurv_98p125_N164.md | outputs/tables/m5_eta_lobatto_transition_left1_r10_nocurv_98p125_N164.md | outputs/tables/m5_eta_lobatto_transition_left2_anchor100_curv1e4_98p125_N164.md | outputs/tables/m5_eta_lobatto_transition_left2_anchor100_nocurv_98p125_N164.md | outputs/tables/m5_eta_lobatto_transition_left2_curv1e4_98p125_N164.md | outputs/tables/m5_eta_micro_ladder_tangent_inner_massband85_eval_N164.md | outputs/tables/m5_eta_micro_ladder_tangent_inner_massband_eval_N164.md | outputs/tables/m5_eta_micro_ladder_tangent_innerrelax_eval_N164.md | outputs/tables/m5_eta_micro_ladder_tangent_masspred02_inner_eval_N164.md | outputs/tables/m5_eta_microstep_tangent_eval_massview_reg1em5_N164.md | outputs/tables/m5_eta_microstep_tangent_innerrelax_eval_N164.md | outputs/tables/m5_eta_phase_dae_direct_state_halo8_k4_n300_98p125_N164.md | outputs/tables/m5_eta_phase_dae_direct_state_halo8_k4_pass2_anchor1_n500_98p125_N164.md | outputs/tables/m5_eta_phase_dae_faug_eval_halo12_k4_98p125_N164.md | outputs/tables/m5_eta_phase_dae_faug_eval_halo8_k4_98p125_N164.md | outputs/tables/m5_eta_phase_dae_faug_eval_k4_98p125_N164.md | outputs/tables/m5_eta_phase_dae_faug_state_halo8_k4_n250_98p125_N164.md | outputs/tables/m5_eta_phase_dae_segment_eval_from_dae_gs1000_98p125_N164.md | outputs/tables/m5_eta_phase_dae_segment_eval_from_dae_gs1000_seedfix_98p125_N164.md | outputs/tables/m5_eta_phase_dae_segment_eval_intervalp_from_dae_gs1000_98p125_N164.md | outputs/tables/m5_eta_phase_dae_segment_state_intervalp_k4_from_dae_gs1000_98p125_N164.md | outputs/tables/m5_eta_phase_dae_segment_state_intervalp_k4_profile_98p125_N164.md | outputs/tables/m5_eta_phase_dae_segment_state_intervalp_k8_from_dae_gs1000_98p125_N164.md | outputs/tables/m5_eta_phase_dae_segment_state_intervalp_k8_monotone_98p125_N164.md | outputs/tables/m5_eta_phase_dae_segment_tangent_intervalp_k4_from_dae_gs1000_98p125_N164.md | outputs/tables/m5_eta_phase_dae_segment_tangent_intervalp_k4_kin10_98p125_N164.md | outputs/tables/m5_eta_phase_dae_segment_tangent_intervalp_k8_from_dae_gs1000_98p125_N164.md | outputs/tables/m5_eta_phase_dae_simpson_centered_k12_energy_polish_98p125_N164.md | outputs/tables/m5_eta_phase_dae_simpson_centered_k12_final_polish_98p125_N164.md | outputs/tables/m5_eta_phase_dae_simpson_centered_k12_fromk4_98p125_N164.md | outputs/tables/m5_eta_phase_dae_simpson_centered_k12_interface_polish_98p125_N164.md | outputs/tables/m5_eta_phase_dae_simpson_eval_halo8_k4_98p125_N164.md | outputs/tables/m5_eta_phase_dae_simpson_k13_certified_98p125_N164.md | outputs/tables/m5_eta_phase_dae_simpson_k13_fromk12_98p125_N164.md | outputs/tables/m5_eta_phase_dae_simpson_k13_pcseed_eval_98p125_N164.md | outputs/tables/m5_eta_phase_dae_simpson_k14_fromk13_98p125_N164.md | outputs/tables/m5_eta_phase_dae_simpson_k14_polish_98p125_N164.md | outputs/tables/m5_eta_phase_dae_simpson_k16_fromk12_98p125_N164.md | outputs/tables/m5_eta_phase_dae_simpson_k16_pcseed_eval_98p125_N164.md | outputs/tables/m5_eta_phase_dae_simpson_k4_cert_audit_98p125_N164.md | outputs/tables/m5_eta_phase_dae_simpson_k4_interface_polish_98p125_N164.md | outputs/tables/m5_eta_phase_dae_simpson_k8_flowextend_fromk4_98p125_N164.md | outputs/tables/m5_eta_phase_dae_simpson_state_halo8_k4_fromtrap_n500_98p125_N164.md | outputs/tables/m5_eta_phase_dae_simpson_state_halo8_k4_pass2_balanced_98p125_N164.md | outputs/tables/m5_eta_phase_dae_simpson_state_halo8_k8_fromk4_98p125_N164.md | outputs/tables/m5_eta_reduced_broad_98p125_from98p15625_N164.md | outputs/tables/m5_eta_reduced_ladder_98p149_to98p125_N164.md | outputs/tables/m5_eta_reduced_ladder_98p154_to98p150_N164.md | outputs/tables/m5_eta_reduced_small_steps_from98p15625_N164.md | outputs/tables/m5_eta_smallstep_freezeaux_eval_massview_N164.md | outputs/tables/m5_eta_smallstep_freezeaux_scout_N164.md | outputs/tables/m5_eta_smallstep_tangent_eval_massview_N164.md | outputs/tables/m5_eta_smallstep_tangent_eval_massview_reg1em5_N164.md | outputs/tables/m5_eta_smallstep_tangent_innerrelax_eval_N164.md | outputs/tables/m5_eta_source_element_colscaled_local_from_nfev80_98p125_N164.md | outputs/tables/m5_eta_source_element_colscaled_local_pass2_98p125_N164.md | outputs/tables/m5_eta_source_element_fprime_corehalo8_audit_local_nfev80_98p125_N164.md | outputs/tables/m5_eta_source_element_fprime_corehalo8_audit_seed_98p125_N164.md | outputs/tables/m5_eta_source_element_fprime_corehalo8_eval_98p125_N164.md | outputs/tables/m5_eta_source_element_fprime_corehalo8_local_mass100_fmid10_fprime10_noprior_nfev120_98p125_N164.md | outputs/tables/m5_eta_source_element_fprime_corehalo8_local_nfev80_98p125_N164.md | outputs/tables/m5_eta_source_element_lobatto_scaling_audit_local_nfev80_98p125_N164.md | outputs/tables/m5_eta_source_element_lobatto_scaling_audit_seed_98p125_N164.md | outputs/tables/m5_eta_source_element_scaled_local_from_nfev80_98p125_N164.md | outputs/tables/m5_eta_source_element_scaled_local_minrow0p1_from_nfev80_98p125_N164.md | outputs/tables/m5_eta_sourceband_global_linear_cap72_from_alt_98p15625_N164.md | outputs/tables/m5_eta_sourceband_global_linear_guards_cap72_from_alt_98p15625_N164.md | outputs/tables/m5_eta_sourceband_global_linear_priority_aux_cap120_from_alt_98p15625_N164.md | outputs/tables/m5_eta_sourceband_global_linear_priority_cap72_from_alt_98p15625_N164.md | outputs/tables/m5_eta_sourceband_reduced_nonlinear8_98p125_from98p15625_N164.md | outputs/tables/m5_eta_sourceband_reduced_nonlinear8_cap72_from_alt_98p15625_N164.md | outputs/tables/m5_eta_tangent_reduced_98p125_from98p15625_N164.md | outputs/tables/m5_eta_two_pass_sonic12_98p21875_N164.md | outputs/tables/m5_eta_two_pass_sonic12_98p4375_N164.md | outputs/tables/m5_eta_two_pass_sonic12_anchor1em3_98p21875_N164.md | outputs/tables/m5_eta_two_pass_sonic12_from98p21875_to98_N164.md | outputs/tables/m5_eta_two_pass_sonic12_from98p4375_N164.md | outputs/tables/m5_eta_two_pass_sonic12_halfstep_from98p1875_N164.md | outputs/tables/m5_eta_two_pass_sonic12_halfstep_from98p21875_N164.md | outputs/tables/m5_eta_two_pass_sonic12_halfstep_from98p25_N164.md | outputs/tables/m5_eta_two_pass_sonic12_inner_mass_98p21875_N164.md | outputs/tables/m5_eta_two_pass_sonic12_micro_from98p171875_N164.md | outputs/tables/m5_eta_two_pass_sonic12_prepass12_98p21875_N164.md | outputs/tables/m5_eta_two_pass_sonic15_inner_mass_98p21875_N164.md | outputs/tables/m5_local_mdot_eta100_N160_to_N164_grid_homotopy_auto_block_seed.md | outputs/tables/m5_local_mdot_eta100_N160_to_N164_grid_homotopy_block_seed.md | outputs/tables/m5_local_mdot_eta100_N160_to_N164_grid_homotopy_seed.md | outputs/tables/m5_local_mdot_eta100_N164_global_localjac_from_3p15em3.md | outputs/tables/m5_local_mdot_eta100_N164_global_localjac_innerweight20.md | outputs/tables/m5_local_mdot_eta100_N164_global_localjac_resume_strict.md | outputs/tables/m5_local_mdot_eta100_N164_massblock_q12_a0p01.md | outputs/tables/m5_local_mdot_eta100_N164_massblock_q12_a0p1.md | outputs/tables/m5_local_mdot_eta100_N164_massblock_q12_a0p1_pass2.md | outputs/tables/m5_local_mdot_eta100_N164_massblock_q18_a0p1_pass2.md | outputs/tables/m5_local_mdot_eta100_N164_massblock_q24_a0p1_pass3.md | outputs/tables/m5_local_mdot_eta100_N164_massblock_q8_a0p1.md | outputs/tables/m5_local_mdot_eta100_N164_reduced_band_15_320_pass3_a0p1.md | outputs/tables/m5_local_mdot_eta100_N164_reduced_band_25_320_from_70_320.md | outputs/tables/m5_local_mdot_eta100_N164_reduced_band_25_320_pass2.md | outputs/tables/m5_local_mdot_eta100_N164_reduced_band_25_320_pass3_a0p03.md | outputs/tables/m5_local_mdot_eta100_N164_reduced_band_40_320_from_70_320.md | outputs/tables/m5_local_mdot_eta100_N164_reduced_band_60_270_from_pass3.md | outputs/tables/m5_local_mdot_eta100_N164_reduced_band_70_320_from_pass3.md | outputs/tables/m5_local_mdot_eta100_N164_reduced_band_80_300_a0p03.md | outputs/tables/m5_local_mdot_eta100_N164_reduced_band_80_300_a0p1.md | outputs/tables/m5_local_mdot_eta100_N164_reduced_band_80_300_a0p1_pass2.md | outputs/tables/m5_local_mdot_eta100_N164_reduced_band_90_270_a0p03.md | outputs/tables/m5_local_mdot_eta100_N164_reduced_band_90_270_a0p1.md | outputs/tables/m5_local_mdot_eta100_N164_reduced_band_90_270_a0p1_globals.md | outputs/tables/m5_local_mdot_eta100_N164_reduced_band_90_270_a0p1_pass2.md | outputs/tables/m5_local_mdot_eta100_N164_reduced_band_90_270_a0p1_pass3.md | outputs/tables/m5_local_mdot_eta100_N164_to_N168_direct_seed.md | outputs/tables/m5_local_mdot_eta100_N164_to_N168_grid_homotopy_seed.md | outputs/tables/m5_local_mdot_eta100_N168_global_localjac_from_N164_direct_seed.md | outputs/tables/m5_local_mdot_eta100_N168_splitdiff_seed_audit.md | outputs/tables/m5_local_mdot_eta100_block_q2_a1em2.md | outputs/tables/m5_local_mdot_eta100_block_q3_a1em2_n20.md | outputs/tables/m5_local_mdot_eta100_block_q3_a1em2_relaxed_seed.md | outputs/tables/m5_local_mdot_eta100_block_q4_a1_n20.md | outputs/tables/m5_local_mdot_eta100_block_q4_a1_relaxed_seed.md | outputs/tables/m5_local_mdot_eta100_block_q4_a1em1_n20.md | outputs/tables/m5_local_mdot_eta100_block_q4_a1em2.md | outputs/tables/m5_local_mdot_eta100_block_q4_relaxed_then_global.md | outputs/tables/m5_local_mdot_eta100_block_q5_a1_relaxed_seed.md | outputs/tables/m5_local_mdot_eta100_block_q6_a1_relaxed_seed.md | outputs/tables/m5_local_mdot_eta100_block_q6_global_restart.md | outputs/tables/m5_local_mdot_eta100_block_q6_relaxed_then_global.md | outputs/tables/m5_local_mdot_eta100_block_q6_second_block_seed.md | outputs/tables/m5_local_mdot_eta100_block_q6_strict_final_audit.md | outputs/tables/m5_local_mdot_eta100_cert_N140_seed_from_N160_polished.md | outputs/tables/m5_local_mdot_eta100_cert_N140_seed_from_strict.md | outputs/tables/m5_local_mdot_eta100_cert_N140_state_defect_from_strict.md | outputs/tables/m5_local_mdot_eta100_cert_N140_state_defect_v2_from_strict.md | outputs/tables/m5_local_mdot_eta100_cert_N160_global_polish_from_seed.md | outputs/tables/m5_local_mdot_eta100_cert_N160_nested_state_defect_from_strict.md | outputs/tables/m5_local_mdot_eta100_cert_N160_nested_state_defect_v2_from_strict.md | outputs/tables/m5_local_mdot_eta100_cert_N160_seed_from_strict.md | outputs/tables/m5_local_mdot_eta100_cert_N160_state_defect_scan_d001_s2_noouter.md | outputs/tables/m5_local_mdot_eta100_cert_N160_state_defect_scan_d002_s1_noouter.md | outputs/tables/m5_local_mdot_eta100_cert_N160_state_defect_scan_d005_s1_noouter.md | outputs/tables/m5_local_mdot_eta100_cert_N164_block2_seed_from_N160.md | outputs/tables/m5_local_mdot_eta100_cert_N164_block_seed_from_N160.md | outputs/tables/m5_local_mdot_eta100_cert_N164_seed_from_N160_polished.md | outputs/tables/m5_local_mdot_eta100_cert_N164_state_seed_from_N160_polished.md | outputs/tables/m5_local_mdot_eta100_cert_N168_nested_state_defect_from_strict.md | outputs/tables/m5_local_mdot_eta100_cert_N168_nested_state_defect_v2_from_strict.md | outputs/tables/m5_local_mdot_eta100_cert_N168_seed_from_N160_polished.md | outputs/tables/m5_local_mdot_eta100_cert_N168_seed_from_strict.md | outputs/tables/m5_local_mdot_eta100_compact_cert_N160.md | outputs/tables/m5_local_mdot_eta100_compact_cert_N164.md | outputs/tables/m5_local_mdot_eta100_compact_cert_N168.md | outputs/tables/m5_local_mdot_eta100_floor_audit_N152_current.md | outputs/tables/m5_local_mdot_eta100_floor_audit_N160_outer_peak_nodes.md | outputs/tables/m5_local_mdot_eta100_floor_audit_N160_peak_node_only.md | outputs/tables/m5_local_mdot_eta100_floor_audit_N160_transition_nodes.md | outputs/tables/m5_local_mdot_eta100_floor_audit_N160_transition_primary_only.md | outputs/tables/m5_local_mdot_eta100_source_element_consistency_audit_N164.md | outputs/tables/m5_local_mdot_eta100_to_eta90_N168_localjac_scout.md | outputs/tables/m5_local_mdot_eta90_N168_localjac_innerweight20.md | outputs/tables/m5_local_mdot_eta90_N168_localjac_innerweight20_radial_audit.md | outputs/tables/m5_local_mdot_eta90_N168_sourceband_extra_rectjac_massw10_resume.md | outputs/tables/m5_local_mdot_eta90_N168_sourceband_extra_residual_remesh_seed.md | outputs/tables/m5_local_mdot_eta90_N168_sourceband_extra_seed_audit.md | outputs/tables/m5_local_mdot_eta90_N168_sourceband_extra_sparse_rectjac_probe.md | outputs/tables/m5_local_mdot_eta90_N168_splitdiff_global_localjac_probe.md | outputs/tables/m5_local_mdot_eta90_N168_splitdiff_seed_audit.md | outputs/tables/m5_local_mdot_eta90_N168_splitdiff_source_band_correct.md | outputs/tables/m5_local_mdot_eta90_N168_splitrms_global_localjac_probe.md | outputs/tables/m5_local_mdot_eta90_N168_splitrms_global_localjac_resume.md | outputs/tables/m5_local_mdot_eta90_N168_splitrms_seed_audit.md | outputs/tables/m5_local_mdot_eta90_N200_nested_splitrms_from_splitrms_seed.md | outputs/tables/m5_local_mdot_eta90_N200_sourceband_extra_nested_from_massw10_seed.md | outputs/tables/m5_local_mdot_eta90_N200_sourceband_extra_nested_from_midpoint_seed.md | outputs/tables/m5_local_mdot_eta90_N200_splitrms_global_localjac_probe.md | outputs/tables/m5_local_mdot_eta90_N200_transition_aligned_splitdiff_seed.md | outputs/tables/m5_local_mdot_eta90_N200_transition_aligned_splitrms_from_splitrms_seed.md | outputs/tables/m5_local_mdot_eta90_N240_nested_splitrms_from_N200_seed.md | outputs/tables/m5_local_mdot_eta90_Nsrc32_source_domain_halo4_global.md | outputs/tables/m5_local_mdot_eta90_Nsrc32_source_domain_qm_edges_seed.md | outputs/tables/m5_local_mdot_eta90_Nsrc32_source_domain_qm_halo2_seed.md | outputs/tables/m5_local_mdot_eta90_Nsrc32_source_domain_qm_halo4_edges_seed.md | outputs/tables/m5_local_mdot_eta90_Nsrc32_source_domain_qm_halo4_seed.md | outputs/tables/m5_local_mdot_eta90_Nsrc32_source_domain_qm_halo8_seed.md | outputs/tables/m5_local_mdot_eta90_Nsrc32_source_domain_qm_seed.md | outputs/tables/m5_local_mdot_eta90_micro_Nsrc16_bandfv_global.md | outputs/tables/m5_local_mdot_eta90_micro_Nsrc16_bandfv_seed.md | outputs/tables/m5_local_mdot_eta90_micro_Nsrc16_global_midfv.md | outputs/tables/m5_local_mdot_eta90_micro_Nsrc16_seed.md | outputs/tables/m5_local_mdot_eta90_micro_Nsrc16_seed_v2.md | outputs/tables/m5_local_mdot_eta90_micro_Nsrc16_seed_v3.md | outputs/tables/m5_local_mdot_eta90_micro_Nsrc32_bandfv_global.md | outputs/tables/m5_local_mdot_eta90_micro_Nsrc32_bandfv_seed.md | outputs/tables/m5_local_mdot_eta90_micro_Nsrc64_bandfv_seed.md | outputs/tables/m5_local_mdot_eta90_source_buffer_mid_edges_from_halo4_seed_eta90.md | outputs/tables/m5_local_mdot_eta90_source_buffer_mid_exactmass_from_halo4_seed_eta90.md | outputs/tables/m5_local_mdot_eta90_source_buffer_mid_from_halo4_seed.md | outputs/tables/m5_local_mdot_eta90_source_buffer_mid_from_halo4_seed_eta90.md | outputs/tables/m5_local_mdot_eta90_source_buffer_qm_midmass_from_halo4_seed_eta90.md | outputs/tables/m5_local_mdot_eta90_source_element_consistency_audit_N201.md | outputs/tables/m5_local_mdot_eta90_source_element_consistency_audit_N251.md | outputs/tables/m5_local_mdot_eta90_source_element_ls_poly_pilot_N201.md | outputs/tables/m5_local_mdot_eta90_source_element_ls_poly_relaxed_N251.md | outputs/tables/m5_local_mdot_eta90_source_element_ls_poly_strict_N201.md | outputs/tables/m5_local_mdot_eta90_source_element_ls_poly_strict_N251.md | outputs/tables/m5_local_mdot_eta90_source_element_refine2_block_domain_buffer_eta90.md | outputs/tables/m5_local_mdot_eta90_source_element_refine2_block_domain_buffer_tiebreak_eta90.md | outputs/tables/m5_local_mdot_eta90_source_element_refine2_blockmass_eta90.md | outputs/tables/m5_local_mdot_eta90_source_element_refine2_blockmass_relaxed_eta90.md | outputs/tables/m5_local_mdot_eta90_source_element_refine2_blockmass_then_domain_eta90.md | outputs/tables/m5_local_mdot_eta90_source_element_refine2_buffer_eta90.md | outputs/tables/m5_local_mdot_eta90_source_element_refine2_domain_eta90.md | outputs/tables/m5_local_mdot_eta90_source_element_refine2_global_domain2_eta90.md | outputs/tables/m5_local_mdot_eta90_source_element_refine2_global_domain3_eta90.md | outputs/tables/m5_local_mdot_eta90_source_element_refine2_global_sparse_from_tiebreak_eta90.md | outputs/tables/m5_local_mdot_eta90_source_element_refine2_global_then_domain_eta90.md | outputs/tables/m5_local_mdot_eta90_source_element_refine2_massseed_eta90.md | outputs/tables/m5_local_mdot_eta90_source_element_refine2_massseed_simpson_eta90.md | outputs/tables/m5_local_mdot_eta90_source_element_refine2_seed_eta90.md | outputs/tables/m5_local_mdot_eta95_N168_localjac_innerweight20.md | outputs/tables/m5_local_mdot_eta95_N168_localjac_innerweight20_radial_audit.md | outputs/tables/m5_local_mdot_eta_audit_N152_closure_entropy_slope.md | outputs/tables/m5_local_mdot_eta_audit_N152_closure_full_slope.md | outputs/tables/m5_local_mdot_eta_audit_N152_closure_local_energy.md | outputs/tables/m5_local_mdot_eta_audit_N152_closure_robin_chi0p5.md | outputs/tables/m5_local_mdot_eta_audit_N152_integrated_physE_polish_back_differential.md | outputs/tables/m5_local_mdot_eta_audit_N152_seed_conservative_physE_invsqrtdx.md | outputs/tables/m5_local_mdot_eta_audit_N152_seed_conservative_physE_none.md | outputs/tables/m5_local_mdot_eta_audit_N152_seed_differential.md | outputs/tables/m5_local_mdot_eta_audit_N152_seed_integrated_invsqrtdx.md | outputs/tables/m5_local_mdot_eta_audit_N152_seed_integrated_none.md | outputs/tables/m5_local_mdot_eta_audit_N152_seed_integrated_physE_invsqrtdx.md | outputs/tables/m5_local_mdot_eta_audit_N152_seed_integrated_physE_none.md | outputs/tables/m5_local_mdot_eta_continuation_zeta0p03_N128_strict_eta100_massode_picard.md | outputs/tables/m5_local_mdot_eta_continuation_zeta0p03_N136_strict_eta100_nested_defect_R100_320_picard.md | outputs/tables/m5_local_mdot_eta_continuation_zeta0p03_N136_strict_eta100_nested_defect_nopicard.md | outputs/tables/m5_local_mdot_eta_continuation_zeta0p03_N136_strict_eta100_nested_defect_picard.md | outputs/tables/m5_local_mdot_eta_continuation_zeta0p03_N140_strict_eta100_nested_defect_R100_320_picard.md | outputs/tables/m5_local_mdot_eta_continuation_zeta0p03_N152_strict_eta100_nested_defect_R100_320_picard.md | outputs/tables/m5_local_mdot_eta_continuation_zeta0p03_N64_strict_eta100.md | outputs/tables/m5_local_mdot_eta_continuation_zeta0p03_N96.md | outputs/tables/m5_local_mdot_eta_continuation_zeta0p03_N96_strict_eta100.md | outputs/tables/m5_local_mdot_eta_continuation_zeta0p03_N96_strict_eta100_picard.md | outputs/tables/m5_local_mdot_eta_continuation_zeta0p03_N96_strict_eta100_picard2.md | outputs/tables/m5_local_mdot_eta_continuation_zeta0p03_N96_strict_eta100_resume.md | outputs/tables/m5_local_mdot_eta_continuation_zeta0p03_N96_strict_eta100_resume2.md | outputs/tables/m5_local_mdot_eta_continuation_zeta0p03_N96_strict_eta95_90_picard2.md | outputs/tables/m5_local_mdot_eta_outer_relax_N152_R270_310_radial_anchor1_seed.md | outputs/tables/m5_local_mdot_eta_outer_relax_N152_R280_305_both_anchor1_seed.md | outputs/tables/m5_local_mdot_eta_outer_relax_N152_R280_305_radial_anchor1_seed.md | outputs/tables/m5_local_mdot_eta_polish_N152_integrated_physE.md | outputs/tables/m5_local_mdot_eta_polish_N152_integrated_physE_then_differential.md | outputs/tables/m5_local_mdot_eta_polish_N152_integrated_physE_then_differential_resume.md | outputs/tables/m5_local_mdot_eta_seed_audit_N128_fromN96.md | outputs/tables/m5_local_mdot_eta_seed_audit_N128_fromN96_massode.md | outputs/tables/m5_local_mdot_eta_seed_audit_N128_fromN96_pchip.md | outputs/tables/m5_local_mdot_eta_seed_audit_N128_raw_bridge.md | outputs/tables/m5_local_mdot_eta_seedonly_N128_resremesh_s1_b03_defect.md | outputs/tables/m5_local_mdot_eta_seedonly_N128_resremesh_s1_b03_massode.md | outputs/tables/m5_local_mdot_eta_seedonly_N128_resremesh_s1_b03_massode_restored.md | outputs/tables/m5_local_mdot_eta_seedonly_N128_samegrid_eta100.md | outputs/tables/m5_local_mdot_eta_seedonly_N136_fromN128_nested_defect.md | outputs/tables/m5_local_mdot_eta_seedonly_N136_fromN128_nested_defect_R100_320.md | outputs/tables/m5_local_mdot_eta_seedonly_N136_fromN128_nested_defect_R180_320.md | outputs/tables/m5_local_mdot_eta_seedonly_N136_fromN128_nested_defect_R250_340.md | outputs/tables/m5_local_mdot_eta_seedonly_N136_nested_defect_innerrelax8.md | outputs/tables/m5_local_mdot_eta_seedonly_N136_nested_defect_innerrelax8_anchor0p1.md | outputs/tables/m5_local_mdot_eta_seedonly_N136_nested_defect_innerrelax8_anchor1.md | outputs/tables/m5_local_mdot_eta_seedonly_N136_nested_defect_innerrelax8_yonly.md | outputs/tables/m5_local_mdot_eta_seedonly_N136_nested_defect_integrated_invsqrtdx.md | outputs/tables/m5_local_mdot_eta_seedonly_N136_nested_defect_integrated_none.md | outputs/tables/m5_local_mdot_eta_seedonly_N140_fromN136_R100_320.md | outputs/tables/m5_local_mdot_eta_seedonly_N140_fromN136_R260_310.md | outputs/tables/m5_local_mdot_eta_seedonly_N140_fromN136_R270_300.md | outputs/tables/m5_local_mdot_eta_seedonly_N140_fromN136_R280_295.md | outputs/tables/m5_local_mdot_eta_seedonly_N144_fromN128_nested_defect.md | outputs/tables/m5_local_mdot_eta_seedonly_N144_fromN140_R100_320.md | outputs/tables/m5_local_mdot_eta_seedonly_N148_fromN140_R100_320.md | outputs/tables/m5_local_mdot_eta_seedonly_N152_fromN140_R100_320.md | outputs/tables/m5_local_mdot_eta_seedonly_N160_fromN128_R100_320.md | outputs/tables/m5_local_mdot_eta_seedonly_N160_fromN128_defect.md | outputs/tables/m5_local_mdot_eta_seedonly_N160_fromN128_massode.md | outputs/tables/m5_local_mdot_eta_seedonly_N160_fromN128_massode_restored.md | outputs/tables/m5_local_mdot_eta_seedonly_N160_fromN128_nested_defect.md | outputs/tables/m5_local_mdot_eta_seedonly_N160_fromN128_nested_massode.md | outputs/tables/m5_local_mdot_eta_seedonly_N160_fromN136_R100_320.md | outputs/tables/m5_local_mdot_eta_seedonly_N160_fromN152_R100_320.md | outputs/tables/m5_local_mdot_eta_seedonly_N168_fromN152_R100_320.md | outputs/tables/m5_local_mdot_eta_seedonly_N176_fromN152_R100_320.md | outputs/tables/m5_local_mdot_eta_seedonly_N192_fromN136_R100_320.md | outputs/tables/m5_local_mdot_eta_seedonly_N255_fromN128_nested_defect.md | outputs/tables/m5_local_mdot_eta_seedonly_N255_fromN128_nested_massode.md | outputs/tables/m5_source_band_eta90_freezeaux_eval_N164.md | outputs/tables/m5_source_band_eta90_freezeaux_polish8_N164.md | outputs/tables/m5_source_band_eta95_freezeaux_eval_N164.md | outputs/tables/m5_source_band_eta95_freezeaux_polish8_N164.md | outputs/tables/m5_source_band_eta95_fullaug_polish5_N164.md | outputs/tables/m5_source_band_eta95_masspredict_damp01_eval_N164.md | outputs/tables/m5_source_band_eta95_masspredict_eval_N164.md | outputs/tables/m5_source_band_eta99_freezeaux_eval_N164.md | outputs/tables/m5_source_band_eta99_freezeaux_polish16_N164.md | outputs/tables/m5_source_band_eta99_freezeaux_polish8_N164.md | outputs/tables/m5_source_band_freezeaux_eval_eta100_N164.md | outputs/tables/m5_source_band_freezeaux_polish16_eta100_N164.md | outputs/tables/m5_source_band_freezeaux_polish8_eta100_N164.md | outputs/tables/m5_source_band_fv_mass_correct_allanchor1em1_eta100_N164.md | outputs/tables/m5_source_band_fv_mass_correct_allanchor1em2_eta100_N164.md | outputs/tables/m5_source_band_fv_mass_correct_eta100_N164.md | outputs/tables/m5_source_band_fv_mass_correct_linesearch16_eta100_N164.md | outputs/tables/m5_source_band_global_after_masscorrect_forced3_eta100_N164.md | outputs/tables/m5_source_band_global_replace_eval_eta100_N164.md | outputs/tables/m5_source_band_global_replace_forced3_eta100_N164.md | outputs/tables/m5_source_band_global_replace_skipaccepted_eta100_N164.md | outputs/tables/m5_source_band_hs_core_lstsq_mid_eta100_N164.md | outputs/tables/m5_source_band_hs_core_profile_mid_eta100_N164.md | outputs/tables/m5_source_band_hs_endpoint_smoke_eta100_N164.md | outputs/tables/m5_source_band_hs_endpoint_smoke_halo32_eta100_N164.md | outputs/tables/m5_source_band_hs_endpoint_trust1em2_eta100_N164.md | outputs/tables/m5_source_band_hs_endpoint_trust1em3_eta100_N164.md | outputs/tables/m5_source_band_hs_endpoint_trust1em4_eta100_N164.md | outputs/tables/m5_source_band_hs_endpoint_trust3em2_eta100_N164.md | outputs/tables/m5_source_band_hs_endpoint_trust3em3_eta100_N164.md | outputs/tables/m5_source_band_hs_endpoint_trust3em4_eta100_N164.md | outputs/tables/m5_source_band_hs_halo32_lstsq_mid_eta100_N164.md | outputs/tables/m5_source_band_hs_oldsrc_smoke_eta100_N164.md | outputs/tables/m5_source_band_hs_oldsrc_stage1em2_eta100_N164.md | outputs/tables/m5_source_band_hs_oldsrc_stage1em3_eta100_N164.md | outputs/tables/m5_source_band_hs_oldsrc_stage3em3_eta100_N164.md | outputs/tables/m5_source_band_hs_oldsrc_stage_polish5em3_eta100_N164.md | outputs/tables/m5_source_band_hs_oldsrc_w0_eta100_N164.md | outputs/tables/m5_source_band_hs_oldsrc_w1em2_eta100_N164.md | outputs/tables/m5_source_band_hs_oldsrc_w1em3_eta100_N164.md | outputs/tables/m5_source_band_hs_oldsrc_w1em4_eta100_N164.md | outputs/tables/m5_source_band_hs_oldsrc_w1em5_aux_eta100_N164.md | outputs/tables/m5_source_band_hs_oldsrc_w1em5_eta100_N164.md | outputs/tables/m5_source_band_hs_oldsrc_w1em5_fast_eta100_N164.md | outputs/tables/m5_source_band_hs_oldsrc_w1em6_eta100_N164.md | outputs/tables/m5_source_band_hs_oldsrc_w3em5_eta100_N164.md | outputs/tables/m5_source_band_hs_oldsrc_w3em6_eta100_N164.md | outputs/tables/m5_source_band_hs_plusbuffer_lstsq_mid_eta100_N164.md | outputs/tables/m5_source_band_hs_plusbuffer_lstsq_mid_prior0_eta100_N164.md | outputs/tables/m5_source_band_hs_plusbuffer_lstsq_mid_prior1em6_compat10_eta100_N164.md | outputs/tables/m5_source_band_hs_plusbuffer_lstsq_mid_prior1em6_eta100_N164.md | outputs/tables/m5_source_band_hs_plusbuffer_lstsq_mid_prior1em6_ode10_eta100_N164.md | outputs/tables/m5_source_band_hs_plusbuffer_midpoint_solve_allpoints_eta100_N164.md | outputs/tables/m5_source_band_hs_plusbuffer_midpoint_solve_compat1_eta100_N164.md | outputs/tables/m5_source_band_hs_plusbuffer_midpoint_solve_compat2_eta100_N164.md | outputs/tables/m5_source_band_hs_plusbuffer_midpoint_solve_compat3_eta100_N164.md | outputs/tables/m5_source_band_hs_plusbuffer_midpoint_solve_compat5_eta100_N164.md | outputs/tables/m5_source_band_hs_plusbuffer_midpoint_solve_eta100_N164.md | outputs/tables/m5_source_band_hs_plusbuffer_midpoint_solve_nfev120_eta100_N164.md | outputs/tables/m5_source_band_hs_plusbuffer_midpoint_solve_trust05_eta100_N164.md | outputs/tables/m5_source_band_mass_increment_eval_endpoint_eta100_N164.md | outputs/tables/m5_source_band_mass_increment_eval_integral_eta100_N164.md | outputs/tables/m5_source_band_mass_increment_floor_audit_eta100_N164.md | outputs/tables/m5_source_band_mass_increment_global_forced5_eta100_N164.md | outputs/tables/m5_source_band_mass_increment_local_forced20_eta100_N164.md | outputs/tables/m5_source_band_production_replace_eval_from_hs_w1em5_eta100_N164.md | outputs/tables/m5_source_band_production_replace_eval_hsseed_eta100_N164.md | outputs/tables/m5_source_band_production_replace_eval_hsseed_midpoint_eta100_N164.md | outputs/tables/m5_source_band_production_replace_midpoint_persist_eta100_N164.md | outputs/tables/m5_source_band_production_replace_midpoint_pilot20_eta100_N164.md | outputs/tables/m5_source_band_production_replace_midpoint_seedonly20_eta100_N164.md | outputs/tables/m5_source_band_production_replace_midpoint_seedonly20_halo32_eta100_N164.md | outputs/tables/m5_source_band_production_replace_reload_eval_eta100_N164.md | outputs/tables/m5_source_band_replacement_chi015_eta100_N164.md | outputs/tables/m5_source_band_replacement_chi0175_eta100_N164.md | outputs/tables/m5_source_band_replacement_chi020_eta100_N164.md | outputs/tables/m5_source_band_replacement_chi025_eta100_N164.md | outputs/tables/m5_source_band_replacement_chi040_eta100_N164.md | outputs/tables/m5_source_band_replacement_chi050_eta100_N164.md | outputs/tables/m5_source_band_replacement_chi050_impl0005_eta100_N164.md | outputs/tables/m5_source_band_replacement_chi050_impl0005_relaxed_eta100_N164.md | outputs/tables/m5_source_band_replacement_chi060_eta100_N164.md | outputs/tables/m5_source_band_replacement_chi065_eta100_N164.md | outputs/tables/m5_source_band_replacement_chi070_eta100_N164.md | outputs/tables/m5_source_band_replacement_smoke_chi015_eta100_N164.md | outputs/tables/m5_source_band_replacement_twolayer_chi070_eta100_N164.md | outputs/tables/m5_source_band_replacement_twolayer_halo8_chi070_eta100_N164.md | outputs/tables/m5_source_band_replacement_twolayer_halo8_noedges_chi050_impl0005_eta100_N164.md | outputs/tables/m5_source_band_replacement_twolayer_halo8_noedges_chi060_eta100_N164.md | outputs/tables/m5_source_band_replacement_twolayer_halo8_noedges_chi070_eta100_N164.md | outputs/tables/m5_source_band_rowblend_halo8_chi055_eta100_N164.md | outputs/tables/m5_source_band_rowblend_halo8_chi060_eta100_N164.md | outputs/tables/m5_source_band_rowreplace_halo16_mass_eta100_N164.md | outputs/tables/m5_source_band_rowreplace_halo24_mass_eta100_N164.md | outputs/tables/m5_source_band_rowreplace_halo32_impl_diag_chi0p0001_blend001_eta100_N164.md | outputs/tables/m5_source_band_rowreplace_halo32_impl_diag_chi0p0001_blend01_eta100_N164.md | outputs/tables/m5_source_band_rowreplace_halo32_impl_diag_chi0p0001_blend1_eta100_N164.md | outputs/tables/m5_source_band_rowreplace_halo32_impl_diag_chi0p0001_eta100_N164.md | outputs/tables/m5_source_band_rowreplace_halo32_impl_diag_chi0p0001_lstsq_seed_eta100_N164.md | outputs/tables/m5_source_band_rowreplace_halo32_impl_diag_chi0p0001_ode_seed_eta100_N164.md | outputs/tables/m5_source_band_rowreplace_halo32_impl_diag_chi0p0003_eta100_N164.md | outputs/tables/m5_source_band_rowreplace_halo32_impl_diag_chi0p0003_ode_seed_eta100_N164.md | outputs/tables/m5_source_band_rowreplace_halo32_impl_diag_chi0p001_eta100_N164.md | outputs/tables/m5_source_band_rowreplace_halo32_impl_diag_chi0p001_ode_seed_eta100_N164.md | outputs/tables/m5_source_band_rowreplace_halo32_mass_eta100_N164.md | outputs/tables/m5_source_band_rowreplace_halo8_from_halo32_impl0001_eta100_N164.md | outputs/tables/m5_source_band_rowreplace_halo8_mass_eta100_N164.md | outputs/tables/m5_source_element_identity_nowind_nosource_R220_260_N640.md | outputs/tables/m5_source_element_identity_weak_source_fs005_R220_260_N640.md | outputs/tables/m5_source_element_weak_source_polish_fs0005_R220_260_N164.md | outputs/tables/m5_source_element_weak_source_polish_fs0010_R220_260_N164.md | outputs/tables/m5_source_interface_energy_audit_eta100_N164_seed.md | outputs/tables/m5_source_interface_energy_audit_eta90_N201_seed_fvmass.md | outputs/tables/m5_source_interface_energy_rows_eta100_N164_gamma1_seed.md | outputs/tables/m5_source_interface_hs_energy_rows_eta100_N164_seed.md | outputs/tables/m5_source_interface_massonly_eta100_N164_seed.md | outputs/tables/m5_source_interface_massonly_eta90_N201_seed.md | outputs/tables/m5_source_interface_massonly_eta90_N201_seed_fvmass.md | outputs/tables/m5_source_interface_massonly_eta90_N201_seed_nativeparams.md | outputs/tables/m5_source_interface_massonly_weak_source_fs0010_N164_seed.md | outputs/tables/m5_source_interface_reconcile_eta100_N164_seed.md | outputs/tables/m5_source_interface_reconcile_eta90_N201_seed_fvmass.md | outputs/tables/m5_source_interface_weak_source_fs0010_N164_seed.md | outputs/tables/m5_source_plus_buffer_eta100_N164_bandonly_prodM.md | outputs/tables/m5_source_plus_buffer_eta100_N164_bandonly_prodM_preserve.md | outputs/tables/m5_source_plus_buffer_eta100_N164_bandonly_prodM_strictguard.md | outputs/tables/m5_source_plus_buffer_eta100_N164_bandonly_state0.md | outputs/tables/m5_source_plus_buffer_eta100_N164_prodM_debug.md | outputs/tables/m5_source_plus_buffer_eta100_N164_smoke.md | outputs/tables/m5_source_plus_buffer_identity_eta100_N164_seed.md | outputs/tables/m5_source_plus_buffer_identity_nowind_nosource_R220_260_N640.md | outputs/tables/m5_source_plus_buffer_implicit_pilot12_eta100_N164.md | outputs/tables/m5_source_plus_buffer_implicit_pilot12_prod50_eta100_N164.md | outputs/tables/m5_source_plus_buffer_implicit_probe_eta100_N164.md | outputs/tables/m5_source_plus_buffer_implicit_probe_sparse_eta100_N164.md | outputs/tables/m5_source_plus_buffer_implicit_relaxed_global_polish_eta100_N164.md | outputs/tables/m5_source_plus_buffer_implicit_relaxed_scout2_eta100_N164.md | outputs/tables/m5_source_plus_buffer_implicit_relaxed_scout_eta100_N164.md | outputs/tables/m5_source_plus_buffer_massreplace_chi000_eta100_N164.md | outputs/tables/m5_source_plus_buffer_massreplace_chi005_eta100_N164.md | outputs/tables/m5_source_plus_buffer_massreplace_chi010_eta100_N164.md | outputs/tables/m5_source_plus_buffer_massreplace_chi015_eta100_N164.md | outputs/tables/m5_source_plus_buffer_massreplace_chi020_eta100_N164.md | outputs/tables/m5_source_plus_buffer_massreplace_chi020_from015_eta100_N164.md | outputs/tables/m5_source_plus_buffer_massreplace_chi020_localjac_eta100_N164.md | outputs/tables/m5_source_plus_buffer_production_eta100_N164_bandonly_nfev8.md | outputs/tables/m5_source_plus_buffer_production_eta100_N164_bandonly_smoke1.md,,True,keep_essential,scripts/,Reproduces a canonical/current result.
scripts/run_mdot5_phase_critical_classification.py,1236,PIL | __future__ | dataclasses | imri_qpe | json | math | numpy | os | pathlib | run_mdot5_global_phase_dae_production | run_mdot5_phase_critical_globalization | scipy | sys | typing,run_mdot5_angular_momentum_ledger_audit | run_mdot5_endpoint_validity_audit | run_mdot5_independent_outer_manifold_search,Note/CODEX_IMBH_REPOSITORY_CLEANUP_SPEC_2026-07-10.md,,True,keep_essential,scripts/,Reproduces a canonical/current result.
scripts/run_mdot5_phase_critical_globalization.py,1314,PIL | __future__ | dataclasses | json | math | numpy | os | pathlib | run_mdot5_global_phase_dae_production | scipy | sys | typing,run_mdot5_phase_critical_classification,Note/CODEX_IMBH_REPOSITORY_CLEANUP_SPEC_2026-07-10.md,,True,keep_essential,scripts/,Reproduces a canonical/current result.
scripts/run_mdot5_phase_dae_exit_refinement.py,432,__future__ | json | math | numpy | os | pathlib | re | run_mdot5_global_phase_dae_production | scipy | sys | typing,,Note/CODEX_IMBH_REPOSITORY_CLEANUP_SPEC_2026-07-10.md,,True,keep_essential,scripts/,Reproduces a canonical/current result.
scripts/run_mdot5_powerlaw_mass_wind_pilot.py,673,__future__ | dataclasses | imri_qpe | json | math | numpy | os | pathlib | run_standard_slim_stream_mass_annulus_scan | sys | time | typing,audit_mdot5_powerlaw_mass_wind_seed_residuals,Note/CODEX_MDOT5_MASS_WIND_STATUS_AND_NEXT_PLAN_UPDATED_SHEN2014.md | Note/CODEX_MDOT5_POWERLAW_MASS_WIND_BRIDGE_RESULTS.md | outputs/tables/m5_energy_wind_powerlaw_mass_coupled_adaptive_0p015_to_0p03.md | outputs/tables/m5_energy_wind_powerlaw_mass_coupled_adaptive_0p03_to_0p05.md | outputs/tables/m5_energy_wind_powerlaw_mass_coupled_adaptive_0p05_to_0p10.md | outputs/tables/m5_energy_wind_powerlaw_mass_coupled_pilot.md | outputs/tables/m5_energy_wind_powerlaw_mass_coupled_resume_0p003_to_0p01.md | outputs/tables/m5_energy_wind_powerlaw_mass_coupled_resume_0p01_to_0p015.md | outputs/tables/m5_energy_wind_powerlaw_mass_coupled_resume_0p01_to_0p03.md | outputs/tables/m5_energy_wind_powerlaw_mass_coupled_zeta0p03_N640_spotcheck.md | outputs/tables/m5_energy_wind_powerlaw_mass_coupled_zeta0p03_N768_spotcheck.md | outputs/tables/m5_energy_wind_powerlaw_mass_coupled_zeta0p05_N640_spotcheck.md | outputs/tables/m5_energy_wind_powerlaw_mass_coupled_zeta0p05_N768_spotcheck.md | outputs/tables/m5_energy_wind_powerlaw_mass_coupled_zeta0p10_N640_spotcheck.md | outputs/tables/m5_energy_wind_powerlaw_mass_coupled_zeta0p10_N768_spotcheck.md,,False,keep_dependency_pending_refactor,Move reusable helpers to src/ before retirement.,Imported by another tracked runner.
scripts/run_standard_slim_adaptive_mdot_ladder.py,1056,PIL | __future__ | dataclasses | imri_qpe | json | numpy | os | pathlib | run_standard_slim_analytic_seed_audit | run_standard_slim_mdot_injection_ladder | run_standard_slim_mdot_predictor_audit | run_standard_slim_sonic_compatibility_probe | run_standard_slim_sonic_root_injection | time | types | typing,run_standard_slim_adaptive_outer_mesh | run_standard_slim_finite_boundary_homotopy | run_standard_slim_high_mdot_advection_diagnostics | run_standard_slim_high_mdot_checkpoint_certification | run_standard_slim_high_mdot_no_wind_ladder | run_standard_slim_mesh_closure_validation | run_standard_slim_outer_angular_momentum_homotopy | run_standard_slim_outer_boundary_audit | run_standard_slim_outer_thermal_homotopy | run_standard_slim_stream_anchor_regression | run_standard_slim_stream_heating_annulus_scan | run_standard_slim_stream_heating_geometry_scan | run_standard_slim_stream_heating_profile_diagnostics | run_standard_slim_stream_mass_annulus_scan | run_standard_slim_stream_source_strength_scan | run_standard_slim_stream_torque_annulus_scan,Note/CODEX_7A04A41_STANDARD_SLIM_MDOT_CONTINUATION_PLAN.md | Note/CODEX_STANDARD_SLIM_MDOT_EQUILIBRATED_CONTINUATION_RESULTS.md | outputs/tables/high_mdot_finite_Rout300_nowind_m2_to_m3_adaptive.md | outputs/tables/high_mdot_finite_Rout300_nowind_m3_to_m5_adaptive.md | outputs/tables/slim_benchmark_adaptive_mdot_ladder.md | outputs/tables/slim_benchmark_adaptive_mdot_ladder_equilibrated.md | outputs/tables/slim_benchmark_adaptive_mdot_ladder_equilibrated_10pct.md | outputs/tables/slim_benchmark_adaptive_mdot_ladder_equilibrated_5pct.md | outputs/tables/slim_benchmark_adaptive_mdot_ladder_newton_refresh_1e2_tight_forced_polish.md | outputs/tables/slim_benchmark_adaptive_mdot_ladder_newton_refresh_1e4_1e2.md | outputs/tables/slim_benchmark_adaptive_mdot_ladder_newton_refresh_3e4_3e3.md | outputs/tables/slim_benchmark_adaptive_mdot_ladder_pressure_1e2_3e2.md | outputs/tables/slim_benchmark_adaptive_mdot_ladder_pressure_1e4_1e2.md | outputs/tables/slim_benchmark_adaptive_mdot_ladder_pressure_3e2_1e1.md | outputs/tables/slim_benchmark_adaptive_mdot_ladder_pressure_N512_scout_2e1_5e1.md | outputs/tables/slim_benchmark_adaptive_mdot_ladder_pressure_N512_scout_5e1_1.md | outputs/tables/slim_benchmark_adaptive_mdot_ladder_pressure_N512_smallstep_0p916_1.md | outputs/tables/slim_benchmark_adaptive_mdot_ladder_pressure_N512_smallstep_norepolish_0p916_1.md | outputs/tables/slim_benchmark_adaptive_mdot_ladder_pressure_N640_grid060_0p916_1.md | outputs/tables/slim_benchmark_adaptive_mdot_ladder_pressure_adaptiveN_1e1_2e1.md | outputs/tables/slim_benchmark_adaptive_mdot_ladder_pressure_adaptiveN_1p55e1_2e1.md | outputs/tables/slim_benchmark_adaptive_mdot_ladder_secant_3e4_3e3.md | outputs/tables/slim_benchmark_adaptive_mdot_ladder_strict.md | outputs/tables/slim_benchmark_high_mdot_no_wind_ladder_to2.md | outputs/tables/slim_benchmark_high_mdot_no_wind_ladder_to2_scout.md,,False,keep_dependency_pending_refactor,Move reusable helpers to src/ before retirement.,Imported by another tracked runner.
scripts/run_standard_slim_adaptive_outer_mesh.py,520,PIL | __future__ | dataclasses | imri_qpe | json | numpy | os | pathlib | run_standard_slim_adaptive_mdot_ladder | run_standard_slim_analytic_seed_audit | run_standard_slim_mdot_injection_ladder | time | typing,,Note/CODEX_STANDARD_SLIM_MDOT_EQUILIBRATED_CONTINUATION_RESULTS.md | outputs/tables/slim_benchmark_adaptive_outer_mesh_mdot1_scan.md | outputs/tables/slim_benchmark_high_mdot_no_wind_m4_adaptive_outer_mesh.md | outputs/tables/slim_benchmark_high_mdot_no_wind_m5_adaptive_outer_mesh.md | outputs/tables/slim_benchmark_high_mdot_no_wind_m5_adaptive_outer_mesh_N768_spot.md | outputs/tables/slim_benchmark_high_mdot_no_wind_m5_adaptive_outer_mesh_strong.md | outputs/tables/slim_benchmark_outer_entropy_highS_0p01_adaptive_outer_mesh.md | outputs/tables/slim_benchmark_outer_entropy_lowS_m0p005_adaptive_outer_mesh.md,,False,keep_referenced_pending_review,scripts/ or documented replacement,Referenced by documentation or tests.
scripts/run_standard_slim_analytic_seed_audit.py,597,PIL | __future__ | imri_qpe | json | numpy | os | pathlib | scipy | typing,run_standard_slim_adaptive_mdot_ladder | run_standard_slim_adaptive_outer_mesh | run_standard_slim_finite_boundary_homotopy | run_standard_slim_fixed_eigen_profile | run_standard_slim_free_rson_square_pivot | run_standard_slim_high_mdot_advection_diagnostics | run_standard_slim_high_mdot_checkpoint_certification | run_standard_slim_high_mdot_newton_scout | run_standard_slim_mdot_injection_ladder | run_standard_slim_mdot_predictor_audit | run_standard_slim_mdot_residual_profile | run_standard_slim_mesh_closure_validation | run_standard_slim_outer_angular_momentum_homotopy | run_standard_slim_outer_boundary_audit | run_standard_slim_outer_thermal_homotopy | run_standard_slim_rout_injection_ladder | run_standard_slim_sonic_compatibility_probe | run_standard_slim_sonic_root_injection | run_standard_slim_stream_anchor_regression | run_standard_slim_stream_energy_patch_solve | run_standard_slim_stream_grid_homotopy | run_standard_slim_stream_heating_annulus_scan | run_standard_slim_stream_heating_geometry_scan | run_standard_slim_stream_heating_profile_diagnostics | run_standard_slim_stream_interval_profile | run_standard_slim_stream_mass_annulus_scan | run_standard_slim_stream_nested_refinement | run_standard_slim_stream_plateau_autopsy | run_standard_slim_stream_residual_remesh | run_standard_slim_stream_soft_wind_threshold_scan | run_standard_slim_stream_source_strength_scan | run_standard_slim_stream_source_tangent_audit | run_standard_slim_stream_torque_annulus_scan | run_standard_slim_stream_wind_trigger_audit | run_stream_source_sink_bookkeeping_audit,Note/CODEX_5EEBBEE_STANDARD_SLIM_BENCHMARK_FIX_PLAN.md | Note/GPT_REVIEW_PROMPT_MDOT_CONTINUATION.md | outputs/tables/slim_benchmark_analytic_seed_residual_audit.md | outputs/tables/slim_benchmark_formulation_checks.md | outputs/tables/slim_benchmark_residual_profile_mdot1e-3.md,,False,keep_dependency_pending_refactor,Move reusable helpers to src/ before retirement.,Imported by another tracked runner.
scripts/run_standard_slim_benchmark_thin_limit.py,667,PIL | __future__ | dataclasses | imri_qpe | json | numpy | os | pathlib | typing,run_standard_slim_fixed_eigen_profile | run_standard_slim_free_rson_square_pivot,Note/CODEX_5EEBBEE_STANDARD_SLIM_BENCHMARK_FIX_PLAN.md | Note/CODEX_STANDARD_NO_WIND_SLIM_DISK_BENCHMARK_PLAN.md | Note/GPT_REVIEW_PROMPT_STANDARD_SLIM_BENCHMARK.md | outputs/tables/slim_benchmark_thin_limit.md,,False,keep_dependency_pending_refactor,Move reusable helpers to src/ before retirement.,Imported by another tracked runner.
scripts/run_standard_slim_finite_boundary_homotopy.py,485,PIL | __future__ | dataclasses | imri_qpe | json | numpy | os | pathlib | run_standard_slim_adaptive_mdot_ladder | run_standard_slim_analytic_seed_audit | run_standard_slim_mdot_injection_ladder | time,,Note/CODEX_STANDARD_SLIM_MDOT_EQUILIBRATED_CONTINUATION_RESULTS.md | Note/CODEX_STANDARD_SLIM_RECOVERED_NEXT_STRATEGY.md | Note/GPT_PROMPT_STREAM_FRONT_0808.md | outputs/tables/high_mdot_finite_Rout_nowind_bridge_m2.md | outputs/tables/high_mdot_finite_Rout_nowind_bridge_m3.md | outputs/tables/high_mdot_finite_Rout_nowind_bridge_m3_3400_to3200_tiny_refresh.md | outputs/tables/high_mdot_finite_Rout_nowind_bridge_m3_4000_to3000_finer_refresh.md | outputs/tables/high_mdot_finite_Rout_nowind_bridge_m3_5000_to3000_fine.md | outputs/tables/high_mdot_finite_Rout_nowind_bridge_m3_staged.md | outputs/tables/high_mdot_finite_Rout_nowind_bridge_m5_500_to300_fine_refresh.md | outputs/tables/high_mdot_finite_Rout_nowind_bridge_m5_500_to300_refresh.md | outputs/tables/high_mdot_finite_Rout_nowind_bridge_m5_staged.md | outputs/tables/slim_benchmark_finite_boundary_homotopy_mdot1_adaptive_mesh_3000_1000.md | outputs/tables/slim_benchmark_finite_boundary_homotopy_mdot1_adaptive_mesh_7000_3000.md | outputs/tables/slim_benchmark_finite_boundary_homotopy_mdot1_grid060.md | outputs/tables/slim_benchmark_finite_boundary_homotopy_mdot1_grid060_6000_5000_N640.md | outputs/tables/slim_benchmark_finite_boundary_homotopy_mdot1_grid060_7000_5000_staged.md | outputs/tables/slim_benchmark_finite_boundary_homotopy_mdot1_grid060_7000_6000_N640.md | outputs/tables/slim_benchmark_physical_rout_homotopy_mdot1_1000_300.md,,False,keep_referenced_pending_review,scripts/ or documented replacement,Referenced by documentation or tests.
scripts/run_standard_slim_fixed_eigen_profile.py,363,PIL | __future__ | dataclasses | imri_qpe | json | numpy | os | pathlib | run_standard_slim_analytic_seed_audit | run_standard_slim_benchmark_thin_limit | scipy | typing,run_standard_slim_free_rson_square_pivot | run_standard_slim_sonic_compatibility_probe | run_standard_slim_sonic_root_injection,Note/CODEX_5EEBBEE_STANDARD_SLIM_BENCHMARK_FIX_PLAN.md | outputs/tables/slim_benchmark_fixed_eigen_profile.md,,False,keep_dependency_pending_refactor,Move reusable helpers to src/ before retirement.,Imported by another tracked runner.
scripts/run_standard_slim_free_rson_square_pivot.py,458,PIL | __future__ | dataclasses | imri_qpe | json | numpy | os | pathlib | run_standard_slim_analytic_seed_audit | run_standard_slim_benchmark_thin_limit | run_standard_slim_fixed_eigen_profile | scipy,run_standard_slim_sonic_compatibility_probe | run_standard_slim_sonic_root_injection,outputs/tables/slim_benchmark_free_rson_square_pivot.md | outputs/tables/slim_benchmark_free_rson_square_pivot_tight_c1.md,,False,keep_dependency_pending_refactor,Move reusable helpers to src/ before retirement.,Imported by another tracked runner.
scripts/run_standard_slim_high_mdot_advection_diagnostics.py,302,PIL | __future__ | dataclasses | imri_qpe | json | numpy | os | pathlib | run_standard_slim_adaptive_mdot_ladder | run_standard_slim_analytic_seed_audit | run_standard_slim_mdot_injection_ladder | typing,,Note/CODEX_HIGH_MDOT_NOWIND_SPRINT_A_RESULTS.md | Note/CODEX_UPDATED_PLAN_HIGH_MDOT_NOWIND_LIMIT_CYCLE.md | outputs/tables/slim_benchmark_high_mdot_advection_diagnostics.md | outputs/tables/slim_benchmark_high_mdot_no_wind_N640_to5_advection_diagnostics.md | outputs/tables/slim_benchmark_high_mdot_no_wind_certified_to5_advection_diagnostics.md | outputs/tables/slim_benchmark_high_mdot_no_wind_scout_advection_diagnostics.md | outputs/tables/slim_benchmark_high_mdot_no_wind_scout_to3_advection_diagnostics.md,,False,keep_referenced_pending_review,scripts/ or documented replacement,Referenced by documentation or tests.
scripts/run_standard_slim_high_mdot_checkpoint_certification.py,459,PIL | __future__ | dataclasses | imri_qpe | json | numpy | os | pathlib | run_standard_slim_adaptive_mdot_ladder | run_standard_slim_analytic_seed_audit | run_standard_slim_mdot_injection_ladder | time | typing,,Note/CODEX_HIGH_MDOT_NOWIND_SPRINT_A_RESULTS.md | outputs/tables/slim_benchmark_high_mdot_no_wind_certification_m2_N512_C1.md | outputs/tables/slim_benchmark_high_mdot_no_wind_certification_m2_N512_long.md | outputs/tables/slim_benchmark_high_mdot_no_wind_certification_m2_N512_quick.md | outputs/tables/slim_benchmark_high_mdot_no_wind_certification_m2_N640_quick.md | outputs/tables/slim_benchmark_high_mdot_no_wind_certification_m2_N640_refine.md | outputs/tables/slim_benchmark_high_mdot_no_wind_certification_m3_N640_quick.md | outputs/tables/slim_benchmark_high_mdot_no_wind_certification_m3_N640_refine.md,,False,keep_referenced_pending_review,scripts/ or documented replacement,Referenced by documentation or tests.
scripts/run_standard_slim_high_mdot_newton_scout.py,488,PIL | __future__ | dataclasses | imri_qpe | json | numpy | os | pathlib | run_standard_slim_analytic_seed_audit | run_standard_slim_mdot_injection_ladder | run_standard_slim_mdot_predictor_audit | time | typing,,Note/CODEX_HIGH_MDOT_NOWIND_SPRINT_A_RESULTS.md | outputs/tables/slim_benchmark_high_mdot_no_wind_newton_scout.md | outputs/tables/slim_benchmark_high_mdot_no_wind_newton_scout_N512_1p1_to2.md | outputs/tables/slim_benchmark_high_mdot_no_wind_newton_scout_N512_1p1_to2_smallstep.md | outputs/tables/slim_benchmark_high_mdot_no_wind_newton_scout_N512_1p2_to2_relaxed.md | outputs/tables/slim_benchmark_high_mdot_no_wind_newton_scout_N512_1p45_to2_loose.md | outputs/tables/slim_benchmark_high_mdot_no_wind_newton_scout_N512_2_to3_loose.md | outputs/tables/slim_benchmark_high_mdot_no_wind_newton_scout_N512_to1p1.md | outputs/tables/slim_benchmark_high_mdot_no_wind_newton_scout_N640_3_to5.md,,False,keep_referenced_pending_review,scripts/ or documented replacement,Referenced by documentation or tests.
scripts/run_standard_slim_high_mdot_no_wind_ladder.py,60,__future__ | os | run_standard_slim_adaptive_mdot_ladder,,Note/CODEX_HIGH_MDOT_NOWIND_SPRINT_A_RESULTS.md | Note/CODEX_UPDATED_PLAN_HIGH_MDOT_NOWIND_LIMIT_CYCLE.md,,True,keep_essential,scripts/,Reproduces a canonical/current result.
scripts/run_standard_slim_mdot_injection_ladder.py,411,__future__ | imri_qpe | json | numpy | os | pathlib | run_standard_slim_analytic_seed_audit | run_standard_slim_rout_injection_ladder | run_standard_slim_sonic_compatibility_probe | run_standard_slim_sonic_root_injection,run_standard_slim_adaptive_mdot_ladder | run_standard_slim_adaptive_outer_mesh | run_standard_slim_finite_boundary_homotopy | run_standard_slim_high_mdot_advection_diagnostics | run_standard_slim_high_mdot_checkpoint_certification | run_standard_slim_high_mdot_newton_scout | run_standard_slim_mdot_predictor_audit | run_standard_slim_mdot_residual_profile | run_standard_slim_mesh_closure_validation | run_standard_slim_outer_angular_momentum_homotopy | run_standard_slim_outer_boundary_audit | run_standard_slim_outer_thermal_homotopy | run_standard_slim_stream_heating_annulus_scan | run_standard_slim_stream_heating_geometry_scan | run_standard_slim_stream_mass_annulus_scan | run_standard_slim_stream_source_strength_scan | run_standard_slim_stream_torque_annulus_scan,Note/CODEX_7A04A41_STANDARD_SLIM_MDOT_CONTINUATION_PLAN.md | Note/GPT_REVIEW_PROMPT_MDOT_CONTINUATION.md | outputs/tables/slim_benchmark_mdot_injection_ladder.md | outputs/tables/slim_benchmark_mdot_injection_micro_ladder.md | outputs/tables/slim_benchmark_mdot_injection_micro_tight_down.md | outputs/tables/slim_benchmark_mdot_injection_rout10000_2pct_ladder.md | outputs/tables/slim_benchmark_mdot_injection_rout10000_fivepercent.md | outputs/tables/slim_benchmark_mdot_injection_rout10000_onepercent.md | outputs/tables/slim_benchmark_mdot_injection_rout10000_twopercent.md | outputs/tables/slim_benchmark_mdot_injection_rout1000_micro_ladder.md | outputs/tables/slim_benchmark_mdot_injection_rout1000_onepercent.md | outputs/tables/slim_benchmark_mdot_injection_rout1000_pivot_scan.md,,False,keep_dependency_pending_refactor,Move reusable helpers to src/ before retirement.,Imported by another tracked runner.
scripts/run_standard_slim_mdot_predictor_audit.py,477,PIL | __future__ | dataclasses | imri_qpe | json | numpy | os | pathlib | run_standard_slim_analytic_seed_audit | run_standard_slim_mdot_injection_ladder | scipy | typing,run_standard_slim_adaptive_mdot_ladder | run_standard_slim_high_mdot_newton_scout,Note/CODEX_7A04A41_STANDARD_SLIM_MDOT_CONTINUATION_PLAN.md | Note/CODEX_STANDARD_SLIM_MDOT_EQUILIBRATED_CONTINUATION_RESULTS.md | outputs/tables/slim_benchmark_mdot_predictor_audit.md | outputs/tables/slim_benchmark_mdot_predictor_audit_equilibrated.md | outputs/tables/slim_benchmark_mdot_predictor_audit_tangent_polished.md,,False,keep_dependency_pending_refactor,Move reusable helpers to src/ before retirement.,Imported by another tracked runner.
scripts/run_standard_slim_mdot_residual_profile.py,446,PIL | __future__ | dataclasses | imri_qpe | json | numpy | os | pathlib | run_standard_slim_analytic_seed_audit | run_standard_slim_mdot_injection_ladder | typing,,Note/CODEX_7A04A41_STANDARD_SLIM_MDOT_CONTINUATION_PLAN.md | Note/CODEX_HIGH_MDOT_STREAM_BRIDGE_RESULTS.md | Note/CODEX_STANDARD_SLIM_MDOT_EQUILIBRATED_CONTINUATION_RESULTS.md | Note/GPT_PROMPT_STREAM_FRONT_0808.md | outputs/tables/high_mdot_stream_source_m2_adaptive_front_residual_localization.md | outputs/tables/high_mdot_stream_source_m2_fs0805_residual_localization.md | outputs/tables/slim_benchmark_adaptive_outer_mesh_mdot1_s16_residual_profile.md | outputs/tables/slim_benchmark_high_mdot_no_wind_N640_to5_residual_profile.md | outputs/tables/slim_benchmark_high_mdot_no_wind_certified_to5_residual_profile.md | outputs/tables/slim_benchmark_high_rate_residual_profile.md | outputs/tables/slim_benchmark_high_rate_residual_profile_N640_grid060_0p93_1_certify.md | outputs/tables/slim_benchmark_mdot_residual_profiles.md | outputs/tables/slim_benchmark_mdot_residual_profiles_high_side_1e2.md | outputs/tables/slim_benchmark_mdot_residual_profiles_pressure_1e2_3e2.md | outputs/tables/slim_benchmark_mdot_residual_profiles_pressure_3e2_1e1.md | outputs/tables/slim_benchmark_mdot_residual_profiles_pressure_high_side_1e2.md | outputs/tables/slim_benchmark_outer_entropy_adaptive_continuation_residual_profile.md | outputs/tables/slim_benchmark_outer_entropy_adaptive_rescue_residual_profile.md | outputs/tables/slim_benchmark_outer_entropy_staged_residual_profile.md | outputs/tables/source_fraction_interval_E_diagnostics_fs049.md,,False,keep_referenced_pending_review,scripts/ or documented replacement,Referenced by documentation or tests.
scripts/run_standard_slim_mesh_closure_validation.py,509,PIL | __future__ | dataclasses | imri_qpe | json | numpy | os | pathlib | run_standard_slim_adaptive_mdot_ladder | run_standard_slim_analytic_seed_audit | run_standard_slim_mdot_injection_ladder | time | typing,,Note/CODEX_STANDARD_SLIM_MDOT_EQUILIBRATED_CONTINUATION_RESULTS.md | outputs/tables/slim_benchmark_mesh_closure_validation.md | outputs/tables/slim_benchmark_mesh_closure_validation_endpoint_1e2_slope_scan.md | outputs/tables/slim_benchmark_mesh_closure_validation_pressure_1e1.md | outputs/tables/slim_benchmark_mesh_closure_validation_pressure_3e2.md | outputs/tables/slim_benchmark_mesh_closure_validation_pressure_N640_grid060_0p93_1_certify.md | outputs/tables/slim_benchmark_mesh_closure_validation_pressure_adaptiveN_2e1.md | outputs/tables/slim_benchmark_mesh_closure_validation_pressure_m0916_N512_N640.md | outputs/tables/slim_benchmark_mesh_closure_validation_pressure_m0916_N512_grid060.md | outputs/tables/slim_benchmark_mesh_closure_validation_pressure_m0916_N512_grid075.md | outputs/tables/slim_benchmark_mesh_closure_validation_pressure_m0916_N640.md | outputs/tables/slim_benchmark_mesh_closure_validation_pressure_m0916_N640_grid060.md | outputs/tables/slim_benchmark_mesh_closure_validation_pressure_scoutN512_2e1.md,,False,keep_referenced_pending_review,scripts/ or documented replacement,Referenced by documentation or tests.
scripts/run_standard_slim_outer_angular_momentum_homotopy.py,551,PIL | __future__ | dataclasses | imri_qpe | json | numpy | os | pathlib | run_standard_slim_adaptive_mdot_ladder | run_standard_slim_analytic_seed_audit | run_standard_slim_mdot_injection_ladder | time | typing,,Note/CODEX_POINT2_TO5_STREAM_AND_HIGH_MDOT_RUN_RESULTS.md | Note/CODEX_STANDARD_SLIM_MDOT_EQUILIBRATED_CONTINUATION_RESULTS.md | Note/GPT_PROMPT_STREAM_FRONT_0808.md | outputs/tables/high_mdot_stream_source_m2_fs050_outer_angular_micro_offsets.md | outputs/tables/slim_benchmark_outer_angular_homotopy_mdot1_rout1000.md | outputs/tables/slim_benchmark_outer_angular_homotopy_mdot1_rout1000_tinysteps.md,,False,keep_referenced_pending_review,scripts/ or documented replacement,Referenced by documentation or tests.
scripts/run_standard_slim_outer_boundary_audit.py,217,PIL | __future__ | dataclasses | imri_qpe | json | numpy | os | pathlib | run_standard_slim_adaptive_mdot_ladder | run_standard_slim_analytic_seed_audit | run_standard_slim_mdot_injection_ladder,,Note/CODEX_STANDARD_SLIM_MDOT_EQUILIBRATED_CONTINUATION_RESULTS.md,,False,keep_referenced_pending_review,scripts/ or documented replacement,Referenced by documentation or tests.
scripts/run_standard_slim_outer_thermal_homotopy.py,491,PIL | __future__ | dataclasses | imri_qpe | json | numpy | os | pathlib | run_standard_slim_adaptive_mdot_ladder | run_standard_slim_analytic_seed_audit | run_standard_slim_mdot_injection_ladder | time | typing,,Note/CODEX_STANDARD_SLIM_MDOT_EQUILIBRATED_CONTINUATION_RESULTS.md | outputs/tables/slim_benchmark_outer_entropy_highS_adaptive_continuation.md | outputs/tables/slim_benchmark_outer_entropy_homotopy_mdot1_rout1000_smallsteps.md | outputs/tables/slim_benchmark_outer_entropy_homotopy_mdot1_rout1000_staged.md | outputs/tables/slim_benchmark_outer_entropy_homotopy_mdot1_rout1000_tinysteps.md | outputs/tables/slim_benchmark_outer_entropy_lowS_adaptive_continuation.md | outputs/tables/slim_benchmark_outer_temperature_homotopy_mdot1_rout1000.md | outputs/tables/slim_benchmark_outer_temperature_homotopy_mdot1_rout1000_smallsteps.md,,False,keep_referenced_pending_review,scripts/ or documented replacement,Referenced by documentation or tests.
scripts/run_standard_slim_rout_injection_ladder.py,281,__future__ | imri_qpe | json | numpy | os | pathlib | run_standard_slim_analytic_seed_audit | run_standard_slim_sonic_compatibility_probe | run_standard_slim_sonic_root_injection,run_standard_slim_mdot_injection_ladder,Note/CODEX_7A04A41_STANDARD_SLIM_MDOT_CONTINUATION_PLAN.md | Note/GPT_REVIEW_PROMPT_MDOT_CONTINUATION.md | outputs/tables/slim_benchmark_rout_injection_ladder.md,,False,keep_dependency_pending_refactor,Move reusable helpers to src/ before retirement.,Imported by another tracked runner.
scripts/run_standard_slim_sonic_compatibility_probe.py,341,__future__ | dataclasses | imri_qpe | json | numpy | os | pathlib | run_standard_slim_analytic_seed_audit | run_standard_slim_fixed_eigen_profile | run_standard_slim_free_rson_square_pivot | scipy,run_standard_slim_adaptive_mdot_ladder | run_standard_slim_mdot_injection_ladder | run_standard_slim_rout_injection_ladder | run_standard_slim_sonic_root_injection,Note/GPT_REVIEW_PROMPT_MDOT_CONTINUATION.md,,False,keep_dependency_pending_refactor,Move reusable helpers to src/ before retirement.,Imported by another tracked runner.
scripts/run_standard_slim_sonic_root_injection.py,294,__future__ | dataclasses | imri_qpe | json | numpy | os | pathlib | run_standard_slim_analytic_seed_audit | run_standard_slim_fixed_eigen_profile | run_standard_slim_free_rson_square_pivot | run_standard_slim_sonic_compatibility_probe,run_standard_slim_adaptive_mdot_ladder | run_standard_slim_mdot_injection_ladder | run_standard_slim_rout_injection_ladder,Note/GPT_REVIEW_PROMPT_MDOT_CONTINUATION.md | outputs/tables/slim_benchmark_sonic_root_injection.md | outputs/tables/slim_benchmark_sonic_root_injection_tight_best.md | outputs/tables/slim_benchmark_sonic_root_injection_tight_best_rout1000.md,,False,keep_dependency_pending_refactor,Move reusable helpers to src/ before retirement.,Imported by another tracked runner.
scripts/run_standard_slim_stream_anchor_regression.py,430,__future__ | dataclasses | imri_qpe | json | numpy | os | pathlib | run_standard_slim_adaptive_mdot_ladder | run_standard_slim_analytic_seed_audit | typing,run_standard_slim_stream_grid_homotopy | run_standard_slim_stream_interval_profile | run_standard_slim_stream_residual_remesh | run_standard_slim_stream_soft_wind_threshold_scan | run_standard_slim_stream_source_tangent_audit | run_standard_slim_stream_wind_trigger_audit,Note/CODEX_COST_AWARE_AND_ROBIN_RESULTS.md | Note/CODEX_STREAM_RESIDUAL_REMESH_RESULTS.md | outputs/tables/m5_hot_state_regression_anchors.md | outputs/tables/standard_slim_stream_regression_anchors.md,,True,keep_essential,scripts/,Reproduces a canonical/current result.
scripts/run_standard_slim_stream_energy_patch_solve.py,292,__future__ | dataclasses | imri_qpe | json | numpy | os | pathlib | run_standard_slim_analytic_seed_audit | run_standard_slim_stream_mass_annulus_scan | scipy | typing,,Note/CODEX_STREAM_STEPS4_TO6_RESULTS.md,,False,keep_referenced_pending_review,scripts/ or documented replacement,Referenced by documentation or tests.
scripts/run_standard_slim_stream_grid_homotopy.py,424,__future__ | dataclasses | imri_qpe | json | numpy | os | pathlib | run_standard_slim_analytic_seed_audit | run_standard_slim_stream_anchor_regression | run_standard_slim_stream_residual_remesh | time | typing,,Note/CODEX_GRID_HOMOTOPY_HYBRID_ENERGY_RESULTS.md | Note/GPT_PROMPT_STREAM_HYBRID_ENERGY_PLATEAU.md | outputs/tables/high_mdot_stream_grid_homotopy_08980625_to_gentle_target.md | outputs/tables/high_mdot_stream_grid_homotopy_08980625_ultratiny_eta.md,,False,keep_referenced_pending_review,scripts/ or documented replacement,Referenced by documentation or tests.
scripts/run_standard_slim_stream_heating_annulus_scan.py,466,PIL | __future__ | dataclasses | imri_qpe | json | numpy | os | pathlib | run_standard_slim_adaptive_mdot_ladder | run_standard_slim_analytic_seed_audit | run_standard_slim_mdot_injection_ladder | time | typing,,Note/CODEX_STANDARD_SLIM_MDOT_EQUILIBRATED_CONTINUATION_RESULTS.md | Note/CODEX_STREAM_SOURCE_SIGN_FIX_RESULTS.md | outputs/tables/slim_benchmark_stream_heating_annulus_mdot1_rout300.md | outputs/tables/slim_benchmark_stream_heating_annulus_mdot1_rout300_extended.md | outputs/tables/slim_benchmark_stream_heating_annulus_mdot1_rout300_high_eta.md,,False,keep_referenced_pending_review,scripts/ or documented replacement,Referenced by documentation or tests.
scripts/run_standard_slim_stream_heating_geometry_scan.py,383,PIL | __future__ | dataclasses | imri_qpe | json | numpy | os | pathlib | run_standard_slim_adaptive_mdot_ladder | run_standard_slim_analytic_seed_audit | run_standard_slim_mdot_injection_ladder | time | typing,,Note/CODEX_STANDARD_SLIM_MDOT_EQUILIBRATED_CONTINUATION_RESULTS.md | Note/CODEX_STREAM_SOURCE_SIGN_FIX_RESULTS.md | outputs/tables/slim_benchmark_stream_heating_geometry_scan_mdot1_rout300.md,,False,keep_referenced_pending_review,scripts/ or documented replacement,Referenced by documentation or tests.
scripts/run_standard_slim_stream_heating_profile_diagnostics.py,287,PIL | __future__ | dataclasses | imri_qpe | json | numpy | os | pathlib | run_standard_slim_adaptive_mdot_ladder | run_standard_slim_analytic_seed_audit | typing,,Note/CODEX_STANDARD_SLIM_MDOT_EQUILIBRATED_CONTINUATION_RESULTS.md | Note/CODEX_STREAM_SOURCE_SIGN_FIX_RESULTS.md | Note/GPT_REVIEW_PROMPT_STREAM_SOURCE_PICARD.md | outputs/tables/slim_benchmark_stream_heating_profile_diagnostics.md | outputs/tables/slim_benchmark_stream_source_strength_slope_picard_profile_diagnostics.md,,False,keep_referenced_pending_review,scripts/ or documented replacement,Referenced by documentation or tests.
scripts/run_standard_slim_stream_interval_profile.py,383,PIL | __future__ | imri_qpe | json | numpy | os | pathlib | run_standard_slim_analytic_seed_audit | run_standard_slim_stream_anchor_regression | typing,,Note/CODEX_COMPACT_SOURCE_INTEGRATED_INTERVAL_RESULTS.md | Note/CODEX_COMPACT_SOURCE_OUTER_BUFFER_RESULTS.md | Note/GPT_PROMPT_OUTER_BUFFER_SOURCE_FRACTION_NEXT.md | outputs/tables/high_mdot_stream_compact_interval_profile_fs08338_to08365.md | outputs/tables/high_mdot_stream_compact_interval_profile_integrated_fs0850_to08625.md | outputs/tables/high_mdot_stream_compact_interval_profile_integrated_fs08625_to08635_remesh.md | outputs/tables/high_mdot_stream_compact_outer_buffer_interval_profile_r300_305_310_335.md | outputs/tables/high_mdot_stream_compact_outer_buffer_ladder_validation_profile.md | outputs/tables/high_mdot_stream_compact_outer_buffer_weighted_profile_rout310_335.md | outputs/tables/high_mdot_stream_compact_outer_closure_interval_profile_rout310_from305.md | outputs/tables/high_mdot_stream_outer_buffer_interval_profile_088_089_090_repolished.md | outputs/tables/high_mdot_stream_outer_buffer_interval_profile_0895_to0897.md | outputs/tables/high_mdot_stream_outer_buffer_interval_profile_no_seed_ladder_0897_to090.md,,False,keep_referenced_pending_review,scripts/ or documented replacement,Referenced by documentation or tests.
scripts/run_standard_slim_stream_mass_annulus_scan.py,3453,PIL | __future__ | dataclasses | imri_qpe | json | numpy | os | pathlib | run_standard_slim_adaptive_mdot_ladder | run_standard_slim_analytic_seed_audit | run_standard_slim_mdot_injection_ladder | run_standard_slim_stream_residual_remesh | scipy | time | types | typing,audit_mdot5_mass_coupled_wind_budget | audit_mdot5_powerlaw_mass_wind_seed_residuals | audit_mdot5_shen_wind_diagnostics | audit_mdot5_wind_closure_sensitivity | audit_mdot5_wind_interval_jacobian | audit_mdot5_wind_powerlaw_slope | freeze_mdot5_energy_wind_anchors | run_mdot5_local_mdot_bvp_pilot | run_mdot5_local_mdot_eta_continuation | run_mdot5_powerlaw_mass_wind_pilot | run_standard_slim_stream_energy_patch_solve | run_standard_slim_stream_nested_refinement | run_standard_slim_stream_plateau_autopsy,Note/CODEX_ADAPTIVE_SOURCE_FRONT_0808_RESULTS.md | Note/CODEX_COMPACT_SOURCE_INFRASTRUCTURE_RESULTS.md | Note/CODEX_COMPACT_SOURCE_INTEGRATED_INTERVAL_RESULTS.md | Note/CODEX_COMPACT_SOURCE_OUTER_BUFFER_RESULTS.md | Note/CODEX_COST_AWARE_AND_ROBIN_RESULTS.md | Note/CODEX_DIFF_CLEANUP_GATE_RESULTS.md | Note/CODEX_GRID_HOMOTOPY_HYBRID_ENERGY_RESULTS.md | Note/CODEX_MDOT3_BUFFER_AND_MDOT5_STREAM_RESULTS.md | Note/CODEX_MDOT3_LOW_SOURCE_STREAM_RESULTS.md | Note/CODEX_MDOT5_ENERGY_WIND_ENDPOINT_REVIEW_AND_PLAN.md | Note/CODEX_MDOT5_WIND_SPRINT_RESULTS.md | Note/CODEX_OUTER_BUFFER_NO_SEED_LADDER_RESULTS.md | Note/CODEX_OUTER_BUFFER_PREDICTOR_AB_RESULTS.md | Note/CODEX_OUTER_BUFFER_SEED_ACCEPT_TO090_RESULTS.md | Note/CODEX_OUTER_BUFFER_SOURCE_FRACTION_NEXT_REVIEW(1).md | Note/CODEX_POINT2_TO5_STREAM_AND_HIGH_MDOT_RUN_RESULTS.md | Note/CODEX_STANDARD_SLIM_MDOT_EQUILIBRATED_CONTINUATION_RESULTS.md | Note/CODEX_STREAM_BRANCH_OUTER_GRID_SECANT_RESULTS.md | Note/CODEX_STREAM_LOCAL_PATCH_CONTINUATION_RESULTS.md | Note/CODEX_STREAM_RESIDUAL_REMESH_RESULTS.md | Note/CODEX_STREAM_SOURCE_SIGN_FIX_RESULTS.md | Note/CODEX_STREAM_SOURCE_TANGENT_RESULTS.md | Note/CODEX_STREAM_STEPS4_TO6_RESULTS.md | Note/CODEX_TARGETED_REMESH_REFINEMENT_RESULTS.md | Note/GPT_PROMPT_COMPACT_SOURCE_MESH_VALIDATION.md | Note/GPT_PROMPT_MDOT5_WIND_ENDPOINT_REVIEW.md | Note/GPT_PROMPT_OUTER_BUFFER_SOURCE_FRACTION_NEXT.md | Note/GPT_PROMPT_STREAM_FRONT_0808.md | Note/GPT_PROMPT_STREAM_HYBRID_ENERGY_PLATEAU.md | outputs/tables/high_mdot_stream_N960_fs0910_spotcheck.md | outputs/tables/high_mdot_stream_N960_fs0910_spotcheck_patch4.md | outputs/tables/high_mdot_stream_compact_fs08278_to0835_tangent_guarded_N896.md | outputs/tables/high_mdot_stream_compact_fs082_to085_guarded_remesh_N896.md | outputs/tables/high_mdot_stream_compact_fs0835_annulus_peak_blend50_N896.md | outputs/tables/high_mdot_stream_compact_fs0835_annulus_peak_grid_test_N896.md | outputs/tables/high_mdot_stream_compact_fs0835_to0840_integrated_N896.md | outputs/tables/high_mdot_stream_compact_fs0835_to0850_tangent_guarded_N896.md | outputs/tables/high_mdot_stream_compact_fs0840_to0850_integrated_tangent_N896.md | outputs/tables/high_mdot_stream_compact_fs084925_to0850_integrated_metadata_N896.md | outputs/tables/high_mdot_stream_compact_fs0850_to0900_integrated_N896.md | outputs/tables/high_mdot_stream_compact_fs08525_to0900_integrated_tol1e6_N896.md | outputs/tables/high_mdot_stream_compact_fs08625_to08635_tangent_probe_N896.md | outputs/tables/high_mdot_stream_compact_fs08625_to08635_tangent_remesh_probe_N896.md | outputs/tables/high_mdot_stream_compact_outer_buffer_fs08625_to090_N896.md | outputs/tables/high_mdot_stream_compact_outer_buffer_ladder_rout315_N896.md | outputs/tables/high_mdot_stream_compact_outer_buffer_ladder_rout320_N896.md | outputs/tables/high_mdot_stream_compact_outer_buffer_ladder_rout325_N896.md | outputs/tables/high_mdot_stream_compact_outer_buffer_ladder_rout330_N896.md | outputs/tables/high_mdot_stream_compact_outer_buffer_ladder_rout335_N896.md | outputs/tables/high_mdot_stream_compact_outer_buffer_rout305_fixedrinj240_fs08625_N896.md | outputs/tables/high_mdot_stream_compact_outer_buffer_rout310_fixedrinj240_fs08625_N896.md | outputs/tables/high_mdot_stream_compact_outer_buffer_rout310_from305_fixedrinj240_fs08625_N896.md | outputs/tables/high_mdot_stream_compact_outer_buffer_rout335_fixedrinj240_fs08625_N896.md | outputs/tables/high_mdot_stream_compact_outer_buffer_validation_N1024.md | outputs/tables/high_mdot_stream_compact_outer_buffer_validation_N768.md | outputs/tables/high_mdot_stream_compact_outer_buffer_validation_buffer295.md | outputs/tables/high_mdot_stream_compact_outer_buffer_validation_buffer305.md | outputs/tables/high_mdot_stream_compact_outer_buffer_validation_weight3e3.md | outputs/tables/high_mdot_stream_compact_outer_buffered_rout310_E1e3_B1e2_from305_N896.md | outputs/tables/high_mdot_stream_compact_outer_buffered_rout310_E1e3_from305_N896.md | outputs/tables/high_mdot_stream_compact_outer_buffered_rout335_E1e3_B1e2_from310_N896.md | outputs/tables/high_mdot_stream_compact_outer_buffered_rout335_E1e3_B1e4_from310_N896.md | outputs/tables/high_mdot_stream_compact_outer_buffered_rout335_E1e3_B1e4_taper0_from310_N896.md | outputs/tables/high_mdot_stream_compact_outer_buffered_rout335_R1e3_E1e3_B1e4_from310_N896.md | outputs/tables/high_mdot_stream_compact_outer_buffered_rout335_buffer290_R1e3_E1e3_B1e4_from310_N896.md | outputs/tables/high_mdot_stream_compact_outer_buffered_rout335_buffer290_repolish_N896.md | outputs/tables/high_mdot_stream_compact_outer_closure_rout310_fullslope_from305_N896.md | outputs/tables/high_mdot_stream_compact_outer_closure_rout310_matched_from305_N896.md | outputs/tables/high_mdot_stream_compact_outer_closure_rout310_robin_chi05_s100_from305_N896.md | outputs/tables/high_mdot_stream_conservative_energy_089825_to08985.md | outputs/tables/high_mdot_stream_local_patch2_089825_to08985.md | outputs/tables/high_mdot_stream_local_patch2_08985_to0900.md | outputs/tables/high_mdot_stream_local_patch3_0899_to0900.md | outputs/tables/high_mdot_stream_local_patch3_0900_to0905.md | outputs/tables/high_mdot_stream_local_patch3_0905_to0910.md | outputs/tables/high_mdot_stream_local_patch_089825_to08985.md | outputs/tables/high_mdot_stream_m3_compact_adaptive_010_to030_N896.md | outputs/tables/high_mdot_stream_m3_compact_cert_N768_fs030_no_energy_merit.md | outputs/tables/high_mdot_stream_m3_compact_cert_N768_fs040_no_energy_merit.md | outputs/tables/high_mdot_stream_m3_compact_cert_N768_fs050_no_energy_merit.md | outputs/tables/high_mdot_stream_m3_compact_cert_N896_fs030_no_energy_merit.md | outputs/tables/high_mdot_stream_m3_compact_cert_N896_fs040_no_energy_merit.md | outputs/tables/high_mdot_stream_m3_compact_cert_N896_fs050_no_energy_merit.md | outputs/tables/high_mdot_stream_m3_compact_low_source_f005_f03_N896.md | outputs/tables/high_mdot_stream_m3_compact_scout_N640_015_to030_no_energy_merit.md | outputs/tables/high_mdot_stream_m3_compact_scout_N640_030_to050_no_energy_merit.md | outputs/tables/high_mdot_stream_m3_fs050_buffer295_N896.md | outputs/tables/high_mdot_stream_m3_fs050_buffer305_N896.md | outputs/tables/high_mdot_stream_m3_rout335_parent_prep_N896.md | outputs/tables/high_mdot_stream_m5_compact_N896_030_to050_no_energy_merit.md | outputs/tables/high_mdot_stream_m5_compact_N896_050_to080_no_energy_merit.md | outputs/tables/high_mdot_stream_m5_compact_N896_080_to090_no_energy_merit.md | outputs/tables/high_mdot_stream_m5_compact_cert_N768_fs030_no_energy_merit.md | outputs/tables/high_mdot_stream_m5_compact_cert_N896_fs030_no_energy_merit.md | outputs/tables/high_mdot_stream_m5_compact_scout_N640_000_to030_no_energy_merit.md | outputs/tables/high_mdot_stream_m5_fs050_buffer295_N896.md | outputs/tables/high_mdot_stream_m5_fs050_buffer305_N896.md | outputs/tables/high_mdot_stream_m5_fs080_bookkeeping_wind_eta01_N896.md | outputs/tables/high_mdot_stream_m5_fs080_bookkeeping_wind_eta0_N896.md | outputs/tables/high_mdot_stream_m5_fs080_bookkeeping_wind_eta1_N896.md | outputs/tables/high_mdot_stream_m5_fs080_buffer295_N896.md | outputs/tables/high_mdot_stream_m5_fs080_buffer305_N896.md | outputs/tables/high_mdot_stream_m5_fs080_energy_wind_eta0_N896.md | outputs/tables/high_mdot_stream_m5_fs080_energy_wind_eta1_quick_N896.md | outputs/tables/high_mdot_stream_m5_fs080_geometry070_N896.md | outputs/tables/high_mdot_stream_m5_fs080_geometry075_N896.md | outputs/tables/high_mdot_stream_m5_fs080_geometry_rinj256_N896.md | outputs/tables/high_mdot_stream_m5_fs080_geometry_rinj260_N896.md | outputs/tables/high_mdot_stream_m5_fs080_geometry_rinj264_N896.md | outputs/tables/high_mdot_stream_m5_fs080_geometry_rinj268_N896.md | outputs/tables/high_mdot_stream_m5_fs080_heating_eta01_N1024_spot.md | outputs/tables/high_mdot_stream_m5_fs080_heating_eta01_N768_spot.md | outputs/tables/high_mdot_stream_m5_fs080_heating_eta01_buffer295_N896.md | outputs/tables/high_mdot_stream_m5_fs080_heating_eta01_buffer305_N896.md | outputs/tables/high_mdot_stream_m5_fs080_heating_eta01_to1_N896.md | outputs/tables/high_mdot_stream_m5_fs080_heating_eta1_N1024_spot.md | outputs/tables/high_mdot_stream_m5_fs080_heating_eta1_N768_spot.md | outputs/tables/high_mdot_stream_m5_fs080_heating_eta1_buffer295_N896.md | outputs/tables/high_mdot_stream_m5_fs080_heating_eta1_buffer305_N896.md | outputs/tables/high_mdot_stream_m5_fs080_heating_eta1e2_to3e2_N896.md | outputs/tables/high_mdot_stream_m5_fs080_heating_eta1e3_to1e2_N896.md | outputs/tables/high_mdot_stream_m5_fs080_heating_eta3e2_to1e1_N896.md | outputs/tables/high_mdot_stream_m5_fs080_heating_scout_eta0_to1e3_N896.md | outputs/tables/high_mdot_stream_m5_fs080_robin_chi025_N896.md | outputs/tables/high_mdot_stream_m5_fs080_robin_localtarget_chi025_N896.md | outputs/tables/high_mdot_stream_m5_fs080_robin_localtarget_chi050_N896.md | outputs/tables/high_mdot_stream_m5_fs080_robin_localtarget_chi100_N896.md | outputs/tables/high_mdot_stream_m5_fs080_smooth_energy_wind_chi099_w001_eta0_N896.md | outputs/tables/high_mdot_stream_m5_fs080_smooth_energy_wind_chi099_w005_eta0_N896.md | outputs/tables/high_mdot_stream_m5_fs080_smooth_energy_wind_chi099_w005_eta0_aggrpatch_007_N896.md | outputs/tables/high_mdot_stream_m5_fs080_smooth_energy_wind_chi099_w005_eta0_cleanup_007_N896.md | outputs/tables/high_mdot_stream_m5_fs080_smooth_energy_wind_chi099_w005_eta0_energymerit_00675_N896.md | outputs/tables/high_mdot_stream_m5_fs080_smooth_energy_wind_chi099_w005_eta0_eps004_N896.md | outputs/tables/high_mdot_stream_m5_fs080_smooth_energy_wind_chi099_w005_eta0_eta_590_620_N896.md | outputs/tables/high_mdot_stream_m5_fs080_smooth_energy_wind_chi099_w005_eta0_eta_630_650_N896.md | outputs/tables/high_mdot_stream_m5_fs080_smooth_energy_wind_chi099_w005_eta0_eta_635_N896.md | outputs/tables/high_mdot_stream_m5_fs080_smooth_energy_wind_chi099_w005_eta0_globalpatch_007_N896.md | outputs/tables/high_mdot_stream_m5_fs080_smooth_energy_wind_chi099_w005_eta0_patch4_006_N896.md | outputs/tables/high_mdot_stream_m5_fs080_smooth_energy_wind_chi099_w005_eta0_patch_006_N896.md | outputs/tables/high_mdot_stream_m5_fs080_smooth_energy_wind_chi099_w005_eta0_predictor_audit_10_from098_N896.md | outputs/tables/high_mdot_stream_m5_fs080_smooth_energy_wind_chi099_w005_eta0_predictor_audit_secant_10_from098_N896.md | outputs/tables/high_mdot_stream_m5_fs080_smooth_energy_wind_chi099_w005_eta0_tangent_0045_005_N896.md | outputs/tables/high_mdot_stream_m5_fs080_smooth_energy_wind_chi099_w005_eta0_tangent_direct_0055_N896.md | outputs/tables/high_mdot_stream_m5_fs080_smooth_energy_wind_chi099_w005_eta0_tangent_direct_006_N896.md | outputs/tables/high_mdot_stream_m5_fs080_smooth_energy_wind_chi099_w005_eta0_tangent_direct_007_N896.md | outputs/tables/high_mdot_stream_m5_fs080_smooth_energy_wind_chi099_w005_eta0_tangent_patch_0065_N896.md | outputs/tables/high_mdot_stream_m5_fs080_smooth_energy_wind_chi099_w005_eta0_tangent_patch_0066_N896.md | outputs/tables/high_mdot_stream_m5_fs080_smooth_energy_wind_chi099_w005_eta0_tangent_patch_00675_N896.md | outputs/tables/high_mdot_stream_m5_fs080_smooth_energy_wind_chi099_w005_eta0_tangent_patch_007_N896.md | outputs/tables/high_mdot_stream_m5_fs080_smooth_energy_wind_chi099_w005_eta0_tangent_patch_007_ejac1e6_N896.md | outputs/tables/high_mdot_stream_m5_fs080_smooth_energy_wind_chi099_w005_eta0_tangent_patch_007_from0065_N896.md | outputs/tables/high_mdot_stream_m5_fs080_smooth_energy_wind_chi099_w005_eta0_widepatch_007_N896.md | outputs/tables/high_mdot_stream_m5_fs080_smooth_energy_wind_chi099_w005_eta0_windjac_00675_N896.md | outputs/tables/high_mdot_stream_m5_fs080_smooth_energy_wind_chi099_w005_eta0_windjac_007_N896.md | outputs/tables/high_mdot_stream_m5_fs080_smooth_energy_wind_chi099_w005_eta0_windjac_008_010_N896.md | outputs/tables/high_mdot_stream_m5_fs080_smooth_energy_wind_chi099_w005_eta0_windjac_015_030_N896.md | outputs/tables/high_mdot_stream_m5_fs080_smooth_energy_wind_chi099_w005_eta0_windjac_05_10_N896.md | outputs/tables/high_mdot_stream_m5_fs080_smooth_energy_wind_chi099_w005_eta0_windjac_095_N896.md | outputs/tables/high_mdot_stream_m5_fs080_smooth_energy_wind_chi099_w005_eta0_windjac_098_N896.md | outputs/tables/high_mdot_stream_m5_fs080_smooth_energy_wind_chi099_w005_eta0_windjac_0997_0999_N896.md | outputs/tables/high_mdot_stream_m5_fs080_smooth_energy_wind_chi099_w005_eta0_windjac_099_10_N896.md | outputs/tables/high_mdot_stream_m5_fs080_smooth_energy_wind_chi099_w005_eta0_windjac_09_10_N896.md | outputs/tables/high_mdot_stream_m5_fs080_soft_energy_wind_chi099_eta0_N896.md | outputs/tables/high_mdot_stream_m5_fs080_soft_energy_wind_chi099_eta1_N896.md | outputs/tables/high_mdot_stream_outer_buffer_energy_merit_diag4_0898078125_to089809375.md | outputs/tables/high_mdot_stream_outer_buffer_energy_merit_next_diag4_089809375_to0898125.md | outputs/tables/high_mdot_stream_outer_buffer_energy_merit_next_diag4_0898125_to089825.md | outputs/tables/high_mdot_stream_outer_buffer_energy_merit_next_diag4_089825_to08985.md | outputs/tables/high_mdot_stream_outer_buffer_newton_audit_0897_to0897125.md | outputs/tables/high_mdot_stream_outer_buffer_phys_gate_N1024_resample_grid.md | outputs/tables/high_mdot_stream_outer_buffer_phys_gate_N1024_target_grid.md | outputs/tables/high_mdot_stream_outer_buffer_phys_gate_diff_cleanup_0898_to090.md | outputs/tables/high_mdot_stream_outer_buffer_phys_gate_gentle_remesh_08980625_to0898125.md | outputs/tables/high_mdot_stream_outer_buffer_phys_gate_hybrid_audit_08980625_to0898125.md | outputs/tables/high_mdot_stream_outer_buffer_phys_gate_hybrid_direct_08980625_to0898125.md | outputs/tables/high_mdot_stream_outer_buffer_phys_gate_hybrid_eighthsteps_0898078125_to089809375.md | outputs/tables/high_mdot_stream_outer_buffer_phys_gate_hybrid_energy_08980625_to0898125.md | outputs/tables/high_mdot_stream_outer_buffer_phys_gate_hybrid_forced_08980625_to0898125.md | outputs/tables/high_mdot_stream_outer_buffer_phys_gate_hybrid_halfstep_08980625_to0898125.md | outputs/tables/high_mdot_stream_outer_buffer_phys_gate_hybrid_long_08980625_to0898125.md | outputs/tables/high_mdot_stream_outer_buffer_phys_gate_hybrid_lowdamp_08980625_to0898125.md | outputs/tables/high_mdot_stream_outer_buffer_phys_gate_hybrid_quartersteps_08980625_to0898125.md | outputs/tables/high_mdot_stream_outer_buffer_phys_gate_hybrid_quartersteps_accept3e5.md | outputs/tables/high_mdot_stream_outer_buffer_phys_gate_target_remesh_0898_to0898125.md | outputs/tables/high_mdot_stream_outer_buffer_phys_gated_no_seed_0898_to090.md | outputs/tables/high_mdot_stream_outer_buffer_predictor_diag_current_to087696.md | outputs/tables/high_mdot_stream_outer_buffer_predictor_diag_secant_to087696.md | outputs/tables/high_mdot_stream_outer_buffer_predictor_diag_tangent_secant_to087696.md | outputs/tables/high_mdot_stream_outer_buffer_repolish088_damped_lsmr_iter2.md | outputs/tables/high_mdot_stream_outer_buffer_repolish08985_more.md | outputs/tables/high_mdot_stream_outer_buffer_repolish0898_more.md | outputs/tables/high_mdot_stream_outer_buffer_repolish089_damped_lsmr_iter2.md | outputs/tables/high_mdot_stream_outer_buffer_repolish090_damped_lsmr.md | outputs/tables/high_mdot_stream_outer_buffer_repolish090_damped_lsmr_iter2.md | outputs/tables/high_mdot_stream_outer_buffer_repolish090_direct.md | outputs/tables/high_mdot_stream_outer_buffer_repolish090_inverse_dx.md | outputs/tables/high_mdot_stream_outer_buffer_repolish090_inverse_dx_C1.md | outputs/tables/high_mdot_stream_outer_buffer_repolish090_inverse_dx_j1e6.md | outputs/tables/high_mdot_stream_outer_buffer_repolish090_target_phys_remesh.md | outputs/tables/high_mdot_stream_outer_buffer_repolish090_target_phys_remesh_more.md | outputs/tables/high_mdot_stream_outer_buffer_repolish090_target_sourcegrid_b025.md | outputs/tables/high_mdot_stream_outer_buffer_seedaccept_0897_to090.md | outputs/tables/high_mdot_stream_outer_buffer_tangent_secant_0878_to0885_noremesh.md | outputs/tables/high_mdot_stream_outer_buffer_tangent_secant_0885_to090_noremesh.md | outputs/tables/high_mdot_stream_outer_buffer_tangent_secant_to0878_noremesh.md | outputs/tables/high_mdot_stream_outer_buffer_tiny_no_seed_0897125_to089725.md | outputs/tables/high_mdot_stream_outer_buffer_tiny_no_seed_089725_to08973125.md | outputs/tables/high_mdot_stream_outer_buffer_tiny_no_seed_08973125_to08975.md | outputs/tables/high_mdot_stream_outer_buffer_tiny_no_seed_08975_to0898.md | outputs/tables/high_mdot_stream_outer_buffer_tiny_no_seed_0898_to08985.md | outputs/tables/high_mdot_stream_smallstep_replay_089825_to0899.md | outputs/tables/high_mdot_stream_source_bridge_m2_adaptive_df_0p805_to0p82.md | outputs/tables/high_mdot_stream_source_bridge_m2_adaptive_df_strong_outer_0p808_to0p81.md | outputs/tables/high_mdot_stream_source_bridge_m2_adaptive_grid_torquem005_0p5_0p6.md | outputs/tables/high_mdot_stream_source_bridge_m2_adaptive_grid_torquep005_0p55_0p60_fine.md | outputs/tables/high_mdot_stream_source_bridge_m2_adaptive_grid_torquep005_0p5_0p7.md | outputs/tables/high_mdot_stream_source_bridge_m2_adaptive_grid_torquep005_0p60_0p70_fine.md | outputs/tables/high_mdot_stream_source_bridge_m2_broad.md | outputs/tables/high_mdot_stream_source_bridge_m2_broad_smallstep.md | outputs/tables/high_mdot_stream_source_bridge_m2_narrow_0p1_0p2_smallstep.md | outputs/tables/high_mdot_stream_source_bridge_m2_narrow_0p2_0p3_smallstep.md | outputs/tables/high_mdot_stream_source_bridge_m2_narrow_adaptive_source_grid_0p3_0p5.md | outputs/tables/high_mdot_stream_source_bridge_m2_narrow_ladder.md | outputs/tables/high_mdot_stream_source_bridge_m2_residual_outer_grid_guarded_secant_0p805_0p82_tiny.md | outputs/tables/high_mdot_stream_source_bridge_m2_residual_outer_grid_guarded_secant_0p80_0p85.md | outputs/tables/high_mdot_stream_source_bridge_m2_residual_outer_grid_secant_0p64_0p66.md | outputs/tables/high_mdot_stream_source_bridge_m2_residual_outer_grid_secant_0p66_0p70.md | outputs/tables/high_mdot_stream_source_bridge_m2_residual_outer_grid_secant_0p70_0p75_fine.md | outputs/tables/high_mdot_stream_source_bridge_m2_residual_outer_grid_secant_0p70_0p80.md | outputs/tables/high_mdot_stream_source_bridge_m2_residual_outer_grid_secant_0p75_0p80_fine.md | outputs/tables/high_mdot_stream_source_bridge_m2_residual_outer_grid_secant_0p80_0p90_fine.md | outputs/tables/high_mdot_stream_source_compact_blend001_fs082_N768.md | outputs/tables/high_mdot_stream_source_compact_blend001_origgrid_fs082_N768.md | outputs/tables/high_mdot_stream_source_compact_blend005_fs082_N768.md | outputs/tables/high_mdot_stream_source_compact_blend005_origgrid_fs082_N768.md | outputs/tables/high_mdot_stream_source_compact_blend02_origgrid_fs082_N768.md | outputs/tables/high_mdot_stream_source_compact_blend05_origgrid_fs082_N768.md | outputs/tables/high_mdot_stream_source_compact_blend10_origgrid_fs082_N768.md | outputs/tables/high_mdot_stream_source_compact_blend15_origgrid_fs082_N768.md | outputs/tables/high_mdot_stream_source_compact_blend25_origgrid_fs082_N768.md | outputs/tables/high_mdot_stream_source_compact_blend30_origgrid_fs082_N768.md | outputs/tables/high_mdot_stream_source_compact_blend35_origgrid_fs082_N768.md | outputs/tables/high_mdot_stream_source_compact_blend40_from35_origgrid_fs082_N768.md | outputs/tables/high_mdot_stream_source_compact_blend40_origgrid_fs082_N768.md | outputs/tables/high_mdot_stream_source_compact_blend50_origgrid_fs082_N768.md | outputs/tables/high_mdot_stream_source_compact_blend60_origgrid_fs082_N768.md | outputs/tables/high_mdot_stream_source_compact_blend67_origgrid_fs082_N768.md | outputs/tables/high_mdot_stream_source_compact_blend75_from67_origgrid_fs082_N768.md | outputs/tables/high_mdot_stream_source_compact_blend75_origgrid_fs082_N768.md | outputs/tables/high_mdot_stream_source_compact_blend85_origgrid_fs082_N768.md | outputs/tables/high_mdot_stream_source_compact_blend93_origgrid_fs082_N768.md | outputs/tables/high_mdot_stream_source_compact_full_meshcheck_N640.md | outputs/tables/high_mdot_stream_source_compact_full_origgrid_fs082_N768.md | outputs/tables/high_mdot_stream_source_cost_aware_0p83_to0p83225_N768.md | outputs/tables/high_mdot_stream_source_robin_chi01_fs083225_N768.md | outputs/tables/high_mdot_stream_source_robin_chi05_fs083225_N768.md | outputs/tables/high_mdot_stream_source_tangent_adaptive_0p808585_to0p81_N768.md | outputs/tables/high_mdot_stream_source_tangent_adaptive_0p81_to0p82_N768.md | outputs/tables/high_mdot_stream_source_tangent_adaptive_0p82_to0p85_N768.md | outputs/tables/high_mdot_stream_source_tangent_adaptive_0p832_to0p833_tinystep_N768.md | outputs/tables/high_mdot_stream_source_tangent_adaptive_0p83_to0p84_smallstep_N768.md | outputs/tables/high_mdot_stream_torque_bridge_m2_broad_fs001_torquem0005.md | outputs/tables/high_mdot_stream_torque_bridge_m2_broad_fs001_torquem001.md | outputs/tables/high_mdot_stream_torque_bridge_m2_broad_fs001_torquem002.md | outputs/tables/high_mdot_stream_torque_bridge_m2_broad_fs001_torquem0025.md | outputs/tables/high_mdot_stream_torque_bridge_m2_broad_fs001_torquem005.md | outputs/tables/high_mdot_stream_torque_bridge_m2_broad_fs001_torquep0005.md | outputs/tables/high_mdot_stream_torque_bridge_m2_broad_fs001_torquep005.md | outputs/tables/high_mdot_stream_torque_bridge_m2_narrow_fs010_torquem0005.md | outputs/tables/high_mdot_stream_torque_bridge_m2_narrow_fs010_torquep0005.md | outputs/tables/high_mdot_stream_torque_bridge_m2_narrow_fs030_torquem0005.md | outputs/tables/high_mdot_stream_torque_bridge_m2_narrow_fs030_torquep0005.md | outputs/tables/m5_energy_wind_closure_repolish_q02_chi985_w010.md | outputs/tables/m5_energy_wind_closure_repolish_q02_chi985_w010_eps095.md | outputs/tables/m5_energy_wind_closure_repolish_q02_chi985_w010_eps0964.md | outputs/tables/m5_energy_wind_closure_repolish_q02_chi985_w010_eps0968.md | outputs/tables/m5_energy_wind_eta_adaptive_manual_6375_640_N896.md | outputs/tables/m5_energy_wind_eta_adaptive_manual_6425_N896.md | outputs/tables/m5_energy_wind_mesh_validation_eps098_N1024.md | outputs/tables/m5_energy_wind_mesh_validation_eps098_N768.md | outputs/tables/m5_energy_wind_mesh_validation_eta620_N1024.md | outputs/tables/m5_energy_wind_mesh_validation_eta620_N768.md | outputs/tables/m5_energy_wind_mesh_validation_eta635_N1024.md | outputs/tables/m5_energy_wind_mesh_validation_eta635_N768.md | outputs/tables/slim_benchmark_stream_mass_annulus_corrected_sign_bracket_0p2_0p3.md | outputs/tables/slim_benchmark_stream_mass_annulus_corrected_sign_bracket_0p35_0p5_smallstep.md | outputs/tables/slim_benchmark_stream_mass_annulus_corrected_sign_bracket_0p3_0p35_smallstep.md | outputs/tables/slim_benchmark_stream_mass_annulus_corrected_sign_bracket_0p3_0p5.md | outputs/tables/slim_benchmark_stream_mass_annulus_corrected_sign_bracket_0p41_0p42_tinystep.md | outputs/tables/slim_benchmark_stream_mass_annulus_corrected_sign_bracket_0p42_0p45_midstep.md | outputs/tables/slim_benchmark_stream_mass_annulus_corrected_sign_bracket_0p45_0p5_midstep.md | outputs/tables/slim_benchmark_stream_mass_annulus_corrected_sign_refresh_to0p3.md | outputs/tables/slim_benchmark_stream_mass_annulus_corrected_sign_smoke.md | outputs/tables/slim_benchmark_stream_mass_annulus_corrected_sign_stress.md | outputs/tables/slim_benchmark_stream_mass_annulus_mdot1_rout300.md | outputs/tables/slim_benchmark_stream_mass_plus_torque_annulus_mdot1_rout300.md | outputs/tables/standard_slim_stream_mass_controls_smoke_N96.md,,False,keep_dependency_pending_refactor,Move reusable helpers to src/ before retirement.,Imported by another tracked runner.
scripts/run_standard_slim_stream_nested_refinement.py,392,__future__ | dataclasses | imri_qpe | json | numpy | os | pathlib | run_standard_slim_analytic_seed_audit | run_standard_slim_stream_mass_annulus_scan | scipy | typing,,Note/CODEX_STREAM_STEPS4_TO6_RESULTS.md,,False,keep_referenced_pending_review,scripts/ or documented replacement,Referenced by documentation or tests.
scripts/run_standard_slim_stream_plateau_autopsy.py,558,__future__ | dataclasses | imri_qpe | json | numpy | pathlib | run_standard_slim_analytic_seed_audit | run_standard_slim_stream_mass_annulus_scan | sys | typing,,Note/CODEX_STREAM_PLATEAU_AUTOPSY_RESULTS.md,,False,keep_referenced_pending_review,scripts/ or documented replacement,Referenced by documentation or tests.
scripts/run_standard_slim_stream_residual_remesh.py,565,__future__ | dataclasses | imri_qpe | json | numpy | os | pathlib | run_standard_slim_analytic_seed_audit | run_standard_slim_stream_anchor_regression | time | typing,run_standard_slim_stream_grid_homotopy | run_standard_slim_stream_mass_annulus_scan,Note/CODEX_COST_AWARE_AND_ROBIN_RESULTS.md | Note/CODEX_OUTER_BUFFER_NO_SEED_LADDER_RESULTS.md | Note/CODEX_STREAM_RESIDUAL_REMESH_RESULTS.md | Note/GPT_PROMPT_COMPACT_SOURCE_MESH_VALIDATION.md | outputs/tables/high_mdot_stream_source_compact_full_residual_remesh_N640_s12.md | outputs/tables/high_mdot_stream_source_compact_full_residual_remesh_N896_s12.md | outputs/tables/standard_slim_stream_residual_remesh_fs070_N640_N768_N896_s12.md | outputs/tables/standard_slim_stream_residual_remesh_fs0805_N640_N768_N896_s12.md | outputs/tables/standard_slim_stream_residual_remesh_fs0808585_N640_s12.md | outputs/tables/standard_slim_stream_residual_remesh_fs0808585_N768_N896_s12.md | outputs/tables/standard_slim_stream_residual_remesh_fs080_N640_N768_N896_s12.md,,False,keep_dependency_pending_refactor,Move reusable helpers to src/ before retirement.,Imported by another tracked runner.
scripts/run_standard_slim_stream_soft_wind_threshold_scan.py,269,PIL | __future__ | imri_qpe | json | numpy | os | pathlib | run_standard_slim_analytic_seed_audit | run_standard_slim_stream_anchor_regression | run_standard_slim_stream_wind_trigger_audit | typing,,Note/CODEX_MDOT5_WIND_SPRINT_RESULTS.md | outputs/tables/high_mdot_stream_m5_soft_wind_threshold_scan.md,,False,keep_referenced_pending_review,scripts/ or documented replacement,Referenced by documentation or tests.
scripts/run_standard_slim_stream_source_strength_scan.py,456,PIL | __future__ | dataclasses | imri_qpe | json | numpy | os | pathlib | run_standard_slim_adaptive_mdot_ladder | run_standard_slim_analytic_seed_audit | run_standard_slim_mdot_injection_ladder | time | typing,,Note/CODEX_STANDARD_SLIM_MDOT_EQUILIBRATED_CONTINUATION_RESULTS.md | Note/CODEX_STREAM_SOURCE_SIGN_FIX_RESULTS.md | Note/GPT_REVIEW_PROMPT_STREAM_SOURCE_PICARD.md | outputs/tables/slim_benchmark_stream_source_strength_scan_mdot1_rout300.md | outputs/tables/slim_benchmark_stream_source_strength_scan_mdot1_rout300_slope_picard.md | outputs/tables/slim_benchmark_stream_source_strength_scan_mdot1_rout300_staged.md,,False,keep_referenced_pending_review,scripts/ or documented replacement,Referenced by documentation or tests.
scripts/run_standard_slim_stream_source_tangent_audit.py,512,__future__ | dataclasses | imri_qpe | json | numpy | os | pathlib | run_standard_slim_analytic_seed_audit | run_standard_slim_stream_anchor_regression | scipy | time | typing,,Note/CODEX_STREAM_SOURCE_TANGENT_RESULTS.md | outputs/tables/standard_slim_stream_source_tangent_initial_N768.md | outputs/tables/standard_slim_stream_source_tangent_tangent_polish_N768.md,,False,keep_referenced_pending_review,scripts/ or documented replacement,Referenced by documentation or tests.
scripts/run_standard_slim_stream_torque_annulus_scan.py,468,PIL | __future__ | dataclasses | imri_qpe | json | numpy | os | pathlib | run_standard_slim_adaptive_mdot_ladder | run_standard_slim_analytic_seed_audit | run_standard_slim_mdot_injection_ladder | time | typing,,Note/CODEX_STANDARD_SLIM_MDOT_EQUILIBRATED_CONTINUATION_RESULTS.md | outputs/tables/slim_benchmark_stream_torque_annulus_mdot1_rout300.md | outputs/tables/slim_benchmark_stream_torque_annulus_mdot1_rout300_extended.md,,False,keep_referenced_pending_review,scripts/ or documented replacement,Referenced by documentation or tests.
scripts/run_standard_slim_stream_wind_trigger_audit.py,275,PIL | __future__ | imri_qpe | json | numpy | os | pathlib | run_standard_slim_analytic_seed_audit | run_standard_slim_stream_anchor_regression | typing,run_standard_slim_stream_soft_wind_threshold_scan,Note/CODEX_MDOT5_WIND_SPRINT_RESULTS.md | outputs/tables/high_mdot_stream_m5_wind_trigger_audit.md,,False,keep_dependency_pending_refactor,Move reusable helpers to src/ before retirement.,Imported by another tracked runner.
scripts/run_stream_source_sink_bookkeeping_audit.py,118,__future__ | dataclasses | imri_qpe | json | numpy | pathlib | run_standard_slim_analytic_seed_audit,,Note/CODEX_STREAM_SOURCE_SIGN_FIX_RESULTS.md | Note/CODEX_UPDATED_PLAN_HIGH_MDOT_NOWIND_LIMIT_CYCLE.md | outputs/tables/stream_source_sink_bookkeeping_audit.md,,False,keep_referenced_pending_review,scripts/ or documented replacement,Referenced by documentation or tests.
scripts/run_transonic_B_rank_defect_search.py,476,PIL | __future__ | imri_qpe | json | numpy | os | pathlib | run_transonic_barrier_critical_probe | run_transonic_desingularized_barrier_flow | run_transonic_sonic_reverse_fit | scipy,,Note/CODEX_POST_DESINGULARIZED_FOLD_NEXT_STEPS.md | Note/GPT_REVIEW_PROMPT_POST_FOLD_RANK_DEFECT.md | outputs/tables/transonic_B_rank_defect_search.md,,False,keep_referenced_pending_review,scripts/ or documented replacement,Referenced by documentation or tests.
scripts/run_transonic_adaptive_homotopy.py,203,__future__ | imri_qpe | numpy | pathlib,,outputs/tables/transonic_adaptive_homotopy.md,,False,keep_referenced_pending_review,scripts/ or documented replacement,Referenced by documentation or tests.
scripts/run_transonic_barrier_critical_probe.py,225,__future__ | imri_qpe | json | numpy | os | pathlib | run_transonic_branch_barrier_audit | run_transonic_branch_connection_scan | run_transonic_outer_slope_calibration_audit | run_transonic_sonic_reverse_fit | scipy,run_transonic_B_rank_defect_search | run_transonic_desingularized_barrier_flow | run_transonic_rank_defect_fan_scan | run_transonic_second_critical_flowmap_probe,Note/GPT_HANDOFF_BRANCH_BARRIER_NEXT_STEP.md | outputs/tables/transonic_barrier_critical_probe.md,,False,keep_dependency_pending_refactor,Move reusable helpers to src/ before retirement.,Imported by another tracked runner.
scripts/run_transonic_branch_barrier_audit.py,426,PIL | __future__ | imri_qpe | json | numpy | os | pathlib | run_transonic_branch_connection_scan | run_transonic_outer_slope_calibration_audit | run_transonic_sonic_reverse_fit | run_transonic_two_domain_sonic_flowmap | scipy,run_transonic_barrier_critical_probe | run_transonic_desingularized_barrier_flow | run_transonic_second_critical_flowmap_probe,Note/GPT_HANDOFF_BRANCH_BARRIER_NEXT_STEP.md | outputs/tables/transonic_branch_barrier_audit.md,,False,keep_dependency_pending_refactor,Move reusable helpers to src/ before retirement.,Imported by another tracked runner.
scripts/run_transonic_branch_connection_scan.py,732,PIL | __future__ | dataclasses | imri_qpe | json | matplotlib | numpy | os | pathlib | run_transonic_outer_slope_calibration_audit | run_transonic_reverse_seed_graded_flowmap_bvp | run_transonic_sonic_reverse_fit | run_transonic_two_domain_dynamic_sonic_patch | run_transonic_two_domain_sonic_flowmap | run_transonic_two_domain_sonic_refinement_sprint | scipy,run_transonic_barrier_critical_probe | run_transonic_branch_barrier_audit | run_transonic_lambda_family_fold_map,Note/CODEX_LATEST_FLOWMAP_TAIL_MATCHING_NEXT_STEPS.md | Note/GPT_HANDOFF_BRANCH_BARRIER_NEXT_STEP.md | outputs/tables/transonic_branch_connection_scan.md,,False,keep_dependency_pending_refactor,Move reusable helpers to src/ before retirement.,Imported by another tracked runner.
scripts/run_transonic_coarse_to_fine.py,185,__future__ | imri_qpe | numpy | pathlib,,outputs/tables/transonic_coarse_to_fine.md,,False,keep_referenced_pending_review,scripts/ or documented replacement,Referenced by documentation or tests.
scripts/run_transonic_controlled_slope_rout_continuation.py,389,__future__ | dataclasses | imri_qpe | json | numpy | pathlib | run_transonic_full_slope_tuned_sonic_audit | run_transonic_outer_slope_calibration_audit | scipy | typing,,outputs/tables/transonic_controlled_slope_rout_continuation.md,,False,keep_referenced_pending_review,scripts/ or documented replacement,Referenced by documentation or tests.
scripts/run_transonic_desingularized_barrier_flow.py,424,PIL | __future__ | imri_qpe | json | numpy | os | pathlib | run_transonic_barrier_critical_probe | run_transonic_branch_barrier_audit | run_transonic_outer_slope_calibration_audit | run_transonic_sonic_reverse_fit | scipy,run_transonic_B_rank_defect_search | run_transonic_desingularized_fold_refinement | run_transonic_lambda_family_fold_map | run_transonic_rank_defect_fan_scan,Note/CODEX_POST_DESINGULARIZED_FOLD_NEXT_STEPS.md | Note/CODEX_SECOND_CRITICAL_DESINGULARIZED_DAE_PLAN.md | Note/GPT_REVIEW_PROMPT_DESINGULARIZED_PHASE_SPACE_RESULT.md | outputs/tables/transonic_desingularized_barrier_flow.md | outputs/tables/transonic_desingularized_barrier_flow_ds5e4.md | outputs/tables/transonic_desingularized_barrier_flow_long.md,,False,keep_dependency_pending_refactor,Move reusable helpers to src/ before retirement.,Imported by another tracked runner.
scripts/run_transonic_desingularized_fold_refinement.py,372,PIL | __future__ | imri_qpe | numpy | os | pathlib | run_transonic_desingularized_barrier_flow | run_transonic_outer_slope_calibration_audit | run_transonic_sonic_reverse_fit,,Note/CODEX_POST_DESINGULARIZED_FOLD_NEXT_STEPS.md | Note/GPT_REVIEW_PROMPT_POST_FOLD_RANK_DEFECT.md | outputs/tables/transonic_desingularized_fold_refinement.md,,False,keep_referenced_pending_review,scripts/ or documented replacement,Referenced by documentation or tests.
scripts/run_transonic_fixed_mdot_block_audit.py,396,__future__ | imri_qpe | json | numpy | pathlib | scipy | typing,,Note/CODEX_FIXED_MDOT_OUTER_BC_AND_DEFECT_NEXT_STEPS.md | outputs/tables/transonic_fixed_mdot_block_audit.md,,False,keep_referenced_pending_review,scripts/ or documented replacement,Referenced by documentation or tests.
scripts/run_transonic_fixed_mdot_root_audit.py,450,__future__ | imri_qpe | json | numpy | pathlib | typing,,Note/CODEX_FIXED_MDOT_OUTER_BC_AND_DEFECT_NEXT_STEPS.md | outputs/tables/transonic_fixed_mdot_root_audit.md,,False,keep_referenced_pending_review,scripts/ or documented replacement,Referenced by documentation or tests.
scripts/run_transonic_full_slope_best_polish.py,126,__future__ | imri_qpe | numpy | run_transonic_full_slope_sensitivity_audit | run_transonic_full_slope_tuned_sonic_audit,,outputs/tables/transonic_full_slope_best_polish.md,,False,keep_referenced_pending_review,scripts/ or documented replacement,Referenced by documentation or tests.
scripts/run_transonic_full_slope_match_audit.py,347,__future__ | dataclasses | imri_qpe | json | numpy | pathlib | scipy | typing,,Note/CODEX_E8D9CFA_FIXED_MDOT_RESIDUAL_FLOOR_NEXT_STEPS.md | outputs/tables/transonic_full_slope_match_audit.md,,False,keep_referenced_pending_review,scripts/ or documented replacement,Referenced by documentation or tests.
scripts/run_transonic_full_slope_sensitivity_audit.py,294,__future__ | dataclasses | imri_qpe | json | numpy | pathlib | scipy | typing,run_transonic_full_slope_best_polish | run_transonic_full_slope_tuned_sonic_audit | run_transonic_outer_slope_calibration_audit | run_transonic_outer_slope_law_audit,outputs/tables/transonic_full_slope_sensitivity_audit.md,,False,keep_dependency_pending_refactor,Move reusable helpers to src/ before retirement.,Imported by another tracked runner.
scripts/run_transonic_full_slope_tuned_sonic_audit.py,293,__future__ | dataclasses | imri_qpe | json | numpy | pathlib | run_transonic_full_slope_sensitivity_audit | scipy | typing,run_transonic_controlled_slope_rout_continuation | run_transonic_full_slope_best_polish | run_transonic_integrated_defect_slope_law_audit | run_transonic_outer_slope_calibration_audit | run_transonic_outer_slope_law_audit | run_transonic_slope_law_nested_grid_audit | run_transonic_slope_prior_scan | run_transonic_slope_unknown_root | run_transonic_staged_resolution_continuation | run_transonic_trapezoid_collocation_audit,outputs/tables/transonic_full_slope_tuned_sonic_audit.md,,False,keep_dependency_pending_refactor,Move reusable helpers to src/ before retirement.,Imported by another tracked runner.
scripts/run_transonic_global_family_continuation.py,654,PIL | __future__ | imri_qpe | json | matplotlib | numpy | os | pathlib | run_transonic_lambda_family_fold_map | run_transonic_outer_slope_calibration_audit | run_transonic_two_domain_dynamic_sonic_patch | run_transonic_two_domain_outer_extension | run_transonic_two_domain_sonic_refinement_sprint | scipy | typing,,Note/CODEX_POST_FOLD_GLOBAL_FAMILY_AND_RANK_DEFECT_PLAN.md | outputs/tables/transonic_global_family_continuation.md | outputs/tables/transonic_global_family_continuation_negative.md,,False,keep_referenced_pending_review,scripts/ or documented replacement,Referenced by documentation or tests.
scripts/run_transonic_grid_convergence.py,168,__future__ | imri_qpe | numpy | pathlib,,outputs/tables/transonic_grid_convergence.md,,False,keep_referenced_pending_review,scripts/ or documented replacement,Referenced by documentation or tests.
scripts/run_transonic_high_rate_ladder.py,286,__future__ | imri_qpe | numpy | pathlib,,outputs/tables/transonic_high_rate_ladder.md,,False,keep_referenced_pending_review,scripts/ or documented replacement,Referenced by documentation or tests.
scripts/run_transonic_high_rate_probe.py,142,__future__ | imri_qpe | numpy | pathlib,,outputs/tables/transonic_high_rate_probe.md,,False,keep_referenced_pending_review,scripts/ or documented replacement,Referenced by documentation or tests.
scripts/run_transonic_homotopy_low_mdot.py,142,__future__ | imri_qpe | numpy | pathlib,,outputs/tables/transonic_homotopy_low_mdot.md,,False,keep_referenced_pending_review,scripts/ or documented replacement,Referenced by documentation or tests.
scripts/run_transonic_integrated_defect_audit.py,310,__future__ | dataclasses | imri_qpe | json | numpy | pathlib | scipy | typing,,Note/CODEX_FIXED_MDOT_OUTER_BC_AND_DEFECT_NEXT_STEPS.md | outputs/tables/transonic_integrated_defect_audit.md,,False,keep_referenced_pending_review,scripts/ or documented replacement,Referenced by documentation or tests.
scripts/run_transonic_integrated_defect_slope_law_audit.py,302,__future__ | dataclasses | imri_qpe | json | numpy | pathlib | run_transonic_full_slope_tuned_sonic_audit | run_transonic_outer_slope_calibration_audit | scipy | typing,,Note/CODEX_SLOPE_LAW_GRID_VALIDATION_NEXT_STEPS.md | outputs/tables/transonic_integrated_defect_slope_law_audit.md,,False,keep_referenced_pending_review,scripts/ or documented replacement,Referenced by documentation or tests.
scripts/run_transonic_interval_residual_profile.py,464,PIL | __future__ | dataclasses | imri_qpe | json | numpy | pathlib | run_transonic_outer_slope_calibration_audit | typing,,Note/CODEX_LATEST_GRID_OUTER_EXTENSION_NEXT_STEPS.md | outputs/tables/transonic_interval_residual_profile.md,,False,keep_referenced_pending_review,scripts/ or documented replacement,Referenced by documentation or tests.
scripts/run_transonic_lambda_family_fold_map.py,461,PIL | __future__ | imri_qpe | json | numpy | os | pathlib | run_transonic_branch_connection_scan | run_transonic_desingularized_barrier_flow | run_transonic_outer_slope_calibration_audit | run_transonic_sonic_reverse_fit | run_transonic_two_domain_sonic_flowmap,run_transonic_global_family_continuation,Note/CODEX_POST_DESINGULARIZED_FOLD_NEXT_STEPS.md | Note/GPT_REVIEW_PROMPT_POST_FOLD_RANK_DEFECT.md | outputs/tables/transonic_lambda_family_fold_map.md,,False,keep_dependency_pending_refactor,Move reusable helpers to src/ before retirement.,Imported by another tracked runner.
scripts/run_transonic_matched_outer_state_audit.py,310,__future__ | dataclasses | imri_qpe | json | numpy | pathlib | scipy | typing,,outputs/tables/transonic_matched_outer_state_audit.md,,False,keep_referenced_pending_review,scripts/ or documented replacement,Referenced by documentation or tests.
scripts/run_transonic_n64_arclength.py,322,__future__ | imri_qpe | numpy | pathlib,,outputs/tables/transonic_n64_arclength.md,,False,keep_referenced_pending_review,scripts/ or documented replacement,Referenced by documentation or tests.
scripts/run_transonic_n64_arclength_adaptive.py,588,__future__ | imri_qpe | json | numpy | pathlib | typing,,Note/CODEX_ARCLENGTH_GLOBAL_JACOBIAN_ABOVE_EDDINGTON.md | outputs/tables/transonic_n64_arclength_adaptive.md,,False,keep_referenced_pending_review,scripts/ or documented replacement,Referenced by documentation or tests.
scripts/run_transonic_n64_dense_high_rate.py,277,__future__ | imri_qpe | numpy | pathlib,,outputs/tables/transonic_n64_dense_high_rate.md,,False,keep_referenced_pending_review,scripts/ or documented replacement,Referenced by documentation or tests.
scripts/run_transonic_outer_boundary_sweep.py,260,__future__ | imri_qpe | numpy | pathlib,,outputs/tables/transonic_outer_boundary_sweep.md,,False,keep_referenced_pending_review,scripts/ or documented replacement,Referenced by documentation or tests.
scripts/run_transonic_outer_closure_audit.py,302,__future__ | imri_qpe | numpy | pathlib | scipy,,Note/CODEX_FIXED_MDOT_OUTER_BC_AND_DEFECT_NEXT_STEPS.md | outputs/tables/transonic_outer_closure_audit.md,,False,keep_referenced_pending_review,scripts/ or documented replacement,Referenced by documentation or tests.
scripts/run_transonic_outer_slope_calibration_audit.py,414,__future__ | dataclasses | imri_qpe | json | numpy | pathlib | run_transonic_full_slope_sensitivity_audit | run_transonic_full_slope_tuned_sonic_audit | scipy | typing,run_transonic_barrier_critical_probe | run_transonic_branch_barrier_audit | run_transonic_branch_connection_scan | run_transonic_controlled_slope_rout_continuation | run_transonic_desingularized_barrier_flow | run_transonic_desingularized_fold_refinement | run_transonic_global_family_continuation | run_transonic_integrated_defect_slope_law_audit | run_transonic_interval_residual_profile | run_transonic_lambda_family_fold_map | run_transonic_outer_slope_law_audit | run_transonic_rank_defect_fan_scan | run_transonic_reverse_seed_flowmap_bvp | run_transonic_reverse_seed_graded_flowmap_bvp | run_transonic_second_critical_flowmap_probe | run_transonic_short_join_free_tail_scan | run_transonic_slope_law_nested_grid_audit | run_transonic_slope_prior_scan | run_transonic_slope_unknown_root | run_transonic_sonic_backward_shooting_audit | run_transonic_sonic_derivative_root_scan | run_transonic_sonic_reverse_fit | run_transonic_staged_resolution_continuation | run_transonic_trapezoid_collocation_audit | run_transonic_two_domain_direct_regular_refinement | run_transonic_two_domain_dynamic_sonic_patch | run_transonic_two_domain_inner_refinement | run_transonic_two_domain_mesh_validation | run_transonic_two_domain_outer_extension | run_transonic_two_domain_residual_localization | run_transonic_two_domain_sonic_flowmap | run_transonic_two_domain_sonic_microdomain | run_transonic_two_domain_sonic_refinement_sprint | run_transonic_two_domain_sonic_taylor_patch | run_transonic_two_domain_staged_regular_refinement,outputs/tables/transonic_outer_slope_calibration_audit.md,,False,keep_dependency_pending_refactor,Move reusable helpers to src/ before retirement.,Imported by another tracked runner.
scripts/run_transonic_outer_slope_law_audit.py,408,__future__ | dataclasses | imri_qpe | json | numpy | pathlib | run_transonic_full_slope_sensitivity_audit | run_transonic_full_slope_tuned_sonic_audit | run_transonic_outer_slope_calibration_audit | scipy | typing,,Note/CODEX_SLOPE_LAW_GRID_VALIDATION_NEXT_STEPS.md | outputs/tables/transonic_outer_slope_law_audit.md,,False,keep_referenced_pending_review,scripts/ or documented replacement,Referenced by documentation or tests.
scripts/run_transonic_outer_thermal_match_audit.py,495,__future__ | dataclasses | imri_qpe | json | numpy | pathlib | scipy | typing,run_transonic_rout_continuation_audit | run_transonic_symmetric_sonic_polish_audit,outputs/tables/transonic_outer_thermal_match_audit.md,,False,keep_dependency_pending_refactor,Move reusable helpers to src/ before retirement.,Imported by another tracked runner.
scripts/run_transonic_point6_polish_resume.py,461,__future__ | imri_qpe | json | numpy | pathlib | typing,,Note/CODEX_TRANSonic_POINT6_STALL_FOLD_N96_NEXT_STEPS.md | outputs/tables/transonic_point6_polish_resume.md,,False,keep_referenced_pending_review,scripts/ or documented replacement,Referenced by documentation or tests.
scripts/run_transonic_pressure_supported_outer_audit.py,342,__future__ | imri_qpe | json | numpy | pathlib | scipy | typing,,Note/CODEX_FIXED_MDOT_OUTER_BC_AND_DEFECT_NEXT_STEPS.md | outputs/tables/transonic_pressure_supported_outer_audit.md,,False,keep_referenced_pending_review,scripts/ or documented replacement,Referenced by documentation or tests.
scripts/run_transonic_rank_defect_fan_scan.py,432,PIL | __future__ | imri_qpe | json | numpy | os | pathlib | run_transonic_barrier_critical_probe | run_transonic_desingularized_barrier_flow | run_transonic_outer_slope_calibration_audit | run_transonic_sonic_reverse_fit,,Note/CODEX_POST_FOLD_GLOBAL_FAMILY_AND_RANK_DEFECT_PLAN.md | outputs/tables/transonic_rank_defect_fan_scan.md,,False,keep_referenced_pending_review,scripts/ or documented replacement,Referenced by documentation or tests.
scripts/run_transonic_resolution_ladder.py,164,__future__ | imri_qpe | numpy | pathlib,,outputs/tables/transonic_resolution_ladder.md,,False,keep_referenced_pending_review,scripts/ or documented replacement,Referenced by documentation or tests.
scripts/run_transonic_reverse_seed_flowmap_bvp.py,192,__future__ | imri_qpe | numpy | os | pathlib | run_transonic_outer_slope_calibration_audit | run_transonic_sonic_reverse_fit | run_transonic_two_domain_dynamic_sonic_patch | run_transonic_two_domain_sonic_flowmap | run_transonic_two_domain_sonic_refinement_sprint,,outputs/tables/transonic_reverse_seed_flowmap_bvp.md,,False,keep_referenced_pending_review,scripts/ or documented replacement,Referenced by documentation or tests.
scripts/run_transonic_reverse_seed_graded_flowmap_bvp.py,806,__future__ | dataclasses | imri_qpe | json | numpy | os | pathlib | run_transonic_outer_slope_calibration_audit | run_transonic_sonic_reverse_fit | run_transonic_two_domain_dynamic_sonic_patch | run_transonic_two_domain_outer_extension | run_transonic_two_domain_sonic_flowmap | run_transonic_two_domain_sonic_refinement_sprint | scipy,run_transonic_branch_connection_scan | run_transonic_short_join_free_tail_scan,Note/CODEX_LATEST_FLOWMAP_TAIL_MATCHING_NEXT_STEPS.md | outputs/tables/transonic_reverse_seed_graded_flowmap_bvp.md | outputs/tables/transonic_reverse_seed_graded_flowmap_bvp_eps0p001.md | outputs/tables/transonic_reverse_seed_graded_flowmap_bvp_eps0p002.md | outputs/tables/transonic_reverse_seed_graded_flowmap_bvp_eps0p002_strong.md | outputs/tables/transonic_reverse_seed_graded_flowmap_bvp_eps0p005.md | outputs/tables/transonic_reverse_seed_graded_flowmap_bvp_eps0p005_strong.md | outputs/tables/transonic_reverse_seed_graded_flowmap_bvp_eps0p005_stronger_branch1.md | outputs/tables/transonic_reverse_seed_transition_shell_capped_seed.md | outputs/tables/transonic_reverse_seed_transition_shell_hermite_seed.md | outputs/tables/transonic_reverse_seed_transition_shell_seed_scan.md | outputs/tables/transonic_reverse_seed_transition_shell_smoke.md | outputs/tables/transonic_reverse_seed_transition_shell_solve_eps0p001_N96.md | outputs/tables/transonic_reverse_seed_transition_shell_solve_short_eps0p001_N96.md | outputs/tables/transonic_reverse_seed_transition_shell_solve_short_eps0p002_N128.md | outputs/tables/transonic_reverse_seed_transition_shell_solve_short_eps0p002_N96.md | outputs/tables/transonic_tail_continuation_smoke.md | outputs/tables/transonic_tail_extent_0p05_smoke.md | outputs/tables/transonic_tail_extent_0p05_solve.md | outputs/tables/transonic_tail_extent_smoke.md | outputs/tables/transonic_tail_extent_smoke_ode_remap.md | outputs/tables/transonic_tail_weighted_continuation_eps0p001_N96.md | outputs/tables/transonic_tail_weighted_continuation_eps0p002_N96.md,,False,keep_dependency_pending_refactor,Move reusable helpers to src/ before retirement.,Imported by another tracked runner.
scripts/run_transonic_rout_continuation_audit.py,261,__future__ | dataclasses | imri_qpe | json | numpy | pathlib | run_transonic_outer_thermal_match_audit | typing,,outputs/tables/transonic_rout_continuation_audit.md,,False,keep_referenced_pending_review,scripts/ or documented replacement,Referenced by documentation or tests.
scripts/run_transonic_second_critical_flowmap_probe.py,253,__future__ | imri_qpe | json | numpy | os | pathlib | run_transonic_barrier_critical_probe | run_transonic_branch_barrier_audit | run_transonic_outer_slope_calibration_audit | run_transonic_sonic_reverse_fit | run_transonic_two_domain_sonic_flowmap | scipy,,Note/GPT_HANDOFF_BRANCH_BARRIER_NEXT_STEP.md | outputs/tables/transonic_second_critical_flowmap_probe.md,,False,keep_referenced_pending_review,scripts/ or documented replacement,Referenced by documentation or tests.
scripts/run_transonic_short_join_free_tail_scan.py,219,__future__ | dataclasses | imri_qpe | numpy | os | pathlib | run_transonic_outer_slope_calibration_audit | run_transonic_reverse_seed_graded_flowmap_bvp | run_transonic_sonic_reverse_fit | run_transonic_two_domain_dynamic_sonic_patch | run_transonic_two_domain_sonic_flowmap,,Note/GPT_HANDOFF_BRANCH_BARRIER_NEXT_STEP.md | outputs/tables/transonic_short_join_free_tail_scan.md,,False,keep_referenced_pending_review,scripts/ or documented replacement,Referenced by documentation or tests.
scripts/run_transonic_slope_law_nested_grid_audit.py,287,__future__ | dataclasses | imri_qpe | json | numpy | pathlib | run_transonic_full_slope_tuned_sonic_audit | run_transonic_outer_slope_calibration_audit | scipy | typing,,Note/CODEX_SLOPE_LAW_GRID_VALIDATION_NEXT_STEPS.md | outputs/tables/transonic_slope_law_nested_grid_audit.md,,False,keep_referenced_pending_review,scripts/ or documented replacement,Referenced by documentation or tests.
scripts/run_transonic_slope_prior_scan.py,594,PIL | __future__ | dataclasses | imri_qpe | json | numpy | pathlib | run_transonic_full_slope_tuned_sonic_audit | run_transonic_outer_slope_calibration_audit | run_transonic_slope_unknown_root | scipy | typing,,Note/CODEX_LATEST_GRID_OUTER_EXTENSION_NEXT_STEPS.md | outputs/tables/transonic_slope_prior_scan.md,,False,keep_referenced_pending_review,scripts/ or documented replacement,Referenced by documentation or tests.
scripts/run_transonic_slope_unknown_root.py,491,__future__ | dataclasses | imri_qpe | json | numpy | pathlib | run_transonic_full_slope_tuned_sonic_audit | run_transonic_outer_slope_calibration_audit | scipy | typing,run_transonic_slope_prior_scan | run_transonic_staged_resolution_continuation | run_transonic_trapezoid_collocation_audit | run_transonic_two_domain_outer_extension,Note/CODEX_42BBBB8_SLOPE_GRID_VALIDATION_NEXT_STEPS.md | outputs/tables/transonic_slope_unknown_root.md,,False,keep_dependency_pending_refactor,Move reusable helpers to src/ before retirement.,Imported by another tracked runner.
scripts/run_transonic_sonic_backward_shooting_audit.py,433,PIL | __future__ | dataclasses | imri_qpe | matplotlib | numpy | os | pathlib | run_transonic_outer_slope_calibration_audit | run_transonic_two_domain_dynamic_sonic_patch | run_transonic_two_domain_sonic_refinement_sprint | scipy,,Note/CODEX_FLOWMAP_FAILURE_BACKWARD_SHOOTING_MICROGRID_PLAN.md | outputs/tables/transonic_sonic_backward_shooting_audit.md,,False,keep_referenced_pending_review,scripts/ or documented replacement,Referenced by documentation or tests.
scripts/run_transonic_sonic_derivative_root_scan.py,324,__future__ | imri_qpe | numpy | pathlib | run_transonic_outer_slope_calibration_audit | run_transonic_two_domain_dynamic_sonic_patch | run_transonic_two_domain_mesh_validation | run_transonic_two_domain_outer_extension | run_transonic_two_domain_sonic_refinement_sprint | scipy,,Note/CODEX_OFFSET_SONIC_FLOWMAP_NEXT_STRATEGY.md | Note/CODEX_SONIC_TAYLOR_REGULARITY_PATCH_PLAN.md | Note/GPT_TAYLOR_LHOPITAL_NEXT_STEP.md | outputs/tables/transonic_sonic_derivative_roots.md | outputs/tables/transonic_sonic_lhopital_audit.md,,False,keep_referenced_pending_review,scripts/ or documented replacement,Referenced by documentation or tests.
scripts/run_transonic_sonic_reverse_fit.py,439,__future__ | dataclasses | imri_qpe | json | numpy | os | pathlib | run_transonic_outer_slope_calibration_audit | run_transonic_two_domain_dynamic_sonic_patch | run_transonic_two_domain_sonic_refinement_sprint | scipy,run_transonic_B_rank_defect_search | run_transonic_barrier_critical_probe | run_transonic_branch_barrier_audit | run_transonic_branch_connection_scan | run_transonic_desingularized_barrier_flow | run_transonic_desingularized_fold_refinement | run_transonic_lambda_family_fold_map | run_transonic_rank_defect_fan_scan | run_transonic_reverse_seed_flowmap_bvp | run_transonic_reverse_seed_graded_flowmap_bvp | run_transonic_second_critical_flowmap_probe | run_transonic_short_join_free_tail_scan,Note/CODEX_FLOWMAP_FAILURE_BACKWARD_SHOOTING_MICROGRID_PLAN.md | outputs/tables/transonic_sonic_reverse_fit.md,,False,keep_dependency_pending_refactor,Move reusable helpers to src/ before retirement.,Imported by another tracked runner.
scripts/run_transonic_square_anchor_continuation.py,374,__future__ | imri_qpe | json | numpy | pathlib | typing,,outputs/tables/transonic_square_anchor_continuation.md,,False,keep_referenced_pending_review,scripts/ or documented replacement,Referenced by documentation or tests.
scripts/run_transonic_square_arclength_smoke.py,182,__future__ | imri_qpe | numpy | pathlib,,outputs/tables/transonic_square_arclength_smoke.md,,False,keep_referenced_pending_review,scripts/ or documented replacement,Referenced by documentation or tests.
scripts/run_transonic_square_jacobian_audit.py,124,__future__ | imri_qpe | numpy | pathlib,,outputs/tables/transonic_square_jacobian_audit.md,,False,keep_referenced_pending_review,scripts/ or documented replacement,Referenced by documentation or tests.
scripts/run_transonic_square_polish.py,198,__future__ | imri_qpe | numpy | pathlib,,outputs/tables/transonic_square_polish.md,,False,keep_referenced_pending_review,scripts/ or documented replacement,Referenced by documentation or tests.
scripts/run_transonic_staged_resolution_continuation.py,662,__future__ | dataclasses | imri_qpe | json | numpy | pathlib | run_transonic_full_slope_tuned_sonic_audit | run_transonic_outer_slope_calibration_audit | run_transonic_slope_unknown_root | scipy | typing,run_transonic_trapezoid_collocation_audit | run_transonic_two_domain_outer_extension,Note/CODEX_42BBBB8_SLOPE_GRID_VALIDATION_NEXT_STEPS.md | outputs/tables/transonic_staged_resolution_continuation.md,,False,keep_dependency_pending_refactor,Move reusable helpers to src/ before retirement.,Imported by another tracked runner.
scripts/run_transonic_symmetric_sonic_polish_audit.py,322,__future__ | dataclasses | imri_qpe | json | numpy | pathlib | run_transonic_outer_thermal_match_audit | scipy | typing,,outputs/tables/transonic_symmetric_sonic_polish_audit.md,,False,keep_referenced_pending_review,scripts/ or documented replacement,Referenced by documentation or tests.
scripts/run_transonic_trapezoid_collocation_audit.py,491,__future__ | dataclasses | imri_qpe | json | numpy | pathlib | run_transonic_full_slope_tuned_sonic_audit | run_transonic_outer_slope_calibration_audit | run_transonic_slope_unknown_root | run_transonic_staged_resolution_continuation | scipy | typing,,Note/CODEX_42BBBB8_SLOPE_GRID_VALIDATION_NEXT_STEPS.md | outputs/tables/transonic_trapezoid_collocation_audit.md,,False,keep_referenced_pending_review,scripts/ or documented replacement,Referenced by documentation or tests.
scripts/run_transonic_two_domain_direct_regular_refinement.py,216,__future__ | imri_qpe | json | numpy | pathlib | run_transonic_outer_slope_calibration_audit | run_transonic_two_domain_mesh_validation | run_transonic_two_domain_sonic_refinement_sprint,,outputs/tables/transonic_two_domain_direct_regular_refinement.md,,False,keep_referenced_pending_review,scripts/ or documented replacement,Referenced by documentation or tests.
scripts/run_transonic_two_domain_dynamic_sonic_patch.py,421,__future__ | imri_qpe | json | numpy | pathlib | run_transonic_outer_slope_calibration_audit | run_transonic_two_domain_mesh_validation | run_transonic_two_domain_outer_extension | run_transonic_two_domain_sonic_refinement_sprint | scipy | typing,run_transonic_branch_connection_scan | run_transonic_global_family_continuation | run_transonic_reverse_seed_flowmap_bvp | run_transonic_reverse_seed_graded_flowmap_bvp | run_transonic_short_join_free_tail_scan | run_transonic_sonic_backward_shooting_audit | run_transonic_sonic_derivative_root_scan | run_transonic_sonic_reverse_fit | run_transonic_two_domain_sonic_flowmap | run_transonic_two_domain_sonic_microdomain | run_transonic_two_domain_sonic_taylor_patch,Note/CODEX_SONIC_TAYLOR_REGULARITY_PATCH_PLAN.md | Note/GPT_SONIC_REGULARITY_HANDOFF.md | outputs/tables/transonic_two_domain_dynamic_sonic_patch.md,,False,keep_dependency_pending_refactor,Move reusable helpers to src/ before retirement.,Imported by another tracked runner.
scripts/run_transonic_two_domain_inner_refinement.py,433,__future__ | imri_qpe | json | numpy | pathlib | run_transonic_outer_slope_calibration_audit | run_transonic_two_domain_mesh_validation | run_transonic_two_domain_outer_extension | scipy | typing,,Note/CODEX_TWO_DOMAIN_INNER_REFINEMENT_NEXT_STEPS.md | outputs/tables/transonic_two_domain_inner_refinement.md,,False,keep_referenced_pending_review,scripts/ or documented replacement,Referenced by documentation or tests.
scripts/run_transonic_two_domain_mesh_validation.py,567,__future__ | dataclasses | imri_qpe | json | numpy | pathlib | run_transonic_outer_slope_calibration_audit | run_transonic_two_domain_outer_extension | typing,run_transonic_sonic_derivative_root_scan | run_transonic_two_domain_direct_regular_refinement | run_transonic_two_domain_dynamic_sonic_patch | run_transonic_two_domain_inner_refinement | run_transonic_two_domain_residual_localization | run_transonic_two_domain_sonic_flowmap | run_transonic_two_domain_sonic_microdomain | run_transonic_two_domain_sonic_refinement_sprint | run_transonic_two_domain_sonic_taylor_patch | run_transonic_two_domain_staged_regular_refinement | run_transonic_two_domain_staged_regular_resume,outputs/tables/transonic_two_domain_mesh_validation.md,,False,keep_dependency_pending_refactor,Move reusable helpers to src/ before retirement.,Imported by another tracked runner.
scripts/run_transonic_two_domain_outer_extension.py,718,__future__ | dataclasses | imri_qpe | json | numpy | pathlib | run_transonic_outer_slope_calibration_audit | run_transonic_slope_unknown_root | run_transonic_staged_resolution_continuation | scipy | typing,run_transonic_global_family_continuation | run_transonic_reverse_seed_graded_flowmap_bvp | run_transonic_sonic_derivative_root_scan | run_transonic_two_domain_dynamic_sonic_patch | run_transonic_two_domain_inner_refinement | run_transonic_two_domain_mesh_validation | run_transonic_two_domain_residual_localization | run_transonic_two_domain_sonic_flowmap | run_transonic_two_domain_sonic_microdomain | run_transonic_two_domain_sonic_refinement_sprint | run_transonic_two_domain_sonic_taylor_patch | run_transonic_two_domain_staged_regular_refinement,Note/CODEX_LATEST_GRID_OUTER_EXTENSION_NEXT_STEPS.md | outputs/tables/transonic_two_domain_outer_extension.md,,False,keep_dependency_pending_refactor,Move reusable helpers to src/ before retirement.,Imported by another tracked runner.
scripts/run_transonic_two_domain_residual_localization.py,743,PIL | __future__ | dataclasses | imri_qpe | numpy | pathlib | run_transonic_outer_slope_calibration_audit | run_transonic_two_domain_mesh_validation | run_transonic_two_domain_outer_extension,,Note/CODEX_TWO_DOMAIN_INNER_REFINEMENT_NEXT_STEPS.md | outputs/tables/transonic_two_domain_inner_residual_profile.md | outputs/tables/transonic_two_domain_inner_residual_profile_N65.md | outputs/tables/transonic_two_domain_inner_residual_profile_N67.md | outputs/tables/transonic_two_domain_inner_residual_profile_N77.md | outputs/tables/transonic_two_domain_inner_residual_profile_N81.md | outputs/tables/transonic_two_domain_sonic_scaling.md,,False,keep_referenced_pending_review,scripts/ or documented replacement,Referenced by documentation or tests.
scripts/run_transonic_two_domain_sonic_flowmap.py,2537,__future__ | dataclasses | imri_qpe | json | numpy | os | pathlib | run_transonic_outer_slope_calibration_audit | run_transonic_two_domain_dynamic_sonic_patch | run_transonic_two_domain_mesh_validation | run_transonic_two_domain_outer_extension | run_transonic_two_domain_sonic_refinement_sprint | scipy | typing,run_transonic_branch_barrier_audit | run_transonic_branch_connection_scan | run_transonic_lambda_family_fold_map | run_transonic_reverse_seed_flowmap_bvp | run_transonic_reverse_seed_graded_flowmap_bvp | run_transonic_second_critical_flowmap_probe | run_transonic_short_join_free_tail_scan,Note/CODEX_FLOWMAP_FAILURE_BACKWARD_SHOOTING_MICROGRID_PLAN.md | outputs/tables/transonic_sonic_adjugate_lhopital_audit.md | outputs/tables/transonic_sonic_flowmap_branch_audit.md | outputs/tables/transonic_sonic_flowmap_constrained_fit.md | outputs/tables/transonic_sonic_flowmap_fit.md | outputs/tables/transonic_sonic_flowmap_smooth_fit.md | outputs/tables/transonic_two_domain_sonic_flowmap_bvp.md | outputs/tables/transonic_two_domain_sonic_flowmap_microdomain_scan.md | outputs/tables/transonic_two_domain_sonic_flowmap_smooth_bvp.md,,False,keep_dependency_pending_refactor,Move reusable helpers to src/ before retirement.,Imported by another tracked runner.
scripts/run_transonic_two_domain_sonic_microdomain.py,637,__future__ | dataclasses | imri_qpe | json | numpy | os | pathlib | run_transonic_outer_slope_calibration_audit | run_transonic_two_domain_dynamic_sonic_patch | run_transonic_two_domain_mesh_validation | run_transonic_two_domain_outer_extension | run_transonic_two_domain_sonic_refinement_sprint | scipy | typing,,Note/CODEX_SONIC_TAYLOR_REGULARITY_PATCH_PLAN.md | Note/GPT_SONIC_REGULARITY_HANDOFF.md | outputs/tables/transonic_two_domain_sonic_microdomain.md,,False,keep_referenced_pending_review,scripts/ or documented replacement,Referenced by documentation or tests.
scripts/run_transonic_two_domain_sonic_refinement_sprint.py,1070,__future__ | dataclasses | imri_qpe | json | numpy | pathlib | run_transonic_outer_slope_calibration_audit | run_transonic_two_domain_mesh_validation | run_transonic_two_domain_outer_extension | scipy | typing,run_transonic_branch_connection_scan | run_transonic_global_family_continuation | run_transonic_reverse_seed_flowmap_bvp | run_transonic_reverse_seed_graded_flowmap_bvp | run_transonic_sonic_backward_shooting_audit | run_transonic_sonic_derivative_root_scan | run_transonic_sonic_reverse_fit | run_transonic_two_domain_direct_regular_refinement | run_transonic_two_domain_dynamic_sonic_patch | run_transonic_two_domain_sonic_flowmap | run_transonic_two_domain_sonic_microdomain | run_transonic_two_domain_sonic_taylor_patch | run_transonic_two_domain_staged_regular_refinement | run_transonic_two_domain_staged_regular_resume,Note/GPT_SONIC_REGULARITY_HANDOFF.md | outputs/tables/transonic_two_domain_defect_preserving_refinement.md | outputs/tables/transonic_two_domain_nested_regular_refinement.md | outputs/tables/transonic_two_domain_sonic_buffer_refinement.md | outputs/tables/transonic_two_domain_sonic_focused_polish.md,,False,keep_dependency_pending_refactor,Move reusable helpers to src/ before retirement.,Imported by another tracked runner.
scripts/run_transonic_two_domain_sonic_taylor_patch.py,617,__future__ | imri_qpe | json | numpy | os | pathlib | run_transonic_outer_slope_calibration_audit | run_transonic_two_domain_dynamic_sonic_patch | run_transonic_two_domain_mesh_validation | run_transonic_two_domain_outer_extension | run_transonic_two_domain_sonic_refinement_sprint | scipy | typing,,Note/CODEX_OFFSET_SONIC_FLOWMAP_NEXT_STRATEGY.md | Note/CODEX_SONIC_TAYLOR_REGULARITY_PATCH_PLAN.md | Note/GPT_TAYLOR_LHOPITAL_NEXT_STEP.md | outputs/tables/transonic_two_domain_sonic_taylor_patch.md,,False,keep_referenced_pending_review,scripts/ or documented replacement,Referenced by documentation or tests.
scripts/run_transonic_two_domain_staged_regular_refinement.py,556,__future__ | dataclasses | imri_qpe | json | numpy | pathlib | run_transonic_outer_slope_calibration_audit | run_transonic_two_domain_mesh_validation | run_transonic_two_domain_outer_extension | run_transonic_two_domain_sonic_refinement_sprint | scipy,run_transonic_two_domain_staged_regular_resume,outputs/tables/transonic_two_domain_staged_regular_refinement.md | outputs/tables/transonic_two_domain_staged_regular_refinement_resume.md,,False,keep_dependency_pending_refactor,Move reusable helpers to src/ before retirement.,Imported by another tracked runner.
scripts/run_transonic_two_domain_staged_regular_resume.py,165,__future__ | imri_qpe | numpy | run_transonic_two_domain_mesh_validation | run_transonic_two_domain_sonic_refinement_sprint | run_transonic_two_domain_staged_regular_refinement,,,,False,archive_candidate_review,legacy tag and verified artifact archive,"No detected imports, tests, or documentation references."
scripts/summarize_mdot5_wind_mesh_validation.py,140,__future__ | json | math | pathlib | typing,,outputs/tables/m5_energy_wind_mesh_validation_summary.md,,False,keep_referenced_pending_review,scripts/ or documented replacement,Referenced by documentation or tests.
